,year,month,day,tp,ssr,temp,wind_speed,wind_direct,dvs,wlv,wst,wso,tagp,lai
0,2019,6,14,0.0004046903804487,25318330.73825878,302.9433632954267,20.58371164710203,180.37894924223693,0.0,8,3,0,10,0.01
1,2019,6,15,0.0,22473854.325964592,303.7189343364232,56.98921367743152,178.81270623759622,0.02,9,3,0,12,0.01
2,2019,6,16,2.039137575901573e-05,23113384.257587783,300.3102637828193,44.14401083842656,177.64793128097452,0.04,10,3,0,13,0.02
3,2019,6,17,2.666564522332826e-05,24944331.55165146,302.7827604775408,46.24729794424624,180.3237857904153,0.07,11,4,0,15,0.02
4,2019,6,18,2.039137575901573e-05,26367003.63156492,304.54811079869245,72.42662654360599,180.4939128415904,0.09,13,5,0,17,0.02
5,2019,6,19,0.0165923055983999,23848800.29157781,304.6859968709308,62.35345351210104,180.2251168118141,0.11,15,5,0,20,0.02
6,2019,6,20,0.0328583491846552,15509746.502027128,301.831431957468,53.91113633074657,180.70763857718404,0.13,17,6,0,23,0.03
7,2019,6,21,0.0093612100407686,23686965.37672337,301.6034107172647,90.43539796174332,178.1654210082495,0.15,18,7,0,25,0.03
8,2019,6,22,0.0,25995173.813789427,302.0944583305617,60.59326559141624,178.33396068250423,0.17,20,8,0,29,0.03
9,2019,6,23,2.3528510491171994e-05,27358839.06147714,303.47722206427926,47.8372147601519,179.44678915509243,0.2,23,10,0,33,0.04
10,2019,6,24,2.666564522332826e-05,26316674.274666484,303.5761085154666,104.90764510257392,180.13782831119062,0.22,27,12,0,39,0.05
11,2019,6,25,1.568567366078133e-05,24580745.33543692,301.1907892379345,97.44045147987372,179.76195963240346,0.24,31,14,0,46,0.05
12,2019,6,26,4.705702098234399e-06,25194676.714844525,301.9707206744042,36.14125644933556,179.9809324933818,0.26,35,17,0,53,0.06
13,2019,6,27,0.0094521869480013,20894553.81639308,303.1975774007456,61.92076206461039,180.4777518935314,0.28,41,21,0,62,0.07
14,2019,6,28,0.2438667369719085,4154836.162467763,296.4777505923036,46.63087769600767,180.5903116461846,0.3,47,25,0,71,0.09
15,2019,6,29,2.3528510491171994e-05,25634190.84017308,303.5583010262612,18.39210359255529,181.4726312829137,0.32,50,27,0,78,0.09
16,2019,6,30,0.0,27571437.20699638,301.42402465734006,32.22056489659153,177.31288264145604,0.34,58,33,0,91,0.11
17,2019,7,1,2.195994312509386e-05,26836888.92053908,302.8195646547172,33.52005419820911,178.82866655764263,0.36,66,39,0,106,0.13
18,2019,7,2,0.0008705548881746,26526235.30382117,303.6348671313896,45.92767267407867,180.3272772693064,0.38,77,47,0,125,0.15
19,2019,7,3,0.0,25497954.47753422,303.5825118934343,21.486090195245527,179.07650718169506,0.4,85,55,0,141,0.18
20,2019,7,4,0.0,21193926.71518548,304.4795336698855,106.9858416084298,180.30354215100385,0.42,97,64,0,164,0.21
21,2019,7,5,0.0583036489972138,25628550.481210325,304.5368286565587,67.86875307558034,180.2080077153554,0.45,109,74,0,185,0.24
22,2019,7,6,0.1530639407168717,10817835.59254736,295.032935076851,32.734034221744395,176.97023800115358,0.47,125,87,0,214,0.28
23,2019,7,7,0.0098380545200571,15752281.93742561,295.9669744764108,82.65405011439215,177.70834715106068,0.48,144,103,0,249,0.33
24,2019,7,8,0.0066052371785651,19430663.728674863,298.74509525384934,42.573707954997055,178.26410153274327,0.5,161,118,0,281,0.37
25,2019,7,9,0.0435324501108333,16068575.913106278,297.8920738317194,16.641383666123726,178.6850789986989,0.52,194,146,0,341,0.46
26,2019,7,10,0.0333759764154618,19067945.259993058,297.36361219572524,20.17054242022904,178.34817908492496,0.54,215,165,0,382,0.52
27,2019,7,11,0.016906019071616,20389524.75234329,299.19964361273026,31.18157005950014,180.7271361605937,0.55,242,189,0,433,0.6
28,2019,7,12,0.0076263745338835,20571751.73421692,300.2001256817742,51.93437552301765,180.3785730375602,0.57,280,224,0,506,0.71
29,2019,7,13,0.0001646995734384,25841148.62672957,303.19876659951103,46.24523965302647,180.13372976641742,0.59,316,258,0,576,0.82
30,2019,7,14,0.1083927106982639,23722976.89933173,302.5215636410094,41.164687179567885,179.36247417162204,0.61,379,319,0,700,1.01
31,2019,7,15,0.000156856736608,22112003.604815517,302.6808857833018,43.457877121547305,178.94187464816585,0.63,437,375,0,815,1.19
32,2019,7,16,0.0402823785283144,15112752.00580242,302.4351180384449,23.652290807244757,179.72866159266547,0.65,510,448,0,960,1.42
33,2019,7,17,0.0187083029752426,14681481.482034814,300.7717033960845,38.11353827343953,179.29074811367428,0.67,561,499,0,1061,1.58
34,2019,7,18,3.137134732156266e-05,24031461.14721781,301.19466175699114,45.75429754498735,178.16792040872937,0.69,610,548,0,1160,1.74
35,2019,7,19,2.3528510491171994e-05,24052287.08800337,302.84923363930096,34.54537671291202,178.78352480029568,0.71,694,632,0,1328,2.02
36,2019,7,20,0.0024046137722013,20594313.170067944,301.93297123667065,13.970829686107296,182.10919278967376,0.74,810,748,0,1559,2.41
37,2019,7,21,2.039137575901573e-05,24672726.573906463,305.54273835073724,27.84623995220776,179.49255421093238,0.76,918,856,0,1777,2.79
38,2019,7,22,0.0268005420168521,19864971.368807036,305.89812582794644,67.89361116954373,179.84998544704126,0.78,1029,971,0,2007,3.19
39,2019,7,23,0.0362637089364161,18585043.75802792,303.70182816956645,40.16987530751872,180.4213349059107,0.8,1127,1071,0,2206,3.54
40,2019,7,24,0.0012595595949626,24789872.49082524,305.8139061615328,35.403565534536874,179.7347358160987,0.83,1210,1161,0,2386,3.86
41,2019,7,25,0.030129041967675,14802098.389084509,303.5968432631717,38.28848508937284,179.86505562073552,0.85,1342,1297,0,2658,4.35
42,2019,7,26,1.568567366078133e-06,25084472.77818761,306.36734097160104,48.28425869967673,179.43551079655404,0.87,1442,1396,0,2856,4.73
43,2019,7,27,0.0244288681593383,21287209.57495413,303.62882966073425,54.07814891337425,179.7387776418213,0.9,1535,1502,0,3068,5.11
44,2019,7,28,0.0323611133296076,19056230.66830118,304.9361555035369,58.3966917736835,180.0020704412434,0.92,1603,1578,21,3241,5.39
45,2019,7,29,0.1969571613219037,17768927.20349385,302.7682766464232,49.3458771247697,180.581784701643,0.94,1633,1630,63,3386,5.55
46,2019,7,30,0.0080138106733055,11368855.275831928,301.1707253203022,64.90147128893618,180.4265566147897,0.97,1642,1659,115,3497,5.62
47,2019,7,31,2.352851049119281e-05,22329374.36176478,303.3344572278749,75.7522188814522,180.13575994360826,0.99,1661,1681,192,3618,5.7
48,2019,8,1,0.2010589649842043,15842961.554596065,301.9432471336951,53.1351338388916,180.05890887641408,1.0,1684,1707,387,3865,5.8
49,2019,8,2,0.4469083711068388,6905161.967460573,297.54766357388354,29.241574231290468,178.30996224998478,1.03,1690,1718,587,4087,5.84
50,2019,8,3,0.0145845393698168,17710788.118800834,300.3530139538228,35.64323068034521,178.38176170858534,1.05,1691,1724,694,4206,5.85
51,2019,8,4,0.0101815707732287,20261531.99126537,302.08320668070405,46.04953893476415,179.45661199865236,1.08,1694,1733,858,4387,5.87
52,2019,8,5,0.1121055096537765,14950049.343415244,301.023996488013,31.98577142966826,179.46098506059823,1.11,1698,1743,1034,4581,5.89
53,2019,8,6,0.0607851225703532,13230607.607307578,300.6556193012123,19.519391399228404,179.62195793132278,1.14,1703,1756,1270,4841,5.92
54,2019,8,7,0.4906117950605748,4506273.913224062,298.87243099857903,16.01928235023684,179.06666959437814,1.17,1704,1764,1418,5003,5.93
55,2019,8,8,0.0084310495926829,17846590.60767333,301.129865670413,31.159692959279823,178.65967092861578,1.19,1702,1770,1537,5133,5.93
56,2019,8,9,0.0862570880281352,18235775.376103453,301.6920822559798,23.755990359308637,179.77529033075717,1.22,1705,1783,1770,5388,5.95
57,2019,8,10,0.3549134636535807,6747665.790269787,298.2992676859151,67.07116089508327,177.45174908493505,1.25,1704,1790,1890,5519,5.95
58,2019,8,11,1.4565230305540466,2221494.659541756,297.3085736374788,171.6581329849113,183.05025134017887,1.27,1701,1795,1986,5623,5.95
59,2019,8,12,0.0614486265662053,6302077.43221211,296.8292655504561,118.31793487417713,182.59066960773697,1.29,1698,1801,2091,5737,5.94
60,2019,8,13,0.0014352391399636,11204417.11837929,297.5750761300406,41.63876448184481,182.77814457645223,1.31,1695,1806,2194,5848,5.94
61,2019,8,14,0.0032077202636346,19889268.29972352,300.01015880206484,14.611255382336848,177.20796939772706,1.33,1692,1812,2310,5973,5.93
62,2019,8,15,0.0003341048489751,23901299.017308075,301.9163224539546,37.43354129620069,180.166777035232,1.36,1692,1825,2547,6229,5.94
63,2019,8,16,0.0016030758481342,18264411.044683594,298.1987651440977,18.95578812105037,182.37981578532052,1.38,1692,1839,2800,6501,5.94
64,2019,8,17,0.0,25223312.38342467,299.2507486673679,31.720963262743734,180.9450082498944,1.4,1689,1848,2973,6687,5.94
65,2019,8,18,0.0,24932616.95995958,300.6368970437256,50.23430672595566,179.69081293900447,1.43,1688,1862,3233,6964,5.93
66,2019,8,19,0.0,23473499.4836714,299.9550592592664,88.84880131384499,179.95624968182184,1.45,1687,1876,3485,7234,5.93
67,2019,8,20,0.002454807927916,21544062.84464268,299.77302037132654,32.45036304408683,179.67615651120917,1.47,1684,1888,3724,7489,5.93
68,2019,8,21,2.3528510491171994e-05,19282278.90057776,299.26508003710524,31.98669565461564,177.76643439369138,1.49,1681,1900,3946,7726,5.92
69,2019,8,22,0.0,19841108.311656915,300.0518722356832,25.584786594776457,182.2911815101677,1.52,1677,1910,4126,7917,5.91
70,2019,8,23,6.274269464312532e-06,21820006.56005133,301.0569891306849,22.71938820355556,178.23616200998222,1.54,1673,1881,4302,8104,5.9
71,2019,8,24,0.0140308350895904,7395439.323453927,298.2337397847119,59.0319351140753,178.18271813017137,1.56,1669,1855,4516,8330,5.89
72,2019,8,25,0.0298059170902625,5270759.489560602,296.611398238173,18.955219066872647,178.00309237730326,1.59,1664,1822,4600,8419,5.87
73,2019,8,26,0.0015450388555893,9642905.433228772,298.93365948886105,13.446920920934978,178.6857142707381,1.61,1659,1790,4689,8512,5.86
74,2019,8,27,0.0004329245930382,17758948.106867436,298.8150445350778,56.632945044199005,180.84104433185297,1.63,1654,1759,4774,8602,5.84
75,2019,8,28,9.411404196468798e-06,23860514.88326969,300.31474614739665,45.81123353504918,182.3264876101357,1.65,1649,1730,4897,8731,5.83
76,2019,8,29,0.0,23541617.664990827,298.3597643615721,24.664270911749476,181.62654673145343,1.68,1645,1704,5097,8940,5.82
77,2019,8,30,2.5097077857250127e-05,23287801.511666834,298.68191525790104,24.271380206794856,178.13893850563542,1.7,1602,1679,5318,9171,5.69
78,2019,8,31,0.0,22959792.94429429,298.7797649717032,53.933192706589416,179.0171917904756,1.72,1599,1654,5536,9397,5.68
79,2019,9,1,0.0002039137575904,19380768.2455428,298.9681157607826,80.4702889623056,180.0031351234961,1.73,1566,1629,5748,9617,5.59
80,2019,9,2,5.803699254489092e-05,19980815.6644267,298.8409019851571,35.890780494986025,179.8006109823053,1.76,1503,1602,5912,9786,5.4
81,2019,9,3,7.999693567010274e-05,21856018.08265969,297.92067558664195,48.94505457784809,179.37483374745807,1.78,1445,1574,6054,9933,5.22
82,2019,9,4,2.8234212589406397e-05,21308469.38950605,298.22462259417694,35.46940953062508,179.69291900386844,1.8,1435,1547,6181,10063,5.18
83,2019,9,5,7.842836830390665e-06,20955730.017450653,299.6914840252041,49.52353531223475,179.9740663398986,1.82,1372,1518,6273,10157,4.99
84,2019,9,6,0.0,21399149.006676503,298.92191996258686,42.84384007892194,177.97791299823686,1.84,1322,1489,6341,10227,4.83
85,2019,9,7,0.0,21982275.348672137,299.9188954198868,33.32882024198669,180.64622516552944,1.86,1272,1461,6400,10287,4.66
86,2019,9,8,3.137134732156266e-06,22118511.711311,302.1803550721574,58.01894104466638,179.93341283196494,1.88,1248,1432,6445,10333,4.58
87,2019,9,9,0.0002274422680816,20951391.279787,301.0164039112799,82.74117179120043,178.40135834971082,1.91,1188,1404,6471,10360,4.38
88,2019,9,10,0.0116183784805585,9211201.035694802,296.1901474447243,157.42267125109944,177.8194714065485,1.93,1073,1376,6490,10379,3.99
89,2019,9,11,0.1815742211627517,5105019.710808866,292.873868487512,118.10456588172804,177.98092228680727,1.95,964,1349,6517,10406,3.62
90,2019,9,12,0.0061472155076695,3523115.958639158,293.5465585891602,23.065596339260534,178.8132731032614,1.97,949,1322,6554,10443,3.57
91,2019,9,13,0.0357241217624843,6576719.526321662,294.4259558300621,58.13412608764286,183.0427252842528,1.98,849,1296,6641,10531,3.21
92,2019,9,14,0.0003686133310289,14933128.266526978,296.23533699781086,28.627356884586977,182.66161723985692,2.0,849,1270,6725,10615,3.21
93,2020,6,11,0.0048007615780478,20543110.455404267,302.5478623194578,56.23958514604083,179.71635153623004,0.0,8,3,0,10,0.01
94,2020,6,12,1.7654494902277773e-05,24456689.45389495,298.12078136203706,37.40834105630234,180.51623996668383,0.02,9,3,0,11,0.01
95,2020,6,13,9.836075731227412e-05,26228153.272923566,300.3401412305315,36.18730306435585,180.75725382212207,0.04,10,3,0,13,0.01
96,2020,6,14,3.7831060504880942e-06,28138665.16328784,301.8016167553764,41.67133610861075,177.70877164735452,0.06,11,4,0,15,0.02
97,2020,6,15,2.017656560260317e-05,12782678.313088622,302.15988185832254,19.198003149465418,181.3094408997247,0.08,13,4,0,17,0.02
98,2020,6,16,0.0164325516478962,10175634.59789122,297.99846318003625,40.59500516646367,180.8808372582071,0.1,14,5,0,19,0.02
99,2020,6,17,0.0515713016800219,5642150.885086758,294.00062168162026,29.657376301141472,177.92170046128786,0.11,15,5,0,20,0.02
100,2020,6,18,0.0001185373229148,10184674.874974964,294.4926217530647,32.81572410611665,180.1947512184585,0.12,16,6,0,22,0.03
101,2020,6,19,2.1437600952765867e-05,24145876.11796818,298.34911709198417,80.20913562401306,180.24540169187367,0.14,18,7,0,24,0.03
102,2020,6,20,0.0,26850210.434162047,299.8187429338564,93.15812176484708,180.18364539459597,0.15,20,8,0,27,0.03
103,2020,6,21,0.0,27001312.20827603,300.1265521831433,76.87126029723476,179.98548329622514,0.17,23,9,0,32,0.04
104,2020,6,22,0.0073089608895101,22762283.23477061,299.3747250789966,49.218767548189504,180.0154306401815,0.19,27,12,0,38,0.05
105,2020,6,23,0.0075548627827908,13605343.5277092,295.9027851652631,67.72816515298449,177.92156002962,0.21,31,14,0,44,0.05
106,2020,6,24,0.0218978788554768,22143669.988611653,298.6091978310531,51.96658805719317,177.91725810908764,0.23,33,15,0,49,0.06
107,2020,6,25,0.1946206297311352,18597298.4354749,300.3181004899324,51.69809432392661,179.55285841797428,0.24,38,18,0,56,0.07
108,2020,6,26,0.0084955951540079,12929905.682738144,300.8869101638673,28.203302089332308,180.0612948598653,0.26,44,22,0,66,0.08
109,2020,6,27,0.0010529645173811,24944433.927032117,302.48402345496,36.07582809436703,178.34039381321563,0.28,47,24,0,71,0.09
110,2020,6,28,0.0831350164944524,17603298.44564815,299.9631969963437,16.581844692316345,177.55126637362682,0.3,55,30,0,84,0.1
111,2020,6,29,0.1797126698215788,19377345.200986408,297.74659618458617,32.395100214143305,177.0409390123706,0.32,60,33,0,93,0.11
112,2020,6,30,4.9180378656213386e-05,21288718.07012057,297.59373809870493,6.612564795519054,178.23080381458362,0.34,66,37,0,103,0.13
113,2020,7,1,1.0088282801301585e-05,25674974.413275503,300.01856841085583,62.26373162802592,180.26209771368983,0.36,75,44,0,119,0.15
114,2020,7,2,0.2635803478544724,17362654.87946662,298.0611286525884,59.95949592199912,178.99924327015623,0.38,89,54,0,143,0.18
115,2020,7,3,0.0191664762870367,16818516.2969023,296.12487337593257,43.28335639487325,179.84432345685758,0.39,96,60,0,156,0.2
116,2020,7,4,0.0612901011236822,16466375.980021276,297.99538699034105,81.10803517093515,180.29773752237296,0.41,105,67,0,171,0.22
117,2020,7,5,0.0106507045674263,18669190.1627599,300.8546577420123,59.457836235670165,180.32811586950197,0.42,116,75,0,191,0.24
118,2020,7,6,0.0022976064079861,24421389.32432986,301.6952186478801,27.28794908000666,178.04561415104197,0.44,131,88,0,220,0.28
119,2020,7,7,0.0,25726633.13946832,301.52206405267026,65.19106266787317,178.15984246169808,0.46,153,106,0,259,0.34
120,2020,7,8,0.0032976074406607,23105383.27456789,301.6842141342285,30.391541352723557,178.55297267656803,0.48,183,131,0,314,0.42
121,2020,7,9,0.2357013783332007,12326359.565052088,296.8877367070267,27.772594343430477,179.4715697590407,0.51,215,158,0,373,0.51
122,2020,7,10,0.0005132413875139,15737987.940702584,298.9369230301188,3.402105656702285,178.82018056281362,0.52,238,179,0,417,0.57
123,2020,7,11,0.0141866476892666,12772777.057235,299.1173716833688,46.33531904599693,177.99062606882015,0.54,262,200,0,462,0.64
124,2020,7,12,0.0021185393882638,5970614.285796074,295.09951909528667,88.63673993264237,177.495161664174,0.56,286,221,0,507,0.71
125,2020,7,13,0.0056897914999085,19546097.039882936,297.0313345105268,32.06777820805644,177.99840568456457,0.57,312,246,0,559,0.78
126,2020,7,14,0.0018663323182324,23136808.999668524,298.5009286391032,53.87030637494841,180.5884842317841,0.59,354,286,0,640,0.91
127,2020,7,15,0.0001677177015709,24649548.698348124,299.7842388679976,55.07838422961412,180.4724476151834,0.61,407,337,0,744,1.07
128,2020,7,16,0.0002496849993311,22993886.5238684,300.6277173970816,70.91559120176082,180.2406466880978,0.63,482,409,0,891,1.3
129,2020,7,17,0.0001248424996655,17810794.32918929,298.6537867249845,52.679845124732175,180.19777534622563,0.65,565,492,0,1057,1.56
130,2020,7,18,0.0016960925459613,16377695.16672361,298.6161113295431,59.20785460106099,177.56877878306216,0.66,631,558,0,1188,1.77
131,2020,7,19,0.0008537209320563,15970021.719185311,297.8169362747282,23.716199765277636,182.7125063045237,0.68,695,622,0,1317,1.98
132,2020,7,20,3.4047954454295704e-05,25769682.07796233,301.00126830861586,95.1218296529144,180.21886738537663,0.7,749,677,0,1426,2.16
133,2020,7,21,0.0001424969945678,21271068.00533802,300.56270514063823,84.61134534164177,179.98826912864348,0.72,875,802,0,1678,2.58
134,2020,7,22,0.427479634385082,9392574.406685133,296.0703265071118,62.57692094463588,177.89959669011154,0.74,982,909,0,1891,2.94
135,2020,7,23,0.0,22596114.33218373,298.8209792205791,66.47513127104344,177.5756349332518,0.75,1047,974,0,2022,3.17
136,2020,7,24,0.0,26239345.996932007,300.71061595237063,55.89781663375149,181.1766931322355,0.77,1188,1115,0,2302,3.66
137,2020,7,25,0.0080807145238062,18286915.58893307,300.2521685479101,40.87244290322722,181.17577642804216,0.79,1352,1279,0,2631,4.24
138,2020,7,26,0.0303896909034343,5168182.07226768,295.54743768553294,41.453588684819,178.79019466182012,0.81,1442,1369,0,2811,4.56
139,2020,7,27,0.0114943372166813,16104764.89667157,298.23161933094883,21.51498594122125,179.9924618389198,0.82,1516,1444,0,2960,4.84
140,2020,7,28,0.000979824467072,20947770.477247983,300.26187281643297,66.05805066047351,180.30066694581512,0.84,1607,1534,0,3140,5.17
141,2020,7,29,0.0011778070170467,21721359.901985392,300.7162609190278,76.49247152213376,180.3406292430432,0.86,1757,1685,0,3442,5.74
142,2020,7,30,4.665830795583248e-05,21775171.075102907,301.08984354385785,90.35712206734392,180.05026288691553,0.88,1918,1849,0,3771,6.35
143,2020,7,31,0.0208840064339506,16259310.585865077,300.25112200914793,91.28675114168398,180.06042013657282,0.9,2080,2022,0,4117,7.0
144,2020,8,1,0.0711438313498092,17723835.473431382,301.6536108037564,70.32310828035777,180.33729290500392,0.92,2195,2157,44,4431,7.5
145,2020,8,2,0.0087503242947396,10618177.68560967,301.7778000702111,79.21423880299814,180.3503097314971,0.94,2244,2233,107,4646,7.74
146,2020,8,3,0.1842397867286425,17180127.380252004,303.348781605543,67.857268998795,180.36058299654616,0.96,2277,2296,215,4880,7.93
147,2020,8,4,0.0360391292721378,17289471.684026796,302.56311641475,26.917530616431645,180.315778502853,0.98,2274,2326,310,5035,7.97
148,2020,8,5,0.0664754784835279,6819539.352898002,299.8802033011671,44.87195809182693,177.2592724045916,1.0,2264,2350,480,5252,7.98
149,2020,8,6,1.2291223285506063,2404870.710337015,299.11987703373904,22.98957435412899,178.3530421498321,1.03,2235,2355,567,5349,7.91
150,2020,8,7,0.0133934564540178,7604751.991028791,297.94524826964016,67.02301613114739,177.83901196908596,1.05,2208,2360,660,5452,7.84
151,2020,8,8,0.0044817196344581,13055178.093755722,300.62996904108513,31.060605662463622,178.0784346184829,1.08,2181,2365,755,5557,7.77
152,2020,8,9,0.0004401013372048,19694615.87768728,302.32231735954326,19.945097516389698,179.0039328531317,1.1,2158,2372,883,5698,7.71
153,2020,8,10,0.0083833630078439,21974918.14971513,302.8517074067665,36.89433362018335,180.0228679386923,1.13,2139,2385,1111,5950,7.67
154,2020,8,11,0.0052496901627038,18348906.060364448,303.09199904924,45.82375130511849,179.63591303238644,1.16,2120,2396,1322,6181,7.62
155,2020,8,12,0.4094543950899373,8734786.62649662,301.2738440862402,62.77512950367035,179.75894810374237,1.19,2099,2405,1475,6349,7.56
156,2020,8,13,0.3285488890945626,7519515.092810647,300.6601283854157,65.89801969485823,180.4348286909729,1.22,2077,2411,1591,6475,7.5
157,2020,8,14,0.1173090744837079,21665396.28194317,302.2281605842359,71.22198801904808,180.1768144031632,1.24,2055,2416,1677,6569,7.43
158,2020,8,15,0.0577024555524854,8098953.804940055,297.3151050815778,37.861040408204026,181.34243404847524,1.27,2038,2428,1905,6817,7.38
159,2020,8,16,0.0005485503773183,16204207.94459274,299.84807773249537,36.24799707518515,177.07198129206958,1.3,2017,2433,1990,6908,7.32
160,2020,8,17,0.0018095857274754,21466940.67548577,304.1229031566555,73.41537977527369,180.09229031211046,1.32,1998,2439,2110,7038,7.26
161,2020,8,18,0.0067251015223874,20696364.67644295,302.3586290832641,57.60567133986968,180.55009387210183,1.35,1981,2450,2318,7262,7.21
162,2020,8,19,0.1016558426822087,11306530.212128932,295.6977904210439,117.23767477206248,176.99713958933435,1.38,1965,2462,2536,7498,7.16
163,2020,8,20,0.1414579014392151,4093250.0780721866,293.7356888082899,139.30218225302795,177.64390165424535,1.41,1946,2466,2620,7587,7.11
164,2020,8,21,1.5132424201952375e-05,20788489.404820137,295.4475408036811,102.6831785546712,178.05138664034325,1.43,1929,2471,2710,7684,7.05
165,2020,8,22,5.044141400650792e-06,21850937.20685237,297.92847193614824,26.73169088057185,179.35133120174646,1.45,1914,2484,2954,7945,7.0
166,2020,8,23,0.0110428865613251,16684634.09818592,300.7856813235907,85.5716783693688,180.15094905649065,1.47,1899,2497,3195,8202,6.96
167,2020,8,24,0.2461061810073464,8555272.55297659,297.4981225117895,11.896122094277803,181.867708728446,1.49,1883,2503,3306,8320,6.91
168,2020,8,25,0.0,17762579.518075995,299.6234841714558,41.11554302367399,178.06894970108837,1.52,1867,2508,3395,8414,6.85
169,2020,8,26,0.0015510734806931,6787683.138412433,296.728218829022,39.838875583157474,177.65214538655118,1.54,1852,2467,3573,8603,6.81
170,2020,8,27,0.0005825983317725,16088836.789428787,298.98195591019174,20.781096129407786,179.75092198890064,1.56,1838,2423,3663,8698,6.76
171,2020,8,28,0.0002055487620756,22212548.290202077,300.8035993357325,37.64052395689753,180.37138804966824,1.59,1823,2384,3842,8888,6.71
172,2020,8,29,0.0,22119562.583055004,300.7326884062655,46.358556262064425,178.47728341037256,1.61,1810,2347,4060,9117,6.67
173,2020,8,30,0.0,22465245.559161928,300.1639738722181,51.6901082336899,178.0470987921734,1.64,1796,2311,4268,9336,6.62
174,2020,8,31,0.0052938263999592,17835762.713515818,298.66767714855627,65.68224286236813,182.81997286502423,1.66,1783,2275,4471,9549,6.58
175,2020,9,1,0.0,22465245.559161928,299.9162613185212,30.68197445496024,182.66124359233984,1.69,1770,2238,4665,9751,6.54
176,2020,9,2,0.0005510724480186,20030828.08732552,296.6998037159619,76.99508917034221,182.82383560108588,1.71,1758,2201,4865,9959,6.5
177,2020,9,3,0.0,21804874.84266377,296.47676410641765,62.837722514353175,181.52733214349857,1.73,1747,2164,5067,10168,6.46
178,2020,9,4,2.1437600952765867e-05,22364511.043085936,298.725490486847,77.98123642564738,180.110431121157,1.75,1736,2128,5277,10387,6.42
179,2020,9,5,2.1437600952765867e-05,22002038.980966352,300.29472779090867,96.76765616519522,180.46973867071463,1.77,1725,2092,5479,10595,6.39
180,2020,9,6,5.044141400650792e-06,19136701.634804875,300.5123761401624,32.92125419544417,180.6345451145024,1.79,1715,2056,5673,10794,6.35
181,2020,9,7,0.0330391261741142,20871573.856113583,298.9107278477667,32.08946029665209,182.80294302374864,1.82,1705,2020,5860,10986,6.32
182,2020,9,8,7.314005030917281e-05,20647719.37594472,299.4071994939225,36.34307757405497,182.1618373051145,1.84,1696,1984,6046,11176,6.29
183,2020,9,9,0.0027414908512414,17896892.206177313,298.9951486412554,31.764113465372954,181.21490375075052,1.86,1687,1948,6229,11364,6.26
184,2020,9,10,1.891553025244047e-05,21067877.01564628,296.370270859034,85.60621140825924,177.16764666491898,1.88,1678,1912,6408,11546,6.23
185,2020,9,11,0.0005498114126685,13211445.740488987,293.8664110136847,95.18897486050314,177.1616630999163,1.9,1639,1877,6585,11725,6.1
186,2020,9,12,0.0212257470138431,12932058.129662843,293.8798891644108,104.83024688951316,177.49685352675337,1.92,1632,1841,6737,11879,6.08
187,2020,9,13,0.0019470385806424,17723404.984046444,295.81852293825347,60.096970147803496,178.65956855212676,1.94,1532,1805,6845,11989,5.74
188,2020,9,14,0.0357604404597531,14371184.143517686,296.29228786459794,65.44400326728194,179.9389386384035,1.96,1467,1771,7010,12154,5.51
189,2020,9,15,0.0433493511969981,12079258.658096457,296.5257611484688,83.26340024985832,180.3213589684028,1.98,1327,1736,7102,12247,5.02
190,2020,9,16,0.0,20673548.739041124,295.5231135876344,54.699680638359325,182.48721153877287,2.0,1163,1701,7225,12370,4.44
191,2020,9,17,1.261035350162698e-06,20396313.575139683,294.9854780834964,71.73679282314559,181.51058018230236,2.02,1163,1667,7367,12513,4.44
192,2021,6,14,0.1370462272113454,4032898.286624439,298.2519708645579,21.740464772295105,178.5982309940796,0.0,8,3,0,10,0.01
193,2021,6,15,0.000842409671561,16051736.333453184,295.880269665925,75.4640283035128,177.83393372282367,0.02,8,3,0,11,0.01
194,2021,6,16,0.0662652846382401,11579480.026577974,297.8268135839021,25.68186502167237,180.3930430036554,0.03,9,3,0,12,0.01
195,2021,6,17,0.0109285193770867,9494240.335275024,295.58205933896585,42.11356261415788,180.97512025363608,0.05,10,3,0,13,0.02
196,2021,6,18,0.0,26770645.454709843,299.9385466862478,54.37910670335444,180.7942706296852,0.07,10,4,0,14,0.02
197,2021,6,19,1.4253970753996814e-05,27549480.320778277,302.2428926778516,73.74109751671901,180.63958585129603,0.09,12,4,0,16,0.02
198,2021,6,20,2.2806353206394903e-05,27500263.483343795,303.5861869721475,28.535751367392525,179.274411667307,0.11,14,5,0,18,0.02
199,2021,6,21,0.0004988889763897,26599249.976977486,302.6259619396005,24.493709132947544,180.06412295850566,0.13,16,6,0,22,0.03
200,2021,6,22,0.0,26895414.45487269,300.7127002637306,96.43067600450266,178.2991242534707,0.15,18,7,0,25,0.03
201,2021,6,23,0.0071626203038817,22351923.25171073,301.9563994253276,56.81711725320955,178.99446961228094,0.17,21,9,0,29,0.04
202,2021,6,24,3.4209529809585415e-05,15493945.509195749,301.8288414585471,52.30030811515275,179.9244747827775,0.19,23,10,0,33,0.04
203,2021,6,25,0.0001083301777303,16962247.825991057,300.1430563596717,88.96956653933621,180.15705185802145,0.21,26,11,0,38,0.04
204,2021,6,26,0.0002052571788575,26533627.527064845,302.1444117454824,74.03565713724657,180.07677952389375,0.23,29,13,0,41,0.05
205,2021,6,27,0.0169736283738553,21731963.790693957,301.81547105459026,22.75300498620963,178.70839235734636,0.26,33,16,0,49,0.06
206,2021,6,28,0.0005445016828025,23967444.35416532,303.91890156738214,49.49072581085073,179.542125701418,0.28,37,18,0,55,0.07
207,2021,6,29,0.0681567865572951,11897230.83668128,299.3828841992297,62.112697145998204,179.59389203888617,0.3,43,22,0,65,0.08
208,2021,6,30,0.0369420160031248,23059954.948136576,300.0670391436275,43.801315404591925,179.76367377093734,0.32,47,25,0,72,0.09
209,2021,7,1,0.0290609955732418,14300221.338087538,299.11389467446617,29.822576192681783,178.8090975055563,0.34,54,30,0,84,0.1
210,2021,7,2,0.0155753138428886,17276544.822941065,300.51983578084975,9.44191585690244,180.274824856991,0.35,58,34,0,92,0.11
211,2021,7,3,0.0044215817278887,20940177.12530066,300.18403017824875,5.850822345131032,176.94702590075374,0.37,64,38,0,102,0.13
212,2021,7,4,2.5657147357194265e-05,23599181.526695043,302.76577611000806,67.57595649400055,180.32041977334345,0.39,73,45,0,118,0.15
213,2021,7,5,0.0194310129318438,22132174.38983222,302.15871664003805,51.61333932173319,180.14219572188117,0.41,84,54,0,138,0.18
214,2021,7,6,3.135873565879299e-05,22296230.514613826,301.75616684349194,46.863798147619285,180.26446340888307,0.44,97,63,0,160,0.21
215,2021,7,7,0.0283055351232801,19542246.251503773,301.5364537268592,31.83084635868609,180.05314845722566,0.46,110,74,0,185,0.24
216,2021,7,8,0.01035123356155,22685216.221003875,302.47917503164564,51.27589398814686,180.19755474490933,0.48,120,82,0,203,0.27
217,2021,7,9,0.0082202649338279,23905275.71740597,304.28982245134256,66.95135540686826,180.06696740496457,0.5,138,98,0,237,0.32
218,2021,7,10,0.0005559048594057,25132242.840114668,305.7488857540916,75.39887428918898,180.03399908571728,0.52,165,121,0,286,0.39
219,2021,7,11,0.4296032753487595,11155524.46201079,303.274426531501,92.15810747634411,179.66590793768071,0.54,197,150,0,347,0.48
220,2021,7,12,0.237257343200221,11033777.548357075,302.15235491557485,115.71050134325336,180.0608207564179,0.57,217,168,0,385,0.54
221,2021,7,13,0.0023134194533731,19078571.83567368,303.54104388782054,70.03327472933422,180.0584659451761,0.58,238,188,0,426,0.6
222,2021,7,14,0.2435347919202798,19436904.950328223,301.7990455852134,41.582075594883534,179.37308703565228,0.61,281,229,0,510,0.73
223,2021,7,15,0.1223361293932241,10512251.76220926,300.4340064135146,34.73667461177796,179.0014553753559,0.63,323,270,0,593,0.86
224,2021,7,16,0.3537179858486491,13216155.7345965,299.93502437552803,40.088057430621824,178.42311848032654,0.65,355,301,0,656,0.96
225,2021,7,17,0.0977494552396608,10909008.54819423,300.5798947728165,69.6931624811839,178.6957439005975,0.67,394,340,0,735,1.08
226,2021,7,18,0.0086778173950311,17985008.246011075,300.6832638098582,46.99332379387381,178.39034198090468,0.69,443,389,0,832,1.24
227,2021,7,19,0.0,23917795.79008667,301.4299577405052,55.34167405037952,178.4479852347377,0.71,517,463,0,981,1.49
228,2021,7,20,0.0065668043263647,14731947.98224964,300.92802846293665,60.49197277449021,178.48803602796283,0.73,610,556,0,1166,1.8
229,2021,7,21,0.012532091086911,9453226.304079624,301.0321163389007,60.94997040948746,178.91548649916334,0.75,661,608,0,1269,1.98
230,2021,7,22,0.0022378734083769,11180564.607372193,299.15314327962943,49.01033365162325,177.8828020197302,0.77,716,663,0,1379,2.17
231,2021,7,23,0.0003435206951711,18997407.2265712,301.37953119009853,22.43441149650375,180.04459249357873,0.79,774,721,0,1495,2.38
232,2021,7,24,0.0070371853612465,22474101.892008606,301.8776865633243,25.123306111487302,179.7042535436396,0.81,868,814,0,1681,2.71
233,2021,7,25,0.0004333207109213,24298578.69023765,303.1064698172814,45.554736231253344,180.08933467668905,0.83,998,944,0,1942,3.19
234,2021,7,26,0.0035577911001967,22949001.20058692,303.2659442322166,36.862194954697216,178.9169197853882,0.85,1147,1094,0,2241,3.74
235,2021,7,27,0.2676867199658462,5779232.56226014,300.6508801164038,58.2572668542695,177.79585207216158,0.87,1309,1255,0,2564,4.35
236,2021,7,28,0.4205377499492198,5174815.260433197,298.7126747299265,109.5759468622442,177.6257487124143,0.89,1383,1330,0,2713,4.64
237,2021,7,29,0.324031240959307,2739013.5340706203,295.6442029638076,73.12520301576765,182.4901392014608,0.91,1449,1396,16,2861,4.9
238,2021,7,30,0.0006628096400606,15929557.69315531,300.3795543651425,50.45435226930803,181.1307654781581,0.93,1505,1452,52,3010,5.12
239,2021,7,31,0.0436627632136327,24130205.299014427,303.87839499410467,69.51712412335756,180.10474771748207,0.95,1587,1534,144,3265,5.44
240,2021,8,1,0.0571484449439859,11042412.08124032,300.8936679624458,47.38205207549484,177.31580383918703,0.97,1666,1614,299,3580,5.77
241,2021,8,2,0.0100390716020376,21529483.99458193,298.9767402080716,47.644406404248784,177.89310809976422,0.98,1710,1665,490,3873,5.97
242,2021,8,3,4.5612706412789805e-05,23705386.28115892,300.82591739400925,31.68322587922264,178.9386675318075,1.0,1737,1697,727,4174,6.09
243,2021,8,4,0.0006870413903424,19468852.721996214,302.368941082895,53.79577539224964,180.08565614961614,1.03,1743,1711,980,4456,6.14
244,2021,8,5,0.0374950700683797,10205725.844854169,300.82994289197467,31.553278268089382,180.09269422364065,1.05,1749,1725,1230,4732,6.17
245,2021,8,6,0.0023789877188415,22579443.19318416,301.77841490814035,12.888099194070236,177.96322394559573,1.08,1746,1730,1331,4844,6.18
246,2021,8,7,0.0227065754111115,20066362.397516567,300.6352453698416,11.90790088282563,179.88690872558223,1.11,1749,1744,1585,5124,6.21
247,2021,8,8,0.0046467944658018,23068589.48101982,301.1315317618692,6.450446791042408,177.18821970258537,1.14,1748,1753,1739,5293,6.22
248,2021,8,9,0.013120780079051,13432019.056677552,300.6227016306456,38.84277516321923,180.50682522899697,1.16,1750,1767,1990,5569,6.24
249,2021,8,10,0.0065012360608964,21422415.786829725,301.2070098487216,52.91763749608463,180.29272203458927,1.19,1749,1778,2199,5798,6.25
250,2021,8,11,0.003177210081065,20774394.09394241,301.39430332995386,24.98965683673376,178.01889909990635,1.22,1748,1790,2421,6040,6.26
251,2021,8,12,0.0013256192801213,14910251.086288588,298.77593255509805,89.09151729570256,177.92905853013357,1.24,1746,1801,2623,6260,6.26
252,2021,8,13,0.0074476997189615,19610890.78792555,297.8372726902232,82.55886020194946,178.1049528272219,1.27,1740,1807,2733,6380,6.25
253,2021,8,14,5.986667716678662e-05,22990878.68507064,298.7106619809438,76.7386470746314,178.40887425815745,1.29,1735,1814,2851,6507,6.24
254,2021,8,15,0.0019984066997099,20587024.73037606,299.8894859297938,30.017092267045093,178.87132030898886,1.32,1733,1827,3105,6782,6.25
255,2021,8,16,0.002102460686214,21614534.14348186,300.9471136363265,28.638893330765477,179.09897826307508,1.34,1730,1840,3338,7034,6.24
256,2021,8,17,0.0055604739911327,20868078.77572559,298.3041585703244,76.94522575316927,177.86364407795304,1.37,1727,1853,3581,7295,6.24
257,2021,8,18,0.0008039239505252,21002777.488704164,299.43514378888847,74.39256406072427,178.4505797467243,1.39,1722,1863,3769,7497,6.23
258,2021,8,19,0.2926810576829737,8750807.054027885,298.45356924034604,58.69996471315264,179.09788169135103,1.42,1717,1875,3997,7741,6.22
259,2021,8,20,0.0058070676851769,14138755.573170912,296.40272179472805,41.05452209258232,177.78483102021173,1.44,1710,1880,4080,7831,6.2
260,2021,8,21,0.0224357499667856,19648451.00596765,299.5359250058095,23.57196570938148,179.91185480867915,1.46,1703,1885,4175,7932,6.18
261,2021,8,22,0.0039854102228165,7576510.581906969,299.00128855727166,50.36344242182295,180.1967768297637,1.49,1698,1896,4388,8159,6.17
262,2021,8,23,0.0050701373971954,18623531.952726822,299.66470499875805,8.796020926250629,178.2239155539847,1.51,1691,1900,4464,8240,6.15
263,2021,8,24,0.0004490000787507,23423037.055876903,299.56403160767536,49.74252890060406,180.7835396691369,1.54,1685,1873,4677,8465,6.13
264,2021,8,25,3.278413273419267e-05,23581912.46092856,299.1297810146513,75.85684210394695,181.0076057330689,1.56,1678,1848,4898,8700,6.11
265,2021,8,26,2.4231750281794584e-05,17476002.532543957,297.3396205042431,104.95217772415717,180.59669344356388,1.58,1672,1823,5127,8942,6.09
266,2021,8,27,2.2806353206394903e-05,20523129.18704007,294.6234516939941,123.2680885298513,180.4305456355117,1.61,1665,1795,5300,9124,6.07
267,2021,8,28,0.0422231121674794,17202287.840145186,295.987628258986,33.644058161813625,179.68779470378755,1.62,1658,1770,5495,9329,6.05
268,2021,8,29,0.1961146820158943,8046660.897399497,293.50188326531367,58.50184720980014,178.11639045100182,1.64,1651,1743,5676,9519,6.03
269,2021,8,30,0.4063407950782423,4719343.6508421805,295.07883615133704,124.68421213143291,177.94010717600122,1.66,1645,1713,5768,9615,6.01
270,2021,8,31,0.0571128100171009,4220267.650190791,293.7414003942586,151.21468574885705,177.5714238545718,1.68,1638,1682,5854,9705,6.0
271,2021,9,1,0.0002166603554607,14476365.808905676,295.9419460454673,40.776998210474304,178.31687164266793,1.7,1632,1652,5944,9799,5.98
272,2021,9,2,2.993333858339331e-05,18857959.520506844,296.7129007897453,35.77925115292641,180.3295441490314,1.72,1626,1624,6065,9925,5.96
273,2021,9,3,0.0207024671231,16185571.593143435,298.0451249646362,47.65069454845475,179.61039971139522,1.74,1621,1596,6198,10062,5.94
274,2021,9,4,0.13718734152181,6613328.43878132,293.56859151731265,102.76515557986644,178.0268902009716,1.76,1599,1569,6340,10209,5.88
275,2021,9,5,0.0270654396676827,5640648.309484106,294.55221475678394,137.44794774557843,177.43959951523718,1.78,1594,1541,6431,10303,5.86
276,2021,9,6,0.0060308550260146,9283126.006279755,292.68175993874314,133.21598810836235,183.1062738224547,1.79,1556,1512,6522,10397,5.75
277,2021,9,7,3.4209529809592354e-05,21746210.769951303,295.03545422236994,91.99124456658184,180.41991728260143,1.81,1525,1485,6613,10490,5.65
278,2021,9,8,0.0,22156782.808549464,296.9146069913717,140.83457933199955,180.14180811854982,1.83,1522,1460,6806,10688,5.64
279,2021,9,9,4.276191226199044e-06,21500990.03606723,298.7580334659303,123.50016248053151,180.10930055802103,1.85,1486,1435,6995,10881,5.52
280,2021,9,10,0.0003976857840363,19000429.313080337,300.26004739429294,94.91319321399465,180.08750669313372,1.87,1437,1409,7176,11065,5.36
281,2021,9,11,0.0,20866351.86914894,301.3528263241312,80.03482773680025,180.07076354974473,1.89,1436,1384,7349,11242,5.36
282,2021,9,12,0.0001097555748057,19817687.8504792,300.5714843574244,42.83278970921804,179.77956422679506,1.92,1363,1358,7513,11408,5.12
283,2021,9,13,6.556826546838534e-05,20239916.50846973,298.90399370912434,97.94101270858722,178.08454632382242,1.95,1270,1333,7675,11571,4.8
284,2021,9,14,0.004615435730143,16720912.631904442,295.6309763276353,140.76117023712453,177.9774423293875,1.97,1218,1307,7832,11729,4.63
285,2021,9,15,2.4231750281794584e-05,20263661.473898645,296.2180161336164,67.4690312618652,178.04702487645355,2.0,1164,1282,7986,11883,4.44
286,2021,9,16,0.0026469623690165,17270068.923278634,295.6135804257132,92.23795575521568,177.26055793044867,2.02,1105,1256,8134,12032,4.23
287,2022,6,14,0.0060132422055716,25091725.30550692,295.9565918481932,22.214467552737,177.09602612378382,0.0,8,3,0,10,0.01
288,2022,6,15,0.000725010462356,25894798.77253844,298.95113732321346,54.92622175256439,178.57418597558606,0.02,9,3,0,12,0.01
289,2022,6,16,0.0743434417363948,24474508.45355805,301.80820034087,59.238154808929984,179.39149267575294,0.03,10,3,0,13,0.02
290,2022,6,17,9.503882465171363e-06,26323133.436601,305.39396294678266,36.70018780847138,180.19074926734103,0.05,11,4,0,15,0.02
291,2022,6,18,1.493467244536445e-05,25105556.49546656,306.6467802003403,63.79551826511933,180.22042942043507,0.08,13,5,0,18,0.02
292,2022,6,19,9.503882465171363e-06,27144360.34045455,306.55706088771734,32.38879134257891,180.10036229717218,0.1,15,5,0,20,0.02
293,2022,6,20,0.00069921420995,25887450.952872384,306.5124596570778,60.687105399120384,180.2169043019336,0.12,17,6,0,23,0.03
294,2022,6,21,-1.6653345369377348e-16,25148346.739404198,305.9375081419946,86.41835718422259,180.01091149907955,0.14,19,7,0,27,0.03
295,2022,6,22,0.2207086624926511,19338814.73166972,303.7095444184051,59.969758907242245,180.51707613884955,0.17,22,9,0,31,0.04
296,2022,6,23,0.001698479566306,25832126.19303383,303.1943956440638,24.97895939751468,182.1420991892904,0.19,25,11,0,36,0.04
297,2022,6,24,2.036546242555753e-05,27578313.92543821,305.5630037391184,33.240829720612965,179.5432422907003,0.21,29,13,0,42,0.05
298,2022,6,25,1.357697495031618e-05,25010467.064494044,306.6045200022563,115.88668980722392,180.229713836313,0.24,34,16,0,49,0.06
299,2022,6,26,0.611428205315331,13088845.768658,301.8813500074815,48.54275778449501,179.5680417775655,0.26,39,19,0,58,0.07
300,2022,6,27,0.0297878830413737,11141241.332466384,299.28949253506687,44.94613772174496,180.75959658647415,0.28,43,21,0,64,0.08
301,2022,6,28,0.1013466872154233,16840988.269896224,299.2455297678516,29.906720576077,177.21258572280752,0.3,46,24,0,70,0.08
302,2022,6,29,0.0380440415087662,18970127.0743081,298.8706605287328,47.250126708508375,177.6745033181612,0.32,50,26,0,77,0.09
303,2022,6,30,0.1309553541874506,21129521.606756687,298.89212506099693,27.97139711042409,177.64410342788372,0.34,57,31,0,88,0.11
304,2022,7,1,0.0035340865796122,22327216.212324142,300.16786619178856,23.906518234123368,179.57891057608245,0.36,62,35,0,97,0.12
305,2022,7,2,0.0255070628394843,22601678.888085727,302.28872007519857,50.09886492719802,179.46714806548093,0.38,72,43,0,114,0.14
306,2022,7,3,0.0132945738715191,15142345.252978103,300.85062681651607,46.27873681451954,179.5951264243077,0.4,82,51,0,133,0.17
307,2022,7,4,0.0910553402029522,17211404.8260028,300.67012408556326,56.406926869468,179.8670317947142,0.42,90,56,0,146,0.18
308,2022,7,5,0.2001626263000754,11582542.737116104,300.22733449930814,22.60429979107258,178.0345586262557,0.44,102,66,0,168,0.22
309,2022,7,6,0.9644865773228486,7316052.859253818,297.2784543606347,64.82004748370287,183.00825702867004,0.46,111,73,0,184,0.24
310,2022,7,7,-1.6653345369377348e-16,27150411.48606189,302.3674943005478,55.70798450268507,180.2996771701316,0.48,121,82,0,203,0.27
311,2022,7,8,9.503882465171363e-06,26645140.82784884,304.2940120788121,78.63672251481988,180.21653480011284,0.5,145,102,0,247,0.33
312,2022,7,9,0.0352594039464209,22045837.941582747,304.66635786725385,20.39517730243256,179.4897672683833,0.52,174,128,0,302,0.41
313,2022,7,10,0.122506402675761,5836115.533572482,296.80431926054905,47.60361902126784,177.0289168276241,0.54,207,156,0,363,0.5
314,2022,7,11,0.1535352212276096,15558577.62582598,299.59446523073603,37.876925773920846,178.27282352835914,0.56,226,174,0,400,0.56
315,2022,7,12,0.0473972195521584,10920374.517798403,296.9311606608413,55.96145456932224,181.40441080270625,0.58,247,194,0,441,0.62
316,2022,7,13,0.006830576097591,13214190.927667229,299.3446436137174,22.05400022465772,181.09311224482715,0.6,271,216,0,487,0.69
317,2022,7,14,0.0010780118110687,20099097.954763606,303.26590354758423,20.79011230272192,177.35921313101795,0.62,303,247,0,550,0.79
318,2022,7,15,-1.6653345369377348e-16,22975553.24168221,305.2662398589044,15.385288267190615,178.96916148192386,0.64,357,300,0,657,0.96
319,2022,7,16,0.3322150000635258,7121983.975132638,299.3921027282563,9.459835089167894,178.0102512690513,0.66,418,362,0,780,1.15
320,2022,7,17,2.036546242555753e-05,25402927.079598792,302.3612312783858,3.511467182974534,176.9617190224525,0.68,456,400,0,856,1.27
321,2022,7,18,0.0002213046916928,22624586.796456374,302.66918347003497,16.44463236715402,180.46586933614344,0.7,546,489,0,1035,1.57
322,2022,7,19,0.0076859255194719,5611358.696728354,299.68874499638946,16.392759705688363,180.90017222177516,0.72,635,578,0,1213,1.87
323,2022,7,20,0.0336016553049661,11742898.095710663,296.5854175150783,11.757145740588092,179.74841497375695,0.74,688,632,0,1320,2.05
324,2022,7,21,1.2219277455267907e-05,24507789.754398428,300.3700766791673,37.96057102073545,180.05493545412264,0.75,746,690,0,1436,2.25
325,2022,7,22,0.5401260059678457,16397525.741815312,299.1591547874511,60.5236692830756,177.9103982765788,0.77,863,807,0,1670,2.66
326,2022,7,23,0.004665048592988,19325847.99108256,297.8111456776339,27.63428423006206,181.62704578299775,0.79,952,896,0,1848,2.97
327,2022,7,24,1.493467244536445e-05,26040458.49180089,300.512758052986,90.3328752971764,180.18030461405024,0.81,1075,1019,0,2094,3.42
328,2022,7,25,0.0008254800769895,24182756.79034692,301.2462309154141,72.36131329171137,179.80536889737965,0.83,1238,1182,0,2420,4.01
329,2022,7,26,0.218708774082444,14490982.65081637,299.8252545571066,23.86489449710376,178.81998027310266,0.85,1397,1341,0,2737,4.6
330,2022,7,27,0.0123523318099551,20160906.08489574,300.7107425205562,33.465126842205294,178.1482467299625,0.87,1535,1479,0,3013,5.12
331,2022,7,28,0.10458615343861,6863945.837448129,296.8586190546339,10.14733179405163,180.9117908207029,0.89,1710,1654,0,3364,5.79
332,2022,7,29,0.0168490259135572,19265336.53500914,299.19913475901984,50.91354241980434,178.44886167269095,0.91,1774,1722,9,3509,6.05
333,2022,7,30,0.025637401799009,19135669.129137527,299.4832205798085,29.21328262840388,178.27054140273523,0.93,1876,1831,65,3783,6.47
334,2022,7,31,0.0033209280728895,20595291.89456564,300.9869539591121,33.76738413426201,177.74288668836377,0.95,1937,1904,141,4005,6.74
335,2022,8,1,0.0020134653851574,22097704.903931394,302.7268579993624,34.22276071864029,178.7343592108242,0.97,1998,1980,287,4304,7.02
336,2022,8,2,0.0078461338238877,20906925.893343758,303.36991227970304,63.61435353101378,180.12372981635934,0.99,2030,2032,476,4596,7.19
337,2022,8,3,0.0056181522345123,21802495.443230357,304.0178614462966,73.72218912974886,180.0618097253824,1.0,2031,2054,669,4833,7.23
338,2022,8,4,0.0018315339208208,22357904.16504709,304.9961090243894,83.91003213717195,180.2570093406143,1.03,2023,2067,906,5096,7.23
339,2022,8,5,0.0002348816666433,23131154.128728144,305.08315287123423,81.80262018793252,180.317891657972,1.06,2014,2080,1146,5362,7.23
340,2022,8,6,0.0026475101153452,20240435.427163664,305.4047560189551,88.1285924332681,180.20431671158624,1.09,2004,2093,1380,5621,7.22
341,2022,8,7,0.0070871809241553,18655035.27804008,304.9670437370741,60.601509356845554,180.2585792016282,1.12,1993,2105,1595,5857,7.2
342,2022,8,8,0.2654773796943949,5039525.436834542,299.75274335391936,80.20515212410379,177.76136423409838,1.15,1977,2111,1699,5972,7.16
343,2022,8,9,0.0586375971136686,4565807.180716919,293.5975303014828,114.90612011469788,177.5745537164177,1.18,1960,2115,1782,6063,7.11
344,2022,8,10,0.0596327893775395,7663129.282303501,295.52191986833265,11.80861803126736,177.23804838337898,1.2,1944,2121,1887,6177,7.07
345,2022,8,11,0.0175604594009629,17389481.396733146,299.74687557102004,18.77478156342052,179.88526991323823,1.22,1929,2127,1995,6295,7.03
346,2022,8,12,0.0125519133417273,17922414.434865475,304.16057322313543,33.47466533530337,179.74957342598412,1.24,1914,2133,2097,6406,6.99
347,2022,8,13,0.1877546288928231,14228622.266269475,302.8478316167552,28.67580740509304,178.21082354987934,1.27,1902,2143,2289,6615,6.96
348,2022,8,14,0.0025972753080284,16573873.413800703,304.76881604534225,93.25127546214468,180.5374356852537,1.3,1889,2150,2426,6763,6.92
349,2022,8,15,-1.6653345369377348e-16,19989745.109145213,302.85819904664487,36.54444223920399,177.33567785451515,1.33,1876,2158,2575,6925,6.88
350,2022,8,16,0.0022334123793553,21571255.23609265,299.7710459720824,55.09841486377445,178.0004739562887,1.36,1862,2163,2657,7013,6.84
351,2022,8,17,8.281954719781964e-05,22995435.57724919,302.1580478943606,50.09017224255867,179.43160950883814,1.39,1851,2176,2897,7271,6.81
352,2022,8,18,0.006136792677621,12461687.748925636,304.191614706764,117.96814508617943,180.14385887543875,1.42,1840,2188,3131,7522,6.77
353,2022,8,19,0.261895773702456,6299028.172534138,300.05497977777014,50.50211918105179,177.54108838277503,1.45,1828,2197,3286,7688,6.73
354,2022,8,20,2.308085741565408e-05,13692663.655333476,298.0193455599928,56.50856065889665,178.56991076692697,1.48,1815,2201,3370,7777,6.69
355,2022,8,21,0.0103089970799064,21393610.890048537,302.82031688347035,98.03305157286222,179.97324193951408,1.5,1803,2211,3553,7972,6.65
356,2022,8,22,0.2833949135365558,8037003.635899982,299.1446221437935,76.27964591727434,177.56604420407967,1.53,1791,2178,3776,8209,6.62
357,2022,8,23,1.357697495031618e-05,23517562.998225547,297.220293382984,96.06112103549486,178.18071852406138,1.56,1779,2139,3854,8292,6.58
358,2022,8,24,0.0121106616558364,19127889.08478523,296.4721662648173,24.94292198952696,178.93654976478308,1.58,1767,2109,4090,8541,6.54
359,2022,8,25,0.0030656809438203,14673813.693095343,294.4301474127971,83.9697030607169,180.4930867476545,1.6,1756,2076,4269,8729,6.5
360,2022,8,26,0.00014255823698,21493454.79256968,296.49694472628386,35.71893831180788,177.55832880759814,1.62,1744,2042,4410,8878,6.46
361,2022,8,27,0.0123143162800937,21221585.46492553,295.58780321311536,61.72613976518434,178.5027506339802,1.64,1733,2012,4624,9102,6.43
362,2022,8,28,0.1187876692368219,2262914.052437082,290.28542528042885,36.31899608495298,178.50119247203108,1.66,1722,1981,4825,9313,6.39
363,2022,8,29,0.0079642535059569,12345851.533013662,292.84171121920446,24.02994216329192,177.73743636029565,1.67,1712,1946,4923,9416,6.36
364,2022,8,30,0.0011716929382271,16384991.225914389,294.25019193620795,57.27587811679111,180.81102019313573,1.69,1702,1911,5022,9519,6.33
365,2022,8,31,0.0004616171483164,21349956.19673843,297.6718998450984,38.576101810935405,181.60820546564597,1.71,1693,1879,5178,9681,6.3
366,2022,9,1,1.9007764930509263e-05,20584054.05272344,296.2130413236163,99.8273302882102,178.02425637323233,1.73,1683,1850,5391,9902,6.27
367,2022,9,2,1.357697495031618e-05,21798173.196367968,295.9683882200325,91.48625196389057,178.06661066434756,1.75,1675,1820,5601,10120,6.24
368,2022,9,3,-1.6653345369377348e-16,13388377.476221427,295.20232331994526,48.56182877472837,177.69117643751832,1.77,1666,1790,5799,10324,6.21
369,2022,9,4,6.788487475074823e-06,21215534.31931819,297.9278324691779,41.74898064072657,180.21909507749504,1.78,1658,1759,5938,10467,6.18
370,2022,9,5,0.0004887710982174,21608858.783795413,297.50088285644927,50.13762207713497,177.88711309095635,1.8,1650,1729,6133,10668,6.15
371,2022,9,6,1.357697495031618e-05,22764627.59479772,298.73405975895497,35.855525837897105,181.91018191280784,1.82,1642,1699,6324,10863,6.13
372,2022,9,7,-1.6653345369377348e-16,23026987.979344614,299.75414189284885,45.91513715999002,180.6258125986541,1.84,1635,1670,6516,11061,6.1
373,2022,9,8,1.7650067435460992e-05,20541263.808785804,299.2170117348998,91.7403596471482,180.363651169472,1.84,1628,1636,6516,11061,6.08
374,2022,9,9,4.616171483147469e-05,18597117.170084096,298.4026060326879,48.5351198217029,180.1233821321622,1.84,1621,1603,6517,11061,6.06
375,2022,9,10,3.3942437376047185e-05,20172143.92673795,298.050934297985,20.40529365029389,177.37770680297638,1.86,1614,1573,6625,11172,6.04
376,2022,9,11,0.0036956525815231,18590633.79979052,298.2760078565573,3.415697516801292,179.55095225411534,1.88,1608,1545,6804,11353,6.01
377,2022,9,12,-1.6653345369377348e-16,20919892.633930918,298.0713955305825,34.89885175721325,178.27606527204193,1.91,1577,1517,6975,11527,5.91
378,2022,9,13,4.751941232653684e-05,18702147.768840104,295.76301581855256,124.32838797123983,177.78480839125007,1.93,1524,1489,7151,11705,5.73
379,2022,9,14,0.0348032175880845,11604153.97142804,294.9860970402525,118.6983688405731,177.48638177506888,1.94,1466,1460,7324,11879,5.53
380,2022,9,15,0.0103633049797084,12327698.096191635,294.45480426218273,126.33409055782896,177.22268552221092,1.96,1349,1432,7429,11985,5.12
381,2022,9,16,2.036546242555753e-05,19963379.40328465,297.15179537846376,19.2063852951695,180.08215902154987,1.98,1260,1404,7537,12093,4.8
382,2022,9,17,1.629236994041272e-05,20321693.66817654,299.2010501492926,46.68875844663216,180.16017703016055,2.0,1260,1376,7691,12248,4.8
383,2023,6,14,2.2209772860794924e-05,26975231.31691285,302.3291345930567,55.17050054173713,179.88252751618407,0.0,8,3,0,10,0.01
384,2023,6,15,1.2338762700438157e-05,28006539.24767746,304.9895725760652,86.59765887907032,180.15584352456625,0.02,9,3,0,12,0.01
385,2023,6,16,0.0007033094739254,21685888.30438958,304.4833434295185,68.42645300020739,180.1475538329533,0.04,10,4,0,14,0.02
386,2023,6,17,0.0011141902718503,17783748.692151044,299.8923408982094,81.47562073626118,180.1796936615815,0.06,12,4,0,16,0.02
387,2023,6,18,0.00978772351213,17228429.03712395,299.75369086465486,51.23308580170848,179.66682259962442,0.08,13,4,0,17,0.02
388,2023,6,19,0.0144264813493633,7409308.096656693,296.0740960314573,36.412731469779445,177.77123718375023,0.1,15,5,0,20,0.02
389,2023,6,20,1.4189577105507e-05,26383533.18408998,300.7021930849749,7.9132016248520305,181.7315898242191,0.12,16,6,0,21,0.03
390,2023,6,21,7.403257620275383e-06,27957888.512312025,304.2187672547824,20.9153327749463,181.3084739112701,0.14,18,7,0,25,0.03
391,2023,6,22,2.529446353589579e-05,28286609.69721362,305.4027288061812,74.1111404478029,180.4606378785032,0.16,21,8,0,29,0.03
392,2023,6,23,4.4419545721600256e-05,27307020.566206865,305.6694592907371,94.1687238822176,180.38437120792148,0.18,24,10,0,34,0.04
393,2023,6,24,2.961303048104602e-05,25995642.185906097,304.45059118804033,69.09346880554935,179.452217010082,0.21,28,12,0,40,0.05
394,2023,6,25,0.0385746738304094,19763088.52017185,299.1481278387639,54.65553828113031,178.6685837208361,0.23,32,14,0,46,0.05
395,2023,6,26,0.0240747768429784,21241018.96748942,301.5145361924696,51.57230886834906,180.3334378514216,0.25,35,17,0,52,0.06
396,2023,6,27,0.0007378580094867,23698100.250900548,304.27551985409593,79.55606755306111,180.1883133535765,0.27,40,20,0,60,0.07
397,2023,6,28,0.3757689978463781,11629649.815879976,300.03469365176653,21.475074802991184,180.9843160626436,0.29,45,24,0,69,0.08
398,2023,6,29,1.3572638970473644e-05,25107218.396845385,301.6917954973246,11.557917437062596,178.52044240340587,0.31,49,26,0,75,0.09
399,2023,6,30,2.344364913083388e-05,28254614.16854986,304.03898336810727,43.61431270095444,180.07256944529482,0.33,56,31,0,88,0.11
400,2023,7,1,1.048794829536931e-05,24980551.16692997,303.5888672601465,71.70966565734454,180.01930938080386,0.35,66,39,0,105,0.13
401,2023,7,2,0.000221480790473,22178531.78682877,303.70711867259536,42.58339406899553,180.2545058818346,0.37,77,47,0,124,0.15
402,2023,7,3,0.0760296049457533,16064317.747659098,301.5470528063112,41.79422741348872,180.13201179376696,0.4,88,55,0,144,0.18
403,2023,7,4,0.0094811052590239,13119414.225854006,299.42303796841657,55.274879558631454,181.16012130276923,0.42,96,61,0,157,0.2
404,2023,7,5,9.871010160367176e-06,27786076.906336788,305.3611236977875,119.82695749969623,180.4454753334001,0.44,107,70,0,177,0.23
405,2023,7,6,8.63713389032128e-06,23855448.124740116,303.1979946722284,130.39118506030894,180.23321021845695,0.46,127,86,0,213,0.28
406,2023,7,7,0.0018588346008224,26709624.599512365,305.06366063720947,66.85747508765384,180.19294495345648,0.48,147,103,0,250,0.33
407,2023,7,8,4.071791691147991e-05,25345650.829627343,306.57006177865884,28.644351879257872,180.9152245303208,0.51,175,127,0,302,0.41
408,2023,7,9,0.001049411767673,24997206.373631656,306.66572659909144,26.043955268093267,180.26520883124687,0.53,209,157,0,366,0.5
409,2023,7,10,0.0314354657319304,19754760.91682101,304.19032363294366,79.60159462701118,179.79911359301107,0.55,249,193,0,442,0.62
410,2023,7,11,0.0643670064412902,18491156.68205928,303.9324460153032,46.62475860615519,179.44765189935717,0.58,288,229,0,518,0.73
411,2023,7,12,0.6332703382708302,6224158.651358142,300.40513395748815,19.826075839725128,179.46006194343516,0.6,326,265,0,591,0.84
412,2023,7,13,0.0109413978246219,12870462.7151552,301.0204923608408,38.91123648813864,181.7652023194809,0.62,355,293,0,649,0.93
413,2023,7,14,6.786319485252434e-06,25417531.195392493,304.89629769308885,64.32008578142185,181.28138693803348,0.64,388,326,0,714,1.04
414,2023,7,15,0.0,25027448.7226426,301.1686684831293,55.07645473005372,182.88493587123023,0.66,452,390,0,842,1.24
415,2023,7,16,0.0,26466809.217598382,302.88333079418334,12.18997393555088,179.13111465720868,0.68,531,469,0,1000,1.49
416,2023,7,17,6.786319485252434e-06,26051743.93479597,302.0595429157715,60.57957576215958,178.78268125128864,0.7,634,571,0,1205,1.83
417,2023,7,18,2.159283472574422e-05,25428488.568222545,301.9252351629474,34.25142375844355,179.19516881769204,0.72,749,686,0,1435,2.22
418,2023,7,19,0.0001369602659749,23656462.234146345,301.9778137869853,69.00749127307009,180.1912836071129,0.74,878,815,0,1693,2.66
419,2023,7,20,0.0056721292133957,22069834.64835465,302.23471523298866,58.48493695101772,179.75566968958523,0.76,1004,942,0,1946,3.1
420,2023,7,21,0.0601520851028173,12464163.330616826,299.0069195622985,13.653126647595082,178.47700491582737,0.79,1132,1069,0,2201,3.55
421,2023,7,22,0.0146769582321824,18130439.968493927,299.8053606392376,23.22780151563755,182.09557290306256,0.81,1203,1140,0,2343,3.8
422,2023,7,23,0.0024850268078701,23676623.800153643,301.81492776795886,33.10580866596634,180.2345027711519,0.82,1306,1243,0,2549,4.18
423,2023,7,24,3.3314659291173304e-05,23137082.762001827,303.92187643275014,51.21770878583067,180.01624838730345,0.85,1437,1374,0,2811,4.66
424,2023,7,25,0.0097124570596573,22036524.234951284,303.0392489673867,50.502051301942615,179.97499384836385,0.87,1602,1540,0,3142,5.29
425,2023,7,26,0.0436045704452469,21624088.721628085,301.4307200760455,48.84815074784546,179.75214883040536,0.89,1776,1713,0,3490,5.95
426,2023,7,27,0.0001739765540762,24350721.376658514,303.0624077979489,52.52431822813844,179.45470135163194,0.91,1918,1861,19,3804,6.51
427,2023,7,28,0.1797461595150412,16101572.81528128,301.03055702702983,46.64376932492248,178.30769303648222,0.93,2029,1985,93,4126,6.98
428,2023,7,29,0.2535072829383173,7173067.138440747,299.7971136719589,106.4601404383884,178.36609971144054,0.95,2081,2056,184,4360,7.23
429,2023,7,30,0.4651688860543365,10086851.721408488,300.4725571226276,85.27148653411938,179.13997096131823,0.97,2089,2086,257,4492,7.31
430,2023,7,31,0.0721836126120238,16606926.850203332,302.2544406322756,89.74966552584166,179.58791146436002,0.99,2086,2106,350,4626,7.34
431,2023,8,1,0.0065093142626211,21013105.61262432,302.3822181334586,93.13540918260358,179.91905818710984,1.0,2079,2123,547,4857,7.35
432,2023,8,2,0.0087413964351321,18378076.59445313,302.7585154690025,93.8291886166679,180.2358005147388,1.03,2069,2137,794,5131,7.35
433,2023,8,3,6.72462567174216e-05,22687392.181056444,304.1849378583942,97.43249736541154,180.241515146242,1.06,2059,2151,1038,5402,7.34
434,2023,8,4,0.0006033654960518,22327113.762404293,304.9727756916895,82.66006641684166,180.2168392373258,1.09,2048,2164,1281,5670,7.32
435,2023,8,5,0.1512232587185514,15551074.404299408,300.87184498327906,25.89534575629625,177.2907663735312,1.12,2036,2177,1518,5931,7.3
436,2023,8,6,0.0007835114314784,19910793.905920967,299.0171861950333,82.14501354370586,177.94046070386418,1.15,2021,2187,1697,6128,7.27
437,2023,8,7,4.935505080183589e-06,19459350.145322777,299.8281828588905,56.49556985923712,178.1770243908263,1.18,2009,2200,1938,6391,7.25
438,2023,8,8,8.63713389032128e-06,23288294.50705656,300.8559906094494,59.1049298638852,178.14649497071804,1.2,1997,2214,2189,6666,7.22
439,2023,8,9,1.8508144050646824e-05,23853256.650174104,300.7712656435702,79.91526258954003,177.79029528239298,1.23,1985,2227,2434,6934,7.19
440,2023,8,10,0.0,24128067.560751837,301.8229391076009,54.16682654316608,178.35758060929948,1.26,1972,2240,2673,7193,7.16
441,2023,8,11,0.0050305135529725,21791079.083558094,304.2308515864274,57.35110318066021,180.12336155752865,1.29,1960,2254,2925,7467,7.13
442,2023,8,12,0.1069758387366111,5326968.964033388,298.4099401145955,39.883513174521816,182.66269737972289,1.31,1947,2267,3169,7731,7.09
443,2023,8,13,0.0003979250970893,22944233.000192888,300.380460377834,44.7828232750625,177.88815370261548,1.34,1930,2272,3252,7821,7.04
444,2023,8,14,0.0,24109659.174397346,301.99087429026747,44.77846444827562,178.57446240058945,1.37,1917,2284,3486,8072,7.0
445,2023,8,15,0.0,23278652.018966112,302.4988874746336,45.917494890643454,179.12838223075087,1.39,1904,2297,3730,8335,6.96
446,2023,8,16,0.0,23979485.58517631,303.6049572616125,37.16853756631557,179.94717019928507,1.42,1891,2310,3966,8587,6.92
447,2023,8,17,0.0028490203075333,21131006.94427569,303.7832263991956,12.068815439043195,178.88185729888957,1.45,1878,2323,4202,8841,6.88
448,2023,8,18,0.0080362361468015,12230990.436793294,300.6320433714698,11.212001354735566,179.27290681619175,1.47,1864,2334,4415,9068,6.84
449,2023,8,19,0.0415180856726012,17201254.752505418,301.471921251348,34.83127449844036,179.47127594541382,1.5,1849,2337,4482,9139,6.79
450,2023,8,20,0.2429107535311728,12656574.79751256,300.46050645207345,28.584800084282573,179.12800581634716,1.53,1835,2297,4597,9261,6.74
451,2023,8,21,0.0408018204978402,13362667.902681189,300.30674258869,7.570257425295876,182.62945923969488,1.56,1821,2255,4668,9336,6.7
452,2023,8,22,0.0005509257545749,22899965.213959478,300.48248714445293,47.39693836199155,177.86893700409794,1.58,1807,2218,4830,9508,6.65
453,2023,8,23,1.7274267780614805e-05,23359298.282995302,300.49638917500846,51.78009237915088,177.94721691361627,1.61,1794,2185,5051,9740,6.61
454,2023,8,24,0.0167862697158239,16045909.36130461,296.67905315771145,56.20393213968861,177.6139965200195,1.63,1781,2153,5277,9978,6.57
455,2023,8,25,0.0004293889419755,20935089.11807434,299.29280320759545,64.6470785126087,178.22546211643157,1.65,1769,2119,5451,10160,6.53
456,2023,8,26,0.2421735124598211,8434479.898636468,295.47947286011964,98.3906739892605,177.95426949006452,1.67,1757,2086,5668,10387,6.49
457,2023,8,27,0.2529693128845777,3366475.817280272,293.2097728206655,119.46415120255948,177.29769228658324,1.7,1746,2048,5754,10476,6.45
458,2023,8,28,0.0118482968831048,15549759.519559802,295.8208636443657,103.29991947305798,177.16362233795488,1.71,1735,2011,5849,10576,6.42
459,2023,8,29,3.2080783021137815e-05,21761713.32437355,297.71874327337,23.35285686503036,177.4997753590938,1.73,1724,1977,6025,10758,6.38
460,2023,8,30,1.1104886430413076e-05,22199569.94266248,298.19619218716866,35.343125385484115,179.84217748420156,1.75,1714,1945,6238,10979,6.35
461,2023,8,31,0.0021413922666626,21896708.157639805,299.3545713094582,97.7860653331648,180.22056151853656,1.77,1704,1913,6441,11189,6.31
462,2023,9,1,0.0049311865132338,17869654.49513866,299.6599110653146,42.02602213365197,178.56978002763444,1.79,1695,1880,6643,11396,6.28
463,2023,9,2,0.0016540111399949,18602921.88492582,300.0974715863573,69.18541449388903,180.29724117060363,1.82,1686,1847,6788,11544,6.25
464,2023,9,3,0.0001721257396712,21195436.296516404,300.5942419663517,92.95757275817476,180.3643155130252,1.84,1677,1813,6947,11707,6.22
465,2023,9,4,0.0004515987148363,20750566.959616244,300.7917315868576,31.243494512327395,179.57055110423067,1.86,1669,1781,7131,11895,6.2
466,2023,9,5,1.3572638970504867e-05,20569989.455376968,300.1315029492909,82.61051516811753,178.240476613447,1.89,1661,1748,7310,12077,6.17
467,2023,9,6,3.639934996628458e-05,21400120.0209818,300.50793492919854,69.74491110251735,178.3636256047939,1.92,1573,1716,7483,12252,5.87
468,2023,9,7,4.380260758655649e-05,20042720.674794808,301.5537513634069,37.0225778813212,180.1831251634996,1.94,1444,1683,7659,12431,5.43
469,2023,9,8,0.0007100957934107,18720823.21657719,300.8660216145476,45.3242077047503,180.1567184209824,1.96,1317,1651,7827,12600,4.99
470,2023,9,9,0.0262815645519534,17138578.579917513,298.8594839840104,41.83461111056155,178.02641009487468,1.99,1190,1619,7985,12758,4.54
471,2023,9,10,0.0036664633364379,15375756.439018557,298.7119810835405,12.479365228470478,177.99628463188833,2.02,1119,1586,8131,12905,4.29
