time_val,dvs,tsum,wlv,wst,wso,tagp,lai
2019-01-01,0.36,479,769,156,0,925,1.41
2019-01-02,0.36,479,769,156,0,925,1.41
2019-01-03,0.36,479,769,156,0,925,1.41
2019-01-04,0.36,479,769,156,0,925,1.41
2019-01-05,0.36,479,769,156,0,925,1.41
2019-01-06,0.36,479,769,156,0,925,1.41
2019-01-07,0.36,479,769,156,0,925,1.41
2019-01-08,0.36,479,769,156,0,925,1.41
2019-01-09,0.36,479,769,156,0,925,1.41
2019-01-10,0.36,479,769,156,0,925,1.41
2019-01-11,0.36,479,769,156,0,925,1.41
2019-01-12,0.36,479,769,156,0,925,1.41
2019-01-13,0.36,481,769,156,0,925,1.41
2019-01-14,0.36,481,769,156,0,925,1.41
2019-01-15,0.36,481,769,156,0,925,1.41
2019-01-16,0.36,481,769,156,0,925,1.41
2019-01-17,0.36,481,769,156,0,925,1.41
2019-01-18,0.36,481,769,156,0,925,1.41
2019-01-19,0.36,482,769,156,0,925,1.41
2019-01-20,0.36,484,769,156,0,925,1.41
2019-01-21,0.36,484,769,156,0,925,1.41
2019-01-22,0.36,486,769,156,0,925,1.41
2019-01-23,0.37,488,769,156,0,925,1.41
2019-01-24,0.37,492,769,156,0,925,1.41
2019-01-25,0.37,495,769,156,0,925,1.41
2019-01-26,0.37,499,769,156,0,925,1.41
2019-01-27,0.37,499,769,156,0,925,1.41
2019-01-28,0.38,501,769,156,0,925,1.41
2019-01-29,0.38,503,769,156,0,925,1.41
2019-01-30,0.38,505,769,156,0,925,1.41
2019-01-31,0.38,507,769,156,0,925,1.41
2019-02-01,0.38,508,769,156,0,925,1.41
2019-02-02,0.38,509,769,156,0,925,1.41
2019-02-03,0.39,513,769,156,0,925,1.41
2019-02-04,0.39,516,769,156,0,925,1.41
2019-02-05,0.39,521,769,156,0,925,1.41
2019-02-06,0.4,529,769,156,0,925,1.41
2019-02-07,0.4,530,769,156,0,925,1.41
2019-02-08,0.4,530,769,156,0,925,1.41
2019-02-09,0.4,530,769,156,0,925,1.41
2019-02-10,0.4,530,769,156,0,925,1.41
2019-02-11,0.4,530,769,156,0,925,1.41
2019-02-12,0.4,530,769,156,0,925,1.41
2019-02-13,0.4,531,769,156,0,925,1.41
2019-02-14,0.4,532,769,156,0,925,1.41
2019-02-15,0.4,532,769,156,0,925,1.41
2019-02-16,0.4,532,769,156,0,925,1.41
2019-02-17,0.4,532,769,156,0,925,1.41
2019-02-18,0.4,532,769,156,0,925,1.41
2019-02-19,0.4,532,769,156,0,925,1.41
2019-02-20,0.4,532,769,156,0,925,1.41
2019-02-21,0.4,534,769,156,0,925,1.41
2019-02-22,0.4,535,769,156,0,925,1.41
2019-02-23,0.41,540,769,156,0,925,1.41
2019-02-24,0.41,544,769,156,0,925,1.41
2019-02-25,0.41,550,769,156,0,925,1.41
2019-02-26,0.42,557,769,156,0,925,1.41
2019-02-27,0.42,562,769,156,0,925,1.41
2019-02-28,0.43,569,769,156,0,925,1.41
2019-03-01,0.43,576,769,156,0,925,1.41
2019-03-02,0.44,584,769,156,0,925,1.41
2019-03-03,0.44,591,769,156,0,925,1.41
2019-03-04,0.45,598,776,157,0,934,1.42
2019-03-05,0.46,608,794,162,0,955,1.45
2019-03-06,0.46,619,825,169,0,995,1.51
2019-03-07,0.47,627,858,178,0,1036,1.57
2019-03-08,0.47,631,876,182,0,1059,1.6
2019-03-09,0.48,638,895,187,0,1082,1.63
2019-03-10,0.49,648,935,197,0,1132,1.71
2019-03-11,0.49,657,973,206,0,1179,1.78
2019-03-12,0.5,667,1018,218,0,1235,1.86
2019-03-13,0.51,675,1044,224,0,1268,1.91
2019-03-14,0.51,681,1057,228,0,1284,1.94
2019-03-15,0.52,691,1099,240,0,1339,2.02
2019-03-16,0.52,699,1144,254,0,1398,2.11
2019-03-17,0.53,713,1200,273,0,1473,2.22
2019-03-18,0.54,726,1273,300,0,1573,2.37
2019-03-19,0.56,743,1363,337,0,1700,2.55
2019-03-20,0.57,761,1462,383,0,1845,2.76
2019-03-21,0.58,778,1546,427,0,1974,2.94
2019-03-22,0.59,790,1648,488,0,2135,3.16
2019-03-23,0.6,797,1732,542,0,2274,3.35
2019-03-24,0.6,805,1813,596,0,2408,3.53
2019-03-25,0.61,814,1916,668,0,2584,3.77
2019-03-26,0.62,829,2025,750,0,2775,4.02
2019-03-27,0.63,845,2132,837,0,2969,4.27
2019-03-28,0.65,863,2233,928,0,3161,4.51
2019-03-29,0.65,873,2286,983,0,3269,4.64
2019-03-30,0.66,881,2361,1061,0,3422,4.82
2019-03-31,0.67,888,2440,1148,0,3588,5.01
2019-04-01,0.67,895,2529,1250,0,3778,5.24
2019-04-02,0.68,905,2631,1371,0,4003,5.49
2019-04-03,0.69,916,2721,1486,0,4210,5.72
2019-04-04,0.7,928,2806,1605,0,4420,5.94
2019-04-05,0.71,945,2893,1740,0,4650,6.17
2019-04-06,0.72,962,2972,1881,0,4884,6.39
2019-04-07,0.73,978,3000,1957,0,5006,6.48
2019-04-08,0.74,992,3069,2117,0,5254,6.69
2019-04-09,0.75,1006,3089,2202,0,5383,6.76
2019-04-10,0.76,1015,3105,2289,0,5510,6.83
2019-04-11,0.77,1022,3145,2436,0,5725,6.97
2019-04-12,0.77,1032,3163,2545,0,5880,7.05
2019-04-13,0.78,1042,3207,2727,0,6136,7.21
2019-04-14,0.79,1057,3223,2856,0,6315,7.29
2019-04-15,0.8,1069,3261,3068,0,6600,7.45
2019-04-16,0.81,1084,3291,3281,0,6882,7.58
2019-04-17,0.83,1102,3310,3491,0,7153,7.7
2019-04-18,0.84,1123,3319,3697,0,7412,7.78
2019-04-19,0.86,1142,3321,3923,0,7686,7.86
2019-04-20,0.87,1157,3296,4045,0,7830,7.85
2019-04-21,0.88,1172,3287,4282,0,8105,7.89
2019-04-22,0.89,1189,3260,4437,0,8280,7.88
2019-04-23,0.9,1205,3232,4616,0,8478,7.86
2019-04-24,0.92,1225,3200,4778,0,8654,7.83
2019-04-25,0.93,1245,3162,4917,0,8800,7.78
2019-04-26,0.94,1255,3124,5102,0,8989,7.73
2019-04-27,0.95,1267,3086,5425,0,9318,7.67
2019-04-28,0.96,1277,3046,5590,2,9484,7.6
2019-04-29,0.97,1287,3007,5866,53,9812,7.53
2019-04-30,0.98,1301,2970,6083,150,10125,7.46
2019-05-01,0.99,1319,2934,6216,297,10404,7.4
2019-05-02,1.0,1335,2900,6289,571,10752,7.33
2019-05-03,1.02,1352,2867,6289,921,11102,7.27
2019-05-04,1.04,1370,2836,6289,1258,11440,7.21
2019-05-05,1.06,1390,2806,6289,1506,11688,7.15
2019-05-06,1.08,1407,2778,6289,1784,11965,7.1
2019-05-07,1.1,1421,2750,6289,2153,12335,7.04
2019-05-08,1.11,1436,2724,6289,2510,12691,6.99
2019-05-09,1.13,1453,2698,6289,2732,12914,6.94
2019-05-10,1.15,1470,2674,6289,3082,13263,6.89
2019-05-11,1.18,1491,2650,6289,3250,13431,6.84
2019-05-12,1.2,1511,2628,6289,3582,13764,6.8
2019-05-13,1.23,1533,2606,6289,3855,14037,6.75
2019-05-14,1.25,1551,2585,6289,4157,14338,6.71
2019-05-15,1.27,1569,2565,6289,4484,14666,6.67
2019-05-16,1.29,1591,2546,6289,4774,14956,6.63
2019-05-17,1.32,1615,2528,6289,5024,15205,6.59
2019-05-18,1.35,1640,2510,6289,5197,15378,6.55
2019-05-19,1.37,1661,2493,6289,5433,15615,6.52
2019-05-20,1.4,1683,2476,6289,5715,15896,6.48
2019-05-21,1.41,1700,2460,6289,6044,16225,6.45
2019-05-22,1.44,1721,2445,6289,6308,16490,6.42
2019-05-23,1.47,1744,2430,6289,6464,16646,6.38
2019-05-24,1.5,1772,2415,6289,6464,16646,6.35
2019-05-25,1.52,1797,2401,6289,6545,16727,6.32
2019-05-26,1.56,1824,2388,6164,6577,16759,6.29
2019-05-27,1.58,1849,2375,6040,6697,16879,6.27
2019-05-28,1.61,1871,2363,5920,6898,17080,6.24
2019-05-29,1.63,1892,2351,5801,7111,17293,6.21
2019-05-30,1.66,1914,2244,5685,7284,17466,5.98
2019-05-31,1.69,1938,1976,5571,7437,17619,5.38
2019-06-01,1.71,1959,1867,5460,7611,17793,5.13
2019-06-02,1.74,1984,1659,5351,7672,17854,4.64
2019-06-03,1.77,2011,1452,5244,7672,17854,4.13
2019-06-04,1.8,2041,1261,5139,7672,17854,3.65
2019-06-05,1.84,2070,982,5036,7672,17854,2.93
2019-06-06,1.86,2095,889,4935,7672,17854,2.69
2019-06-07,1.89,2119,755,4837,7684,17865,2.32
2019-06-08,1.92,2142,604,4740,7684,17865,1.89
2019-06-09,1.95,2170,483,4645,7684,17865,1.54
2019-06-10,1.98,2196,359,4552,7684,17865,1.16
2019-06-11,2.01,2221,291,4461,7684,17865,0.95
2019-10-26,0.0,0,94,10,0,105,0.19
2019-10-27,0.01,9,94,10,0,105,0.19
2019-10-28,0.02,22,104,12,0,115,0.21
2019-10-29,0.03,36,112,13,0,124,0.23
2019-10-30,0.04,48,122,14,0,136,0.25
2019-10-31,0.05,64,133,15,0,148,0.27
2019-11-01,0.06,79,144,17,0,161,0.29
2019-11-02,0.07,93,153,18,0,171,0.31
2019-11-03,0.08,111,160,19,0,180,0.32
2019-11-04,0.09,123,166,20,0,187,0.33
2019-11-05,0.1,134,180,23,0,202,0.36
2019-11-06,0.11,145,194,25,0,219,0.39
2019-11-07,0.12,158,202,27,0,229,0.4
2019-11-08,0.13,168,213,29,0,241,0.42
2019-11-09,0.13,177,223,31,0,254,0.44
2019-11-10,0.14,189,234,33,0,267,0.46
2019-11-11,0.15,202,252,36,0,289,0.5
2019-11-12,0.16,213,273,40,0,313,0.53
2019-11-13,0.17,229,291,44,0,335,0.57
2019-11-14,0.18,240,312,48,0,360,0.61
2019-11-15,0.19,249,333,53,0,386,0.64
2019-11-16,0.19,258,356,58,0,414,0.69
2019-11-17,0.2,264,367,60,0,427,0.71
2019-11-18,0.21,274,378,63,0,441,0.73
2019-11-19,0.21,279,394,66,0,460,0.75
2019-11-20,0.21,282,403,69,0,472,0.77
2019-11-21,0.22,289,405,69,0,474,0.78
2019-11-22,0.23,300,412,71,0,482,0.79
2019-11-23,0.23,310,427,74,0,501,0.81
2019-11-24,0.24,323,440,77,0,517,0.84
2019-11-25,0.25,330,450,80,0,530,0.86
2019-11-26,0.25,332,457,82,0,538,0.87
2019-11-27,0.25,333,465,84,0,548,0.88
2019-11-28,0.25,336,472,85,0,558,0.89
2019-11-29,0.25,336,472,85,0,558,0.89
2019-11-30,0.25,338,472,85,0,558,0.89
2019-12-01,0.26,342,472,85,0,558,0.89
2019-12-02,0.26,346,472,85,0,558,0.89
2019-12-03,0.26,346,472,85,0,558,0.89
2019-12-04,0.26,348,472,85,0,558,0.89
2019-12-05,0.26,351,472,85,0,558,0.89
2019-12-06,0.26,352,472,85,0,558,0.89
2019-12-07,0.26,352,472,85,0,558,0.89
2019-12-08,0.27,354,472,85,0,558,0.89
2019-12-09,0.27,357,472,85,0,558,0.89
2019-12-10,0.27,357,472,85,0,558,0.89
2019-12-11,0.27,358,472,85,0,558,0.89
2019-12-12,0.27,359,472,85,0,558,0.89
2019-12-13,0.27,361,472,85,0,558,0.89
2019-12-14,0.28,367,472,85,0,558,0.89
2019-12-15,0.28,369,472,85,0,558,0.89
2019-12-16,0.28,373,472,85,0,558,0.89
2019-12-17,0.28,377,472,85,0,558,0.89
2019-12-18,0.28,379,472,85,0,558,0.89
2019-12-19,0.28,379,472,85,0,558,0.89
2019-12-20,0.28,380,472,85,0,558,0.89
2019-12-21,0.29,380,472,85,0,558,0.89
2019-12-22,0.29,382,472,85,0,558,0.89
2019-12-23,0.29,382,472,85,0,558,0.89
2019-12-24,0.29,384,472,85,0,558,0.89
2019-12-25,0.29,384,472,85,0,558,0.89
2019-12-26,0.29,386,472,85,0,558,0.89
2019-12-27,0.29,387,472,85,0,558,0.89
2019-12-28,0.29,389,472,85,0,558,0.89
2019-12-29,0.3,394,472,85,0,558,0.89
2019-12-30,0.3,402,472,85,0,558,0.89
2019-12-31,0.3,403,472,85,0,558,0.89
2020-01-01,0.3,403,472,85,0,558,0.89
2020-01-02,0.3,403,472,85,0,558,0.89
2020-01-03,0.3,403,472,85,0,558,0.89
2020-01-04,0.3,403,472,85,0,558,0.89
2020-01-05,0.3,406,472,85,0,558,0.89
2020-01-06,0.31,409,472,85,0,558,0.89
2020-01-07,0.31,411,472,85,0,558,0.89
2020-01-08,0.31,412,472,85,0,558,0.89
2020-01-09,0.31,412,472,85,0,558,0.89
2020-01-10,0.31,412,472,85,0,558,0.89
2020-01-11,0.31,412,472,85,0,558,0.89
2020-01-12,0.31,412,472,85,0,558,0.89
2020-01-13,0.31,412,472,85,0,558,0.89
2020-01-14,0.31,412,472,85,0,558,0.89
2020-01-15,0.31,412,472,85,0,558,0.89
2020-01-16,0.31,412,472,85,0,558,0.89
2020-01-17,0.31,412,472,85,0,558,0.89
2020-01-18,0.31,412,472,85,0,558,0.89
2020-01-19,0.31,413,472,85,0,558,0.89
2020-01-20,0.31,414,472,85,0,558,0.89
2020-01-21,0.31,414,472,85,0,558,0.89
2020-01-22,0.31,416,472,85,0,558,0.89
2020-01-23,0.31,419,472,85,0,558,0.89
2020-01-24,0.31,420,472,85,0,558,0.89
2020-01-25,0.32,423,472,85,0,558,0.89
2020-01-26,0.32,425,472,85,0,558,0.89
2020-01-27,0.32,427,472,85,0,558,0.89
2020-01-28,0.32,430,472,85,0,558,0.89
2020-01-29,0.32,432,472,85,0,558,0.89
2020-01-30,0.32,432,472,85,0,558,0.89
2020-01-31,0.32,432,472,85,0,558,0.89
2020-02-01,0.33,436,472,85,0,558,0.89
2020-02-02,0.33,439,472,85,0,558,0.89
2020-02-03,0.33,441,472,85,0,558,0.89
2020-02-04,0.33,442,472,85,0,558,0.89
2020-02-05,0.33,443,472,85,0,558,0.89
2020-02-06,0.33,443,472,85,0,558,0.89
2020-02-07,0.33,443,472,85,0,558,0.89
2020-02-08,0.33,445,472,85,0,558,0.89
2020-02-09,0.34,448,472,85,0,558,0.89
2020-02-10,0.34,454,472,85,0,558,0.89
2020-02-11,0.35,462,472,85,0,558,0.89
2020-02-12,0.35,472,472,85,0,558,0.89
2020-02-13,0.36,481,472,85,0,558,0.89
2020-02-14,0.37,495,483,88,0,571,0.91
2020-02-15,0.38,501,487,89,0,577,0.92
2020-02-16,0.38,501,487,89,0,577,0.92
2020-02-17,0.38,501,487,89,0,577,0.92
2020-02-18,0.38,501,487,89,0,577,0.92
2020-02-19,0.38,506,487,89,0,577,0.92
2020-02-20,0.39,516,487,89,0,577,0.92
2020-02-21,0.39,520,487,89,0,577,0.92
2020-02-22,0.4,529,487,89,0,577,0.92
2020-02-23,0.4,533,487,89,0,577,0.92
2020-02-24,0.41,542,487,89,0,577,0.92
2020-02-25,0.42,553,497,91,0,588,0.93
2020-02-26,0.42,560,515,96,0,611,0.96
2020-02-27,0.42,566,531,100,0,631,0.99
2020-02-28,0.43,571,549,105,0,653,1.02
2020-02-29,0.43,574,563,108,0,671,1.04
2020-03-01,0.44,580,585,114,0,699,1.08
2020-03-02,0.44,588,620,122,0,742,1.14
2020-03-03,0.44,593,654,131,0,784,1.19
2020-03-04,0.45,599,680,137,0,818,1.24
2020-03-05,0.45,601,689,140,0,829,1.25
2020-03-06,0.45,605,691,140,0,831,1.26
2020-03-07,0.46,616,712,145,0,857,1.29
2020-03-08,0.47,624,719,147,0,866,1.31
2020-03-09,0.48,634,719,147,0,866,1.31
2020-03-10,0.48,643,729,150,0,879,1.32
2020-03-11,0.49,649,744,153,0,897,1.35
2020-03-12,0.49,659,777,162,0,938,1.41
2020-03-13,0.51,674,851,180,0,1031,1.55
2020-03-14,0.51,682,913,197,0,1110,1.67
2020-03-15,0.52,691,988,218,0,1207,1.82
2020-03-16,0.53,701,1078,247,0,1325,2.0
2020-03-17,0.53,710,1142,268,0,1411,2.12
2020-03-18,0.54,723,1239,303,0,1542,2.32
2020-03-19,0.55,740,1338,343,0,1681,2.52
2020-03-20,0.56,751,1442,391,0,1833,2.74
2020-03-21,0.57,766,1548,443,0,1990,2.96
2020-03-22,0.59,782,1641,494,0,2135,3.17
2020-03-23,0.6,794,1751,561,0,2312,3.41
2020-03-24,0.61,808,1861,633,0,2494,3.66
2020-03-25,0.62,824,1943,692,0,2635,3.84
2020-03-26,0.63,840,2042,771,0,2813,4.07
2020-03-27,0.64,851,2099,820,0,2919,4.21
2020-03-28,0.64,859,2181,897,0,3078,4.4
2020-03-29,0.65,866,2269,984,0,3253,4.62
2020-03-30,0.66,875,2366,1084,0,3450,4.85
2020-03-31,0.66,886,2469,1194,0,3662,5.1
2020-04-01,0.67,896,2525,1257,0,3781,5.24
2020-04-02,0.68,907,2585,1329,0,3914,5.4
2020-04-03,0.69,916,2639,1397,0,4037,5.53
2020-04-04,0.69,925,2738,1532,0,4274,5.79
2020-04-05,0.7,935,2826,1662,0,4500,6.02
2020-04-06,0.71,945,2914,1806,0,4742,6.26
2020-04-07,0.72,960,2996,1954,0,4987,6.48
2020-04-08,0.73,977,3070,2107,0,5234,6.7
2020-04-09,0.74,990,3109,2218,0,5407,6.82
2020-04-10,0.75,999,3127,2304,0,5537,6.89
2020-04-11,0.76,1007,3140,2386,0,5659,6.95
2020-04-12,0.76,1017,3196,2566,0,5924,7.14
2020-04-13,0.77,1028,3249,2758,0,6202,7.32
2020-04-14,0.78,1041,3295,2955,0,6481,7.5
2020-04-15,0.79,1057,3330,3150,0,6750,7.64
2020-04-16,0.81,1076,3355,3346,0,7015,7.77
2020-04-17,0.82,1093,3370,3544,0,7273,7.87
2020-04-18,0.83,1107,3382,3767,0,7557,7.98
2020-04-19,0.84,1120,3375,3943,0,7777,8.03
2020-04-20,0.85,1134,3360,4109,0,7979,8.06
2020-04-21,0.86,1149,3357,4359,0,8277,8.14
2020-04-22,0.87,1161,3349,4623,0,8586,8.2
2020-04-23,0.88,1171,3334,4879,0,8881,8.24
2020-04-24,0.88,1180,3314,5140,0,9176,8.26
2020-04-25,0.89,1192,3294,5428,0,9499,8.28
2020-04-26,0.91,1207,3269,5720,0,9821,8.28
2020-04-27,0.91,1219,3239,6024,0,10149,8.26
2020-04-28,0.92,1233,3205,6334,0,10478,8.22
2020-04-29,0.94,1251,3166,6632,0,10789,8.17
2020-04-30,0.95,1272,3121,6916,0,11079,8.09
2020-05-01,0.97,1298,3072,7058,14,11234,7.99
2020-05-02,0.99,1324,3026,7160,106,11428,7.9
2020-05-03,1.0,1349,2983,7186,263,11611,7.81
2020-05-04,1.03,1375,2941,7186,404,11752,7.73
2020-05-05,1.05,1395,2902,7186,563,11911,7.65
2020-05-06,1.07,1412,2864,7186,916,12264,7.57
2020-05-07,1.09,1430,2828,7186,1254,12602,7.5
2020-05-08,1.12,1450,2793,7186,1384,12732,7.42
2020-05-09,1.13,1465,2761,7186,1552,12900,7.35
2020-05-10,1.15,1479,2729,7186,1727,13076,7.29
2020-05-11,1.17,1497,2699,7186,2079,13427,7.23
2020-05-12,1.19,1515,2670,7186,2407,13755,7.16
2020-05-13,1.21,1533,2643,7186,2671,14019,7.11
2020-05-14,1.24,1556,2617,7186,2937,14285,7.05
2020-05-15,1.26,1578,2591,7186,3043,14391,6.99
2020-05-16,1.28,1599,2567,7186,3337,14685,6.94
2020-05-17,1.31,1622,2544,7186,3561,14909,6.89
2020-05-18,1.34,1644,2522,7186,3834,15182,6.84
2020-05-19,1.35,1660,2500,7186,4193,15541,6.8
2020-05-20,1.38,1679,2480,7186,4524,15872,6.75
2020-05-21,1.4,1699,2460,7186,4820,16168,6.71
2020-05-22,1.43,1725,2441,7186,4961,16310,6.67
2020-05-23,1.46,1750,2423,7186,5137,16485,6.62
2020-05-24,1.48,1771,2405,7186,5370,16718,6.59
2020-05-25,1.5,1791,2388,7186,5622,16970,6.55
2020-05-26,1.53,1813,2372,7042,5852,17200,6.51
2020-05-27,1.56,1837,2356,6901,6019,17367,6.48
2020-05-28,1.58,1858,2341,6763,6253,17601,6.44
2020-05-29,1.6,1880,2326,6628,6396,17744,6.41
2020-05-30,1.63,1906,2312,6495,6459,17807,6.38
2020-05-31,1.66,1929,2299,6365,6538,17886,6.35
2020-06-01,1.69,1952,2219,6238,6685,18033,6.17
2020-06-02,1.71,1974,2064,6113,6828,18176,5.8
2020-06-03,1.74,1998,1796,5991,6874,18222,5.16
2020-06-04,1.77,2027,1638,5871,6874,18222,4.77
2020-06-05,1.81,2057,1420,5754,6874,18222,4.21
2020-06-06,1.83,2082,1129,5639,6906,18254,3.45
2020-06-07,1.86,2108,1036,5526,6906,18254,3.2
2020-06-08,1.9,2139,889,5416,6906,18254,2.79
2020-06-09,1.93,2168,637,5307,6906,18254,2.06
2020-06-10,1.96,2195,562,5201,6906,18254,1.84
2020-06-11,1.99,2221,433,5097,6906,18254,1.44
2020-06-12,2.02,2249,329,4995,6906,18254,1.11
2020-10-26,0.0,0,94,10,0,105,0.19
2020-10-27,0.01,15,103,11,0,115,0.21
2020-10-28,0.02,29,108,12,0,120,0.22
2020-10-29,0.03,44,113,13,0,126,0.23
2020-10-30,0.04,56,118,13,0,131,0.24
2020-10-31,0.05,66,126,14,0,140,0.25
2020-11-01,0.06,80,133,15,0,148,0.27
2020-11-02,0.07,92,140,17,0,157,0.28
2020-11-03,0.08,102,151,18,0,169,0.3
2020-11-04,0.08,110,162,20,0,182,0.32
2020-11-05,0.09,120,175,22,0,197,0.35
2020-11-06,0.1,134,182,23,0,205,0.36
2020-11-07,0.11,149,196,26,0,222,0.39
2020-11-08,0.12,161,212,29,0,240,0.42
2020-11-09,0.13,171,226,31,0,257,0.45
2020-11-10,0.13,180,242,34,0,276,0.48
2020-11-11,0.14,189,260,38,0,298,0.51
2020-11-12,0.15,202,280,42,0,322,0.55
2020-11-13,0.16,217,301,46,0,346,0.59
2020-11-14,0.17,228,318,49,0,367,0.62
2020-11-15,0.18,239,336,53,0,389,0.65
2020-11-16,0.19,252,355,57,0,412,0.69
2020-11-17,0.2,266,375,62,0,437,0.72
2020-11-18,0.21,277,388,64,0,452,0.75
2020-11-19,0.22,290,400,67,0,467,0.77
2020-11-20,0.22,299,413,70,0,484,0.79
2020-11-21,0.23,303,430,74,0,504,0.82
2020-11-22,0.23,308,439,76,0,515,0.84
2020-11-23,0.23,312,451,79,0,531,0.86
2020-11-24,0.23,313,460,82,0,542,0.88
2020-11-25,0.24,316,474,85,0,559,0.9
2020-11-26,0.24,320,478,86,0,564,0.91
2020-11-27,0.24,325,478,86,0,565,0.91
2020-11-28,0.25,329,480,86,0,566,0.91
2020-11-29,0.25,329,480,86,0,566,0.91
2020-11-30,0.25,330,480,86,0,566,0.91
2020-12-01,0.25,330,480,86,0,566,0.91
2020-12-02,0.25,332,480,86,0,566,0.91
2020-12-03,0.25,333,480,86,0,566,0.91
2020-12-04,0.25,333,480,86,0,566,0.91
2020-12-05,0.25,333,480,86,0,566,0.91
2020-12-06,0.25,334,480,86,0,566,0.91
2020-12-07,0.25,338,480,86,0,566,0.91
2020-12-08,0.25,339,480,86,0,566,0.91
2020-12-09,0.25,339,480,86,0,566,0.91
2020-12-10,0.26,343,480,86,0,566,0.91
2020-12-11,0.26,346,480,86,0,566,0.91
2020-12-12,0.26,346,480,86,0,566,0.91
2020-12-13,0.26,348,480,86,0,566,0.91
2020-12-14,0.26,348,480,86,0,566,0.91
2020-12-15,0.26,348,480,86,0,566,0.91
2020-12-16,0.26,348,480,86,0,566,0.91
2020-12-17,0.26,348,480,86,0,566,0.91
2020-12-18,0.26,348,480,86,0,566,0.91
2020-12-19,0.26,348,480,86,0,566,0.91
2020-12-20,0.26,348,480,86,0,566,0.91
2020-12-21,0.26,348,480,86,0,566,0.91
2020-12-22,0.26,348,480,86,0,566,0.91
2020-12-23,0.26,351,480,86,0,566,0.91
2020-12-24,0.27,356,480,86,0,566,0.91
2020-12-25,0.27,356,480,86,0,566,0.91
2020-12-26,0.27,358,480,86,0,566,0.91
2020-12-27,0.27,361,480,86,0,566,0.91
2020-12-28,0.27,364,480,86,0,566,0.91
2020-12-29,0.27,365,480,86,0,566,0.91
2020-12-30,0.27,365,480,86,0,566,0.91
2020-12-31,0.27,365,480,86,0,566,0.91
2021-01-01,0.27,365,480,86,0,566,0.91
2021-01-02,0.27,365,480,86,0,566,0.91
2021-01-03,0.27,365,480,86,0,566,0.91
2021-01-04,0.27,365,480,86,0,566,0.91
2021-01-05,0.27,365,480,86,0,566,0.91
2021-01-06,0.27,365,480,86,0,566,0.91
2021-01-07,0.27,365,480,86,0,566,0.91
2021-01-08,0.27,365,480,86,0,566,0.91
2021-01-09,0.27,365,480,86,0,566,0.91
2021-01-10,0.27,365,480,86,0,566,0.91
2021-01-11,0.27,365,480,86,0,566,0.91
2021-01-12,0.27,365,480,86,0,566,0.91
2021-01-13,0.27,366,480,86,0,566,0.91
2021-01-14,0.28,370,480,86,0,566,0.91
2021-01-15,0.28,375,480,86,0,566,0.91
2021-01-16,0.28,375,480,86,0,566,0.91
2021-01-17,0.28,375,480,86,0,566,0.91
2021-01-18,0.28,375,480,86,0,566,0.91
2021-01-19,0.28,377,480,86,0,566,0.91
2021-01-20,0.28,377,480,86,0,566,0.91
2021-01-21,0.28,377,480,86,0,566,0.91
2021-01-22,0.28,380,480,86,0,566,0.91
2021-01-23,0.28,380,480,86,0,566,0.91
2021-01-24,0.29,382,480,86,0,566,0.91
2021-01-25,0.29,384,480,86,0,566,0.91
2021-01-26,0.29,386,480,86,0,566,0.91
2021-01-27,0.29,387,480,86,0,566,0.91
2021-01-28,0.29,391,480,86,0,566,0.91
2021-01-29,0.29,392,480,86,0,566,0.91
2021-01-30,0.3,393,480,86,0,566,0.91
2021-01-31,0.3,398,480,86,0,566,0.91
2021-02-01,0.3,404,480,86,0,566,0.91
2021-02-02,0.31,408,480,86,0,566,0.91
2021-02-03,0.31,408,480,86,0,566,0.91
2021-02-04,0.31,412,480,86,0,566,0.91
2021-02-05,0.31,415,480,86,0,566,0.91
2021-02-06,0.32,425,480,86,0,566,0.91
2021-02-07,0.33,435,480,86,0,566,0.91
2021-02-08,0.33,442,480,86,0,566,0.91
2021-02-09,0.33,443,480,86,0,566,0.91
2021-02-10,0.34,448,480,86,0,566,0.91
2021-02-11,0.34,456,480,86,0,566,0.91
2021-02-12,0.35,465,480,86,0,566,0.91
2021-02-13,0.36,478,481,87,0,567,0.91
2021-02-14,0.37,489,485,88,0,573,0.92
2021-02-15,0.37,497,493,90,0,583,0.93
2021-02-16,0.38,500,506,93,0,599,0.95
2021-02-17,0.38,503,517,96,0,612,0.97
2021-02-18,0.38,503,518,96,0,614,0.97
2021-02-19,0.38,505,521,97,0,618,0.97
2021-02-20,0.39,518,521,97,0,618,0.97
2021-02-21,0.4,531,521,97,0,618,0.97
2021-02-22,0.41,547,521,97,0,618,0.97
2021-02-23,0.42,558,539,101,0,640,1.0
2021-02-24,0.42,564,554,105,0,658,1.03
2021-02-25,0.43,568,570,109,0,678,1.05
2021-02-26,0.43,573,592,114,0,706,1.09
2021-02-27,0.43,576,616,120,0,736,1.13
2021-02-28,0.44,583,650,129,0,778,1.19
2021-03-01,0.44,590,663,132,0,795,1.21
2021-03-02,0.45,594,667,133,0,800,1.21
2021-03-03,0.45,596,667,133,0,800,1.21
2021-03-04,0.45,606,671,134,0,805,1.22
2021-03-05,0.46,618,694,140,0,834,1.26
2021-03-06,0.47,629,722,147,0,869,1.31
2021-03-07,0.47,630,727,148,0,875,1.32
2021-03-08,0.48,634,736,151,0,887,1.34
2021-03-09,0.48,639,748,153,0,901,1.36
2021-03-10,0.49,649,790,164,0,955,1.44
2021-03-11,0.49,658,815,170,0,985,1.48
2021-03-12,0.5,668,838,176,0,1014,1.53
2021-03-13,0.51,676,868,183,0,1051,1.58
2021-03-14,0.52,687,919,197,0,1116,1.68
2021-03-15,0.52,698,996,221,0,1217,1.83
2021-03-16,0.53,712,1044,236,0,1280,1.93
2021-03-17,0.54,721,1120,265,0,1384,2.08
2021-03-18,0.55,731,1199,296,0,1495,2.24
2021-03-19,0.56,742,1252,318,0,1570,2.35
2021-03-20,0.56,749,1308,344,0,1652,2.47
2021-03-21,0.57,758,1359,369,0,1728,2.58
2021-03-22,0.57,763,1426,404,0,1831,2.72
2021-03-23,0.58,772,1523,456,0,1980,2.93
2021-03-24,0.59,786,1630,517,0,2148,3.17
2021-03-25,0.6,800,1738,584,0,2322,3.4
2021-03-26,0.61,813,1844,657,0,2501,3.65
2021-03-27,0.62,829,1902,699,0,2601,3.78
2021-03-28,0.63,843,1966,752,0,2718,3.93
2021-03-29,0.64,858,2025,805,0,2830,4.07
2021-03-30,0.65,872,2081,859,0,2940,4.2
2021-03-31,0.66,885,2185,970,0,3155,4.46
2021-04-01,0.68,900,2268,1063,0,3331,4.66
2021-04-02,0.69,916,2344,1155,0,3499,4.85
2021-04-03,0.7,929,2396,1224,0,3620,4.99
2021-04-04,0.7,939,2445,1292,0,3738,5.12
2021-04-05,0.71,949,2539,1430,0,3968,5.36
2021-04-06,0.72,959,2614,1547,0,4161,5.56
2021-04-07,0.73,971,2707,1705,0,4415,5.81
2021-04-08,0.74,984,2792,1867,0,4670,6.05
2021-04-09,0.75,997,2872,2036,0,4930,6.28
2021-04-10,0.76,1012,2942,2207,0,5186,6.49
2021-04-11,0.77,1028,3003,2382,0,5442,6.68
2021-04-12,0.78,1043,3034,2512,0,5626,6.8
2021-04-13,0.8,1060,3074,2682,0,5861,6.94
2021-04-14,0.8,1072,3116,2887,0,6135,7.1
2021-04-15,0.81,1083,3154,3107,0,6425,7.25
2021-04-16,0.82,1098,3182,3318,0,6698,7.38
2021-04-17,0.83,1112,3204,3540,0,6978,7.49
2021-04-18,0.84,1123,3219,3772,0,7265,7.59
2021-04-19,0.85,1135,3232,4022,0,7568,7.69
2021-04-20,0.87,1154,3235,4259,0,7851,7.77
2021-04-21,0.88,1170,3210,4380,0,7991,7.75
2021-04-22,0.89,1186,3184,4506,0,8134,7.73
2021-04-23,0.9,1201,3157,4655,0,8299,7.71
2021-04-24,0.91,1213,3127,4798,0,8455,7.69
2021-04-25,0.92,1228,3101,5012,0,8684,7.68
2021-04-26,0.93,1243,3070,5217,0,8899,7.64
2021-04-27,0.94,1255,3035,5391,0,9079,7.59
2021-04-28,0.95,1272,3001,5707,0,9399,7.54
2021-04-29,0.97,1288,2964,6013,30,9735,7.48
2021-04-30,0.98,1306,2928,6227,134,10053,7.41
2021-05-01,0.99,1319,2894,6346,303,10341,7.35
2021-05-02,1.0,1332,2861,6422,593,10707,7.29
2021-05-03,1.0,1345,2830,6426,954,11073,7.23
2021-05-04,1.02,1359,2800,6426,1126,11245,7.17
2021-05-05,1.03,1375,2771,6426,1462,11581,7.11
2021-05-06,1.05,1391,2743,6426,1817,11936,7.06
2021-05-07,1.08,1414,2716,6426,2105,12223,7.01
2021-05-08,1.1,1431,2691,6426,2451,12569,6.96
2021-05-09,1.12,1453,2666,6426,2767,12885,6.91
2021-05-10,1.15,1474,2643,6426,2983,13102,6.86
2021-05-11,1.17,1494,2620,6426,3250,13368,6.82
2021-05-12,1.19,1512,2598,6426,3598,13716,6.77
2021-05-13,1.21,1531,2577,6426,3936,14055,6.73
2021-05-14,1.24,1553,2557,6426,4158,14276,6.69
2021-05-15,1.26,1576,2537,6426,4259,14378,6.65
2021-05-16,1.28,1594,2519,6426,4399,14518,6.61
2021-05-17,1.3,1609,2500,6426,4580,14698,6.57
2021-05-18,1.32,1627,2483,6426,4930,15049,6.54
2021-05-19,1.34,1647,2466,6426,5261,15379,6.5
2021-05-20,1.37,1668,2450,6426,5495,15614,6.47
2021-05-21,1.39,1689,2434,6426,5747,15866,6.44
2021-05-22,1.42,1711,2419,6426,6032,16150,6.4
2021-05-23,1.44,1736,2405,6426,6180,16299,6.37
2021-05-24,1.47,1757,2391,6426,6352,16471,6.34
2021-05-25,1.49,1778,2377,6426,6620,16738,6.31
2021-05-26,1.51,1797,2364,6426,6896,17015,6.29
2021-05-27,1.54,1820,2351,6298,7114,17233,6.26
2021-05-28,1.56,1842,2339,6172,7312,17430,6.23
2021-05-29,1.59,1862,2327,6049,7543,17662,6.21
2021-05-30,1.62,1886,2266,5928,7681,17799,6.08
2021-05-31,1.64,1907,2062,5809,7892,18011,5.63
2021-06-01,1.67,1931,1954,5693,7980,18099,5.39
2021-06-02,1.69,1954,1790,5579,8102,18220,5.02
2021-06-03,1.72,1979,1667,5467,8156,18274,4.73
2021-06-04,1.75,2001,1611,5358,8275,18393,4.6
2021-06-05,1.77,2024,1424,5251,8342,18461,4.14
2021-06-06,1.8,2049,1348,5146,8342,18461,3.95
2021-06-07,1.83,2075,1153,5043,8342,18461,3.44
2021-06-08,1.86,2105,982,4942,8342,18461,2.98
2021-06-09,1.9,2132,798,4843,8342,18461,2.47
2021-06-10,1.93,2159,632,4746,8342,18461,2.0
2021-06-11,1.95,2183,514,4651,8342,18461,1.65
2021-06-12,1.98,2208,374,4558,8342,18461,1.22
2021-06-13,2.01,2237,254,4467,8342,18461,0.85
2021-11-04,0.0,0,94,10,0,105,0.19
2021-11-05,0.01,15,103,11,0,114,0.21
2021-11-06,0.02,31,108,12,0,120,0.22
2021-11-07,0.04,48,113,13,0,126,0.23
2021-11-08,0.04,55,117,13,0,131,0.24
2021-11-09,0.04,55,119,13,0,132,0.24
2021-11-10,0.04,58,123,14,0,138,0.25
2021-11-11,0.05,65,130,15,0,145,0.26
2021-11-12,0.05,72,133,15,0,148,0.26
2021-11-13,0.06,79,133,15,0,148,0.26
2021-11-14,0.07,88,133,15,0,148,0.26
2021-11-15,0.07,97,133,15,0,148,0.26
2021-11-16,0.08,108,134,16,0,150,0.27
2021-11-17,0.09,116,136,16,0,152,0.27
2021-11-18,0.09,126,142,17,0,159,0.28
2021-11-19,0.1,139,153,19,0,172,0.3
2021-11-20,0.11,151,162,20,0,182,0.32
2021-11-21,0.12,159,166,21,0,188,0.33
2021-11-22,0.13,167,172,22,0,194,0.34
2021-11-23,0.13,169,176,23,0,198,0.35
2021-11-24,0.13,172,182,24,0,206,0.36
2021-11-25,0.13,177,190,26,0,215,0.37
2021-11-26,0.14,184,194,26,0,220,0.38
2021-11-27,0.14,190,194,26,0,220,0.38
2021-11-28,0.15,197,194,26,0,220,0.38
2021-11-29,0.15,206,194,26,0,220,0.38
2021-11-30,0.16,213,194,26,0,220,0.38
2021-12-01,0.16,216,194,26,0,220,0.38
2021-12-02,0.16,218,194,26,0,220,0.38
2021-12-03,0.17,224,194,26,0,220,0.38
2021-12-04,0.17,229,194,26,0,220,0.38
2021-12-05,0.18,236,194,26,0,220,0.38
2021-12-06,0.18,245,194,26,0,220,0.38
2021-12-07,0.19,252,194,26,0,220,0.38
2021-12-08,0.19,256,194,26,0,220,0.38
2021-12-09,0.2,261,194,26,0,220,0.38
2021-12-10,0.2,268,194,26,0,220,0.38
2021-12-11,0.2,271,194,26,0,220,0.38
2021-12-12,0.21,279,195,27,0,222,0.38
2021-12-13,0.21,281,195,27,0,222,0.38
2021-12-14,0.21,282,195,27,0,222,0.38
2021-12-15,0.22,289,195,27,0,222,0.38
2021-12-16,0.22,293,195,27,0,222,0.38
2021-12-17,0.22,297,195,27,0,222,0.38
2021-12-18,0.22,297,195,27,0,222,0.38
2021-12-19,0.22,297,195,27,0,222,0.38
2021-12-20,0.23,300,195,27,0,222,0.38
2021-12-21,0.23,306,195,27,0,222,0.38
2021-12-22,0.23,312,195,27,0,222,0.38
2021-12-23,0.24,314,195,27,0,222,0.38
2021-12-24,0.24,317,195,27,0,222,0.38
2021-12-25,0.24,317,195,27,0,222,0.38
2021-12-26,0.24,317,195,27,0,222,0.38
2021-12-27,0.24,317,195,27,0,222,0.38
2021-12-28,0.24,317,195,27,0,222,0.38
2021-12-29,0.24,319,195,27,0,222,0.38
2021-12-30,0.24,319,195,27,0,222,0.38
2021-12-31,0.24,319,195,27,0,222,0.38
2022-01-01,0.24,320,195,27,0,222,0.38
2022-01-02,0.24,325,195,27,0,222,0.38
2022-01-03,0.25,327,195,27,0,222,0.38
2022-01-04,0.25,327,195,27,0,222,0.38
2022-01-05,0.25,329,195,27,0,222,0.38
2022-01-06,0.25,331,195,27,0,222,0.38
2022-01-07,0.25,334,195,27,0,222,0.38
2022-01-08,0.25,335,195,27,0,222,0.38
2022-01-09,0.25,338,195,27,0,222,0.38
2022-01-10,0.25,338,195,27,0,222,0.38
2022-01-11,0.25,339,195,27,0,222,0.38
2022-01-12,0.25,339,195,27,0,222,0.38
2022-01-13,0.25,339,195,27,0,222,0.38
2022-01-14,0.25,339,195,27,0,222,0.38
2022-01-15,0.25,339,195,27,0,222,0.38
2022-01-16,0.26,341,195,27,0,222,0.38
2022-01-17,0.26,342,195,27,0,222,0.38
2022-01-18,0.26,342,195,27,0,222,0.38
2022-01-19,0.26,343,195,27,0,222,0.38
2022-01-20,0.26,343,195,27,0,222,0.38
2022-01-21,0.26,343,195,27,0,222,0.38
2022-01-22,0.26,343,195,27,0,222,0.38
2022-01-23,0.26,343,195,27,0,222,0.38
2022-01-24,0.26,343,195,27,0,222,0.38
2022-01-25,0.26,343,195,27,0,222,0.38
2022-01-26,0.26,345,195,27,0,222,0.38
2022-01-27,0.26,345,195,27,0,222,0.38
2022-01-28,0.26,345,195,27,0,222,0.38
2022-01-29,0.26,345,195,27,0,222,0.38
2022-01-30,0.26,345,195,27,0,222,0.38
2022-01-31,0.26,345,195,27,0,222,0.38
2022-02-01,0.26,346,195,27,0,222,0.38
2022-02-02,0.26,346,195,27,0,222,0.38
2022-02-03,0.26,346,195,27,0,222,0.38
2022-02-04,0.26,346,195,27,0,222,0.38
2022-02-05,0.26,347,195,27,0,222,0.38
2022-02-06,0.26,347,195,27,0,222,0.38
2022-02-07,0.26,347,195,27,0,222,0.38
2022-02-08,0.26,349,195,27,0,222,0.38
2022-02-09,0.26,351,195,27,0,222,0.38
2022-02-10,0.27,355,195,27,0,222,0.38
2022-02-11,0.27,358,195,27,0,222,0.38
2022-02-12,0.27,362,195,27,0,222,0.38
2022-02-13,0.27,366,195,27,0,222,0.38
2022-02-14,0.28,370,195,27,0,222,0.38
2022-02-15,0.28,371,195,27,0,222,0.38
2022-02-16,0.28,371,195,27,0,222,0.38
2022-02-17,0.28,371,195,27,0,222,0.38
2022-02-18,0.28,371,195,27,0,222,0.38
2022-02-19,0.28,371,195,27,0,222,0.38
2022-02-20,0.28,371,195,27,0,222,0.38
2022-02-21,0.28,371,195,27,0,222,0.38
2022-02-22,0.28,372,195,27,0,222,0.38
2022-02-23,0.28,372,195,27,0,222,0.38
2022-02-24,0.28,372,195,27,0,222,0.38
2022-02-25,0.28,376,195,27,0,222,0.38
2022-02-26,0.29,387,195,27,0,222,0.38
2022-02-27,0.3,395,195,27,0,222,0.38
2022-02-28,0.3,403,195,27,0,222,0.38
2022-03-01,0.31,416,195,27,0,222,0.38
2022-03-02,0.32,424,202,29,0,231,0.4
2022-03-03,0.32,432,218,32,0,250,0.42
2022-03-04,0.33,442,242,38,0,280,0.46
2022-03-05,0.34,456,268,45,0,313,0.5
2022-03-06,0.35,464,292,51,0,342,0.54
2022-03-07,0.35,471,314,56,0,370,0.58
2022-03-08,0.36,481,336,62,0,398,0.61
2022-03-09,0.37,492,358,67,0,426,0.65
2022-03-10,0.38,506,395,77,0,471,0.71
2022-03-11,0.39,524,435,87,0,522,0.77
2022-03-12,0.4,538,476,97,0,573,0.83
2022-03-13,0.41,546,500,103,0,603,0.87
2022-03-14,0.42,554,524,109,0,633,0.91
2022-03-15,0.43,568,578,122,0,700,1.0
2022-03-16,0.44,582,633,136,0,769,1.09
2022-03-17,0.44,592,667,145,0,811,1.14
2022-03-18,0.45,596,688,150,0,838,1.18
2022-03-19,0.45,600,714,156,0,870,1.22
2022-03-20,0.45,602,738,163,0,901,1.27
2022-03-21,0.46,607,780,173,0,952,1.34
2022-03-22,0.46,613,801,178,0,980,1.38
2022-03-23,0.47,621,825,184,0,1009,1.42
2022-03-24,0.47,632,854,191,0,1045,1.47
2022-03-25,0.48,645,902,203,0,1105,1.56
2022-03-26,0.49,656,947,215,0,1162,1.64
2022-03-27,0.5,665,1032,236,0,1268,1.8
2022-03-28,0.51,676,1117,257,0,1374,1.96
2022-03-29,0.51,685,1212,283,0,1495,2.14
2022-03-30,0.52,699,1295,308,0,1602,2.31
2022-03-31,0.53,710,1353,327,0,1680,2.42
2022-04-01,0.54,720,1439,359,0,1798,2.6
2022-04-02,0.55,730,1546,400,0,1946,2.81
2022-04-03,0.56,742,1659,449,0,2108,3.05
2022-04-04,0.57,753,1783,506,0,2288,3.31
2022-04-05,0.58,770,1905,567,0,2472,3.57
2022-04-06,0.59,788,2026,635,0,2660,3.83
2022-04-07,0.6,802,2102,683,0,2785,4.0
2022-04-08,0.61,815,2227,770,0,2997,4.28
2022-04-09,0.63,834,2346,859,0,3206,4.56
2022-04-10,0.64,857,2443,941,0,3383,4.78
2022-04-11,0.66,883,2528,1024,0,3553,4.99
2022-04-12,0.68,909,2602,1106,0,3708,5.17
2022-04-13,0.7,928,2655,1174,0,3830,5.31
2022-04-14,0.7,940,2762,1323,0,4085,5.59
2022-04-15,0.71,952,2815,1407,0,4225,5.73
2022-04-16,0.72,963,2901,1552,0,4463,5.96
2022-04-17,0.73,974,2993,1723,0,4736,6.22
2022-04-18,0.74,986,3063,1874,0,4972,6.42
2022-04-19,0.75,1001,3115,2007,0,5176,6.58
2022-04-20,0.76,1016,3184,2194,0,5454,6.79
2022-04-21,0.78,1035,3240,2377,0,5719,6.98
2022-04-22,0.79,1056,3284,2563,0,5979,7.14
2022-04-23,0.81,1073,3287,2667,0,6119,7.19
2022-04-24,0.82,1089,3323,2891,0,6414,7.34
2022-04-25,0.83,1112,3334,3065,0,6636,7.43
2022-04-26,0.85,1137,3326,3199,0,6802,7.47
2022-04-27,0.87,1156,3327,3412,0,7055,7.54
2022-04-28,0.88,1172,3309,3564,0,7231,7.55
2022-04-29,0.89,1185,3287,3707,0,7393,7.55
2022-04-30,0.9,1196,3274,3955,0,7668,7.58
2022-05-01,0.91,1209,3256,4207,0,7944,7.6
2022-05-02,0.92,1225,3238,4515,0,8276,7.62
2022-05-03,0.93,1243,3213,4826,0,8603,7.61
2022-05-04,0.95,1263,3181,5132,0,8918,7.57
2022-05-05,0.97,1287,3142,5367,0,9154,7.51
2022-05-06,0.98,1312,3104,5540,79,9407,7.44
2022-05-07,1.0,1333,3067,5639,290,9717,7.38
2022-05-08,1.02,1348,3032,5639,470,9897,7.32
2022-05-09,1.03,1360,2998,5639,650,10077,7.26
2022-05-10,1.04,1371,2965,5639,827,10254,7.2
2022-05-11,1.06,1385,2934,5639,1106,10533,7.15
2022-05-12,1.08,1401,2904,5639,1318,10745,7.09
2022-05-13,1.09,1416,2876,5639,1491,10918,7.04
2022-05-14,1.11,1433,2848,5639,1859,11286,6.99
2022-05-15,1.13,1448,2821,5639,2137,11564,6.94
2022-05-16,1.15,1465,2796,5639,2510,11937,6.89
2022-05-17,1.17,1486,2771,5639,2850,12277,6.85
2022-05-18,1.2,1507,2748,5639,3184,12610,6.8
2022-05-19,1.22,1530,2725,5639,3474,12901,6.76
2022-05-20,1.25,1553,2703,5639,3760,13187,6.72
2022-05-21,1.27,1575,2682,5639,4087,13514,6.68
2022-05-22,1.3,1598,2662,5639,4365,13792,6.64
2022-05-23,1.33,1623,2642,5639,4588,14015,6.6
2022-05-24,1.36,1647,2623,5639,4822,14249,6.57
2022-05-25,1.38,1671,2605,5639,5032,14459,6.53
2022-05-26,1.41,1693,2588,5639,5275,14702,6.5
2022-05-27,1.43,1713,2571,5639,5591,15018,6.46
2022-05-28,1.46,1736,2554,5639,5799,15226,6.43
2022-05-29,1.49,1762,2539,5639,5909,15336,6.4
2022-05-30,1.52,1788,2523,5639,6022,15449,6.37
2022-05-31,1.54,1809,2509,5526,6278,15705,6.34
2022-06-01,1.57,1836,2434,5416,6340,15767,6.2
2022-06-02,1.6,1862,2242,5307,6424,15851,5.8
2022-06-03,1.63,1887,2005,5201,6490,15917,5.31
2022-06-04,1.66,1915,1762,5097,6490,15917,4.79
2022-06-05,1.69,1942,1561,4995,6490,15917,4.33
2022-06-06,1.72,1970,1441,4895,6490,15917,4.06
2022-06-07,1.75,1994,1345,4798,6594,16021,3.83
2022-06-08,1.78,2017,1260,4702,6690,16117,3.63
2022-06-09,1.81,2044,1186,4608,6690,16117,3.44
2022-06-10,1.84,2069,1026,4515,6690,16117,3.03
2022-06-11,1.87,2094,877,4425,6701,16128,2.63
2022-06-12,1.89,2119,690,4337,6701,16128,2.12
2022-06-13,1.92,2146,528,4250,6701,16128,1.67
2022-06-14,1.95,2172,446,4165,6701,16128,1.43
2022-06-15,1.98,2195,336,4082,6701,16128,1.1
2022-06-16,2.01,2219,266,4000,6701,16128,0.89
2022-11-08,0.0,0,94,10,0,105,0.19
2022-11-09,0.01,11,102,11,0,113,0.21
2022-11-10,0.02,26,106,12,0,118,0.21
2022-11-11,0.03,42,110,12,0,122,0.22
2022-11-12,0.04,60,116,13,0,129,0.23
2022-11-13,0.05,72,120,14,0,134,0.24
2022-11-14,0.06,78,125,14,0,139,0.25
2022-11-15,0.06,84,132,15,0,148,0.27
2022-11-16,0.07,95,143,17,0,160,0.29
2022-11-17,0.08,104,150,18,0,169,0.3
2022-11-18,0.09,116,162,20,0,182,0.32
2022-11-19,0.1,127,168,21,0,190,0.34
2022-11-20,0.1,139,175,22,0,197,0.35
2022-11-21,0.11,150,181,23,0,205,0.36
2022-11-22,0.12,162,187,24,0,211,0.37
2022-11-23,0.13,171,192,25,0,218,0.38
2022-11-24,0.14,181,204,28,0,232,0.4
2022-11-25,0.15,195,220,31,0,251,0.43
2022-11-26,0.16,208,236,34,0,270,0.46
2022-11-27,0.16,215,247,36,0,283,0.48
2022-11-28,0.17,222,254,38,0,291,0.5
2022-11-29,0.17,228,260,39,0,299,0.51
2022-11-30,0.17,230,265,40,0,305,0.52
2022-12-01,0.17,230,265,40,0,305,0.52
2022-12-02,0.17,230,265,40,0,305,0.52
2022-12-03,0.17,230,265,40,0,305,0.52
2022-12-04,0.17,230,265,40,0,305,0.52
2022-12-05,0.17,230,265,40,0,305,0.52
2022-12-06,0.17,231,265,40,0,305,0.52
2022-12-07,0.17,232,265,40,0,305,0.52
2022-12-08,0.18,236,265,40,0,305,0.52
2022-12-09,0.18,241,265,40,0,305,0.52
2022-12-10,0.18,241,265,40,0,305,0.52
2022-12-11,0.18,243,265,40,0,305,0.52
2022-12-12,0.18,243,265,40,0,305,0.52
2022-12-13,0.18,245,265,40,0,305,0.52
2022-12-14,0.18,245,265,40,0,305,0.52
2022-12-15,0.18,245,265,40,0,305,0.52
2022-12-16,0.18,245,265,40,0,305,0.52
2022-12-17,0.18,245,265,40,0,305,0.52
2022-12-18,0.18,245,265,40,0,305,0.52
2022-12-19,0.18,245,265,40,0,305,0.52
2022-12-20,0.18,245,265,40,0,305,0.52
2022-12-21,0.18,246,265,40,0,305,0.52
2022-12-22,0.18,246,265,40,0,305,0.52
2022-12-23,0.18,246,265,40,0,305,0.52
2022-12-24,0.18,246,265,40,0,305,0.52
2022-12-25,0.18,246,265,40,0,305,0.52
2022-12-26,0.18,246,265,40,0,305,0.52
2022-12-27,0.18,246,265,40,0,305,0.52
2022-12-28,0.18,246,265,40,0,305,0.52
2022-12-29,0.18,246,265,40,0,305,0.52
2022-12-30,0.18,246,265,40,0,305,0.52
2022-12-31,0.18,246,265,40,0,305,0.52
2023-01-01,0.19,247,265,40,0,305,0.52
2023-01-02,0.19,247,265,40,0,305,0.52
2023-01-03,0.19,247,265,40,0,305,0.52
2023-01-04,0.19,247,265,40,0,305,0.52
2023-01-05,0.19,248,265,40,0,305,0.52
2023-01-06,0.19,248,265,40,0,305,0.52
2023-01-07,0.19,254,265,40,0,305,0.52
2023-01-08,0.19,259,265,40,0,305,0.52
2023-01-09,0.2,264,265,40,0,305,0.52
2023-01-10,0.2,269,265,40,0,305,0.52
2023-01-11,0.2,271,265,40,0,305,0.52
2023-01-12,0.21,275,265,40,0,305,0.52
2023-01-13,0.21,277,265,40,0,305,0.52
2023-01-14,0.21,280,265,40,0,305,0.52
2023-01-15,0.21,280,265,40,0,305,0.52
2023-01-16,0.21,280,265,40,0,305,0.52
2023-01-17,0.21,280,265,40,0,305,0.52
2023-01-18,0.21,280,265,40,0,305,0.52
2023-01-19,0.21,280,265,40,0,305,0.52
2023-01-20,0.21,283,265,40,0,305,0.52
2023-01-21,0.21,283,265,40,0,305,0.52
2023-01-22,0.21,283,265,40,0,305,0.52
2023-01-23,0.21,285,265,40,0,305,0.52
2023-01-24,0.21,285,265,40,0,305,0.52
2023-01-25,0.21,285,265,40,0,305,0.52
2023-01-26,0.21,285,265,40,0,305,0.52
2023-01-27,0.21,285,265,40,0,305,0.52
2023-01-28,0.21,285,265,40,0,305,0.52
2023-01-29,0.21,285,265,40,0,305,0.52
2023-01-30,0.22,288,265,40,0,305,0.52
2023-01-31,0.22,293,265,40,0,305,0.52
2023-02-01,0.22,299,265,40,0,305,0.52
2023-02-02,0.23,302,265,40,0,305,0.52
2023-02-03,0.23,302,265,40,0,305,0.52
2023-02-04,0.23,303,265,40,0,305,0.52
2023-02-05,0.23,305,265,40,0,305,0.52
2023-02-06,0.23,311,265,40,0,305,0.52
2023-02-07,0.24,316,265,40,0,305,0.52
2023-02-08,0.24,319,265,40,0,305,0.52
2023-02-09,0.24,322,265,40,0,305,0.52
2023-02-10,0.24,324,265,40,0,305,0.52
2023-02-11,0.25,329,265,40,0,305,0.52
2023-02-12,0.25,335,265,40,0,305,0.52
2023-02-13,0.25,339,265,40,0,305,0.52
2023-02-14,0.26,341,265,40,0,305,0.52
2023-02-15,0.26,342,265,40,0,305,0.52
2023-02-16,0.26,345,265,40,0,305,0.52
2023-02-17,0.26,349,265,40,0,305,0.52
2023-02-18,0.27,356,265,40,0,305,0.52
2023-02-19,0.27,365,265,40,0,305,0.52
2023-02-20,0.28,369,265,40,0,305,0.52
2023-02-21,0.28,373,265,40,0,305,0.52
2023-02-22,0.28,376,265,40,0,305,0.52
2023-02-23,0.29,380,265,40,0,305,0.52
2023-02-24,0.29,385,265,40,0,305,0.52
2023-02-25,0.29,388,265,40,0,305,0.52
2023-02-26,0.29,390,265,40,0,305,0.52
2023-02-27,0.3,395,265,40,0,305,0.52
2023-02-28,0.3,402,265,40,0,305,0.52
2023-03-01,0.31,411,265,40,0,305,0.52
2023-03-02,0.31,419,265,40,0,305,0.52
2023-03-03,0.32,425,265,40,0,305,0.52
2023-03-04,0.33,439,265,40,0,305,0.52
2023-03-05,0.34,450,275,42,0,317,0.53
2023-03-06,0.35,463,296,48,0,343,0.57
2023-03-07,0.36,481,329,56,0,384,0.62
2023-03-08,0.37,497,365,65,0,430,0.68
2023-03-09,0.38,511,405,75,0,480,0.74
2023-03-10,0.39,526,450,86,0,536,0.81
2023-03-11,0.41,546,496,98,0,594,0.89
2023-03-12,0.42,560,536,108,0,644,0.95
2023-03-13,0.43,568,573,117,0,690,1.01
2023-03-14,0.43,578,632,132,0,764,1.11
2023-03-15,0.45,595,695,148,0,843,1.21
2023-03-16,0.46,608,756,163,0,919,1.31
2023-03-17,0.46,614,789,171,0,959,1.37
2023-03-18,0.47,621,834,182,0,1016,1.45
2023-03-19,0.47,630,897,198,0,1095,1.56
2023-03-20,0.48,639,975,217,0,1192,1.7
2023-03-21,0.49,651,1050,236,0,1286,1.84
2023-03-22,0.5,664,1146,260,0,1406,2.02
2023-03-23,0.51,675,1205,275,0,1480,2.13
2023-03-24,0.51,685,1285,296,0,1581,2.29
2023-03-25,0.52,697,1361,319,0,1681,2.44
2023-03-26,0.53,706,1423,340,0,1763,2.56
2023-03-27,0.54,715,1526,376,0,1902,2.77
2023-03-28,0.55,728,1643,420,0,2063,3.0
2023-03-29,0.56,743,1762,470,0,2231,3.25
2023-03-30,0.57,759,1881,525,0,2406,3.5
2023-03-31,0.58,774,2002,588,0,2590,3.76
2023-04-01,0.59,789,2123,658,0,2780,4.02
2023-04-02,0.6,805,2244,735,0,2979,4.29
2023-04-03,0.62,821,2364,820,0,3184,4.57
2023-04-04,0.63,837,2425,867,0,3293,4.71
2023-04-05,0.63,846,2484,917,0,3401,4.85
2023-04-06,0.64,855,2540,969,0,3509,4.98
2023-04-07,0.65,863,2605,1031,0,3636,5.14
2023-04-08,0.65,871,2704,1131,0,3836,5.38
2023-04-09,0.66,882,2822,1255,0,4078,5.66
2023-04-10,0.67,900,2925,1376,0,4307,5.92
2023-04-11,0.69,921,3018,1500,0,4533,6.16
2023-04-12,0.7,938,3079,1601,0,4710,6.33
2023-04-13,0.71,953,3155,1738,0,4940,6.54
2023-04-14,0.73,972,3185,1819,0,5073,6.63
2023-04-15,0.74,989,3209,1902,0,5203,6.71
2023-04-16,0.75,1003,3256,2040,0,5412,6.86
2023-04-17,0.76,1017,3318,2226,0,5688,7.06
2023-04-18,0.78,1035,3366,2407,0,5949,7.23
2023-04-19,0.79,1054,3405,2596,0,6214,7.39
2023-04-20,0.8,1073,3436,2794,0,6483,7.53
2023-04-21,0.82,1091,3424,2892,0,6611,7.55
2023-04-22,0.83,1103,3413,3006,0,6757,7.58
2023-04-23,0.83,1112,3399,3119,0,6899,7.6
2023-04-24,0.84,1122,3383,3237,0,7044,7.62
2023-04-25,0.85,1132,3366,3360,0,7193,7.64
2023-04-26,0.86,1146,3374,3619,0,7504,7.74
2023-04-27,0.87,1160,3375,3891,0,7823,7.83
2023-04-28,0.89,1180,3366,4144,0,8115,7.88
2023-04-29,0.9,1197,3341,4337,0,8331,7.88
2023-04-30,0.91,1211,3322,4643,0,8666,7.9
2023-05-01,0.92,1228,3296,4940,0,8984,7.89
2023-05-02,0.94,1248,3263,5235,0,9294,7.86
2023-05-03,0.95,1271,3222,5459,0,9523,7.8
2023-05-04,0.97,1292,3177,5620,13,9698,7.72
2023-05-05,0.98,1310,3135,5713,69,9846,7.64
2023-05-06,0.99,1325,3094,5772,179,10014,7.57
2023-05-07,1.0,1342,3055,5812,472,10348,7.49
2023-05-08,1.02,1358,3018,5812,831,10707,7.43
2023-05-09,1.04,1375,2982,5812,1194,11069,7.36
2023-05-10,1.06,1393,2948,5812,1520,11396,7.3
2023-05-11,1.08,1413,2916,5812,1781,11657,7.24
2023-05-12,1.1,1433,2885,5812,2086,11962,7.18
2023-05-13,1.13,1453,2855,5812,2430,12305,7.12
2023-05-14,1.15,1473,2826,5812,2773,12649,7.07
2023-05-15,1.18,1496,2798,5812,3039,12915,7.01
2023-05-16,1.2,1521,2772,5812,3224,13100,6.96
2023-05-17,1.24,1549,2747,5812,3311,13187,6.91
2023-05-18,1.27,1575,2722,5812,3486,13362,6.86
2023-05-19,1.29,1596,2699,5812,3741,13617,6.82
2023-05-20,1.31,1617,2676,5812,4061,13937,6.77
2023-05-21,1.34,1641,2655,5812,4167,14043,6.73
2023-05-22,1.36,1660,2634,5812,4307,14183,6.69
2023-05-23,1.38,1678,2614,5812,4647,14523,6.65
2023-05-24,1.41,1698,2594,5812,4962,14838,6.61
2023-05-25,1.43,1720,2576,5812,5233,15109,6.57
2023-05-26,1.45,1739,2558,5812,5368,15244,6.54
2023-05-27,1.47,1758,2540,5812,5530,15405,6.5
2023-05-28,1.5,1778,2524,5812,5648,15523,6.47
2023-05-29,1.52,1797,2508,5812,5779,15654,6.43
2023-05-30,1.54,1818,2492,5696,5882,15758,6.4
2023-05-31,1.57,1839,2477,5582,5990,15865,6.37
2023-06-01,1.59,1861,2302,5470,6193,16068,6.01
2023-06-02,1.62,1886,2182,5361,6306,16181,5.76
2023-06-03,1.64,1908,1941,5254,6506,16382,5.24
2023-06-04,1.67,1930,1820,5149,6686,16562,4.97
2023-06-05,1.7,1953,1700,5046,6833,16709,4.69
2023-06-06,1.72,1976,1524,4945,6957,16832,4.28
2023-06-07,1.75,2003,1359,4846,6957,16832,3.89
2023-06-08,1.78,2031,1133,4749,6957,16832,3.33
2023-06-09,1.81,2058,1030,4654,6957,16832,3.07
2023-06-10,1.84,2084,861,4561,6957,16832,2.63
2023-06-11,1.87,2110,810,4470,6957,16832,2.49
2023-06-12,1.9,2135,691,4380,6957,16832,2.16
2023-06-13,1.93,2158,521,4293,6957,16832,1.68
2023-06-14,1.96,2182,446,4207,6957,16832,1.45
2023-06-15,1.99,2208,375,4123,6957,16832,1.24
2023-06-16,2.02,2238,285,4040,6957,16832,0.95
2023-11-08,0.0,0,94,10,0,105,0.19
2023-11-09,0.01,14,102,11,0,113,0.21
2023-11-10,0.02,22,108,12,0,120,0.22
2023-11-11,0.02,27,111,12,0,123,0.22
2023-11-12,0.02,29,113,13,0,126,0.23
2023-11-13,0.02,31,116,13,0,129,0.23
2023-11-14,0.02,33,118,13,0,131,0.24
2023-11-15,0.03,38,120,14,0,134,0.24
2023-11-16,0.03,43,120,14,0,134,0.24
2023-11-17,0.04,51,120,14,0,134,0.24
2023-11-18,0.04,56,120,14,0,134,0.24
2023-11-19,0.05,61,120,14,0,134,0.24
2023-11-20,0.05,70,120,14,0,134,0.24
2023-11-21,0.06,79,120,14,0,134,0.24
2023-11-22,0.07,94,124,14,0,138,0.25
2023-11-23,0.08,106,131,15,0,147,0.26
2023-11-24,0.08,111,136,16,0,152,0.27
2023-11-25,0.08,111,136,16,0,152,0.27
2023-11-26,0.09,114,138,16,0,154,0.27
2023-11-27,0.09,119,141,17,0,158,0.28
2023-11-28,0.09,124,144,17,0,161,0.29
2023-11-29,0.1,128,144,17,0,161,0.29
2023-11-30,0.1,129,144,17,0,161,0.29
2023-12-01,0.1,129,144,17,0,161,0.29
2023-12-02,0.1,129,144,17,0,161,0.29
2023-12-03,0.1,133,144,17,0,161,0.29
2023-12-04,0.1,136,144,17,0,161,0.29
2023-12-05,0.11,145,144,17,0,161,0.29
2023-12-06,0.11,153,144,17,0,161,0.29
2023-12-07,0.12,158,144,17,0,161,0.29
2023-12-08,0.13,169,144,17,0,161,0.29
2023-12-09,0.14,182,144,17,0,161,0.29
2023-12-10,0.14,190,147,18,0,165,0.29
2023-12-11,0.15,194,149,18,0,167,0.29
2023-12-12,0.15,194,149,18,0,167,0.29
2023-12-13,0.15,194,149,18,0,167,0.29
2023-12-14,0.15,194,149,18,0,167,0.29
2023-12-15,0.15,194,149,18,0,167,0.29
2023-12-16,0.15,194,149,18,0,167,0.29
2023-12-17,0.15,194,149,18,0,167,0.29
2023-12-18,0.15,194,149,18,0,167,0.29
2023-12-19,0.15,194,149,18,0,167,0.29
2023-12-20,0.15,194,149,18,0,167,0.29
2023-12-21,0.15,194,149,18,0,167,0.29
2023-12-22,0.15,194,149,18,0,167,0.29
2023-12-23,0.15,194,149,18,0,167,0.29
2023-12-24,0.15,194,149,18,0,167,0.29
2023-12-25,0.15,194,149,18,0,167,0.29
2023-12-26,0.15,194,149,18,0,167,0.29
2023-12-27,0.15,196,149,18,0,167,0.29
2023-12-28,0.15,196,149,18,0,167,0.29
2023-12-29,0.15,196,149,18,0,167,0.29
2023-12-30,0.15,196,149,18,0,167,0.29
2023-12-31,0.15,196,149,18,0,167,0.29
