time_val,ssr
2018-12-31,10358797.147732344
2019-01-01,10176570.165858708
2019-01-02,10497202.879203035
2019-01-03,10307600.04330118
2019-01-04,9469355.926682454
2019-01-05,10628666.630411873
2019-01-06,10062895.239070868
2019-01-07,8372089.171543344
2019-01-08,9464583.31525243
2019-01-09,8296161.262429329
2019-01-10,10736701.198236957
2019-01-11,9071059.80915865
2019-01-12,11105493.899647888
2019-01-13,11266027.193203233
2019-01-14,10676392.74471211
2019-01-15,11282080.522558767
2019-01-16,12058280.690587185
2019-01-17,12099932.572158301
2019-01-18,8970834.969128149
2019-01-19,7111685.880250693
2019-01-20,12169352.374776829
2019-01-21,12536409.581122298
2019-01-22,12604527.762441728
2019-01-23,12644444.14894738
2019-01-24,12362860.074575976
2019-01-25,12493022.204485716
2019-01-26,12979828.570348145
2019-01-27,9542246.719431907
2019-01-28,12668307.2060975
2019-01-29,9854201.957448918
2019-01-30,6672605.628688503
2019-01-31,11324600.151662616
2019-02-01,13862761.684902549
2019-02-02,10577469.525980707
2019-02-03,10183946.019886926
2019-02-04,13531716.001165442
2019-02-05,12660931.352069281
2019-02-06,7355089.063181908
2019-02-07,14181658.903181411
2019-02-08,10568358.176887026
2019-02-09,10282435.364851963
2019-02-10,8001994.848833316
2019-02-11,14787780.554794434
2019-02-12,9273244.984285112
2019-02-13,5940226.711063032
2019-02-14,5222165.627727633
2019-02-15,13297424.16732791
2019-02-16,16426521.770358063
2019-02-17,15253327.10610494
2019-02-18,8317421.076981253
2019-02-19,14486672.16093657
2019-02-20,13090032.507005058
2019-02-21,16262083.612905426
2019-02-22,12582400.200357072
2019-02-23,16839135.72217194
2019-02-24,13319985.603178933
2019-02-25,16476851.127256496
2019-02-26,8717018.815804156
2019-02-27,13004125.50126463
2019-02-28,17040453.14976567
2019-03-01,16167499.131837681
2019-03-02,15003849.690444604
2019-03-03,12523393.368131323
2019-03-04,17891713.47937537
2019-03-05,15564848.470355583
2019-03-06,19184657.303145457
2019-03-07,19314385.55928883
2019-03-08,16032130.51673155
2019-03-09,18889623.142016713
2019-03-10,18671818.51130108
2019-03-11,19899681.270116296
2019-03-12,20653320.00229369
2019-03-13,20379545.655716874
2019-03-14,20454605.817298155
2019-03-15,20648981.264630035
2019-03-16,20901061.922888562
2019-03-17,20374339.170520484
2019-03-18,17957662.291862972
2019-03-19,19379900.49801007
2019-03-20,13831088.899957845
2019-03-21,20717533.31971583
2019-03-22,21272457.866897687
2019-03-23,22610090.688603453
2019-03-24,22007440.027121354
2019-03-25,22002233.541924965
2019-03-26,21533216.000483535
2019-03-27,20380413.403249603
2019-03-28,12931668.582281541
2019-03-29,17904295.81859998
2019-03-30,23472197.862372298
2019-03-31,23486515.696662366
2019-04-01,23302553.21972327
2019-04-02,21962751.02918568
2019-04-03,23485214.07536327
2019-04-04,22226112.405369718
2019-04-05,23180200.817608114
2019-04-06,22146713.506124776
2019-04-07,22274272.39343632
2019-04-08,8850651.935844822
2019-04-09,4506273.913224062
2019-04-10,21504580.33190339
2019-04-11,15221654.321160236
2019-04-12,18171995.93244768
2019-04-13,17534635.369656317
2019-04-14,25547849.960666288
2019-04-15,24674462.068971932
2019-04-16,22564967.816901408
2019-04-17,24254906.1368962
2019-04-18,20068024.29146623
2019-04-19,10058122.627640843
2019-04-20,22448255.77374901
2019-04-21,14834205.047795575
2019-04-22,13938689.594016563
2019-04-23,9193846.08504017
2019-04-24,11546743.520041905
2019-04-25,15074137.240595864
2019-04-26,22653044.191473667
2019-04-27,8312214.591784864
2019-04-28,21107585.835678685
2019-04-29,25070154.943897538
2019-04-30,24695721.883523855
2019-05-01,26900234.490428485
2019-05-02,26965315.555383354
2019-05-03,25145215.105478823
2019-05-04,18122534.323081978
2019-05-05,19101353.540003225
2019-05-06,25835942.14153318
2019-05-07,24750389.978085946
2019-05-08,18242283.482598938
2019-05-09,25100526.107543148
2019-05-10,18092163.15943637
2019-05-11,24001957.73110494
2019-05-12,23111648.762522317
2019-05-13,23944686.393944655
2019-05-14,25475393.041683197
2019-05-15,23968115.577328406
2019-05-16,24287012.79560727
2019-05-17,24256641.631961666
2019-05-18,20377376.28688504
2019-05-19,24514362.649182953
2019-05-20,28479535.0
2019-05-21,27996633.498034865
2019-05-22,27838269.573311348
2019-05-23,27327166.276532434
2019-05-24,19440642.82530128
2019-05-25,23562443.605776384
2019-05-26,18755556.14820968
2019-05-27,24951707.405679677
2019-05-28,27418279.767469253
2019-05-29,26865090.715352856
2019-05-30,25514441.68065612
2019-05-31,27303303.219382316
2019-06-01,22738517.323447727
2019-06-02,26455947.753669906
2019-06-03,26953600.96369148
2019-06-04,22552385.4776768
2019-06-05,13482688.265566107
2019-06-06,22635255.367052667
2019-06-07,23818863.001698572
2019-06-08,26228597.900094226
2019-06-09,28158902.286655672
2019-06-10,26824306.581314474
2019-06-11,27358405.18771077
2019-06-12,24767744.928740576
2019-06-13,23308193.578686025
2019-06-14,25318330.73825878
2019-06-15,22473854.325964592
2019-06-16,23113384.257587783
2019-06-17,24944331.55165146
2019-06-18,26367003.63156492
2019-06-19,23848800.291577812
2019-06-20,15509746.502027128
2019-06-21,23686965.37672337
2019-06-22,25995173.813789427
2019-06-23,27358839.06147714
2019-06-24,26316674.274666484
2019-06-25,24580745.335436918
2019-06-26,25194676.714844525
2019-06-27,20894553.816393077
2019-06-28,4154836.162467763
2019-06-29,25634190.84017308
2019-06-30,27571437.20699638
2019-07-01,26836888.92053908
2019-07-02,26526235.30382117
2019-07-03,25497954.47753422
2019-07-04,21193926.71518548
2019-07-05,25628550.481210325
2019-07-06,10817835.59254736
2019-07-07,15752281.93742561
2019-07-08,19430663.728674866
2019-07-09,16068575.913106278
2019-07-10,19067945.259993058
2019-07-11,20389524.752343286
2019-07-12,20571751.73421692
2019-07-13,25841148.62672957
2019-07-14,23722976.89933173
2019-07-15,22112003.604815513
2019-07-16,15112752.005802419
2019-07-17,14681481.482034814
2019-07-18,24031461.147217814
2019-07-19,24052287.088003375
2019-07-20,20594313.170067944
2019-07-21,24672726.573906466
2019-07-22,19864971.368807033
2019-07-23,18585043.758027922
2019-07-24,24789872.490825236
2019-07-25,14802098.389084507
2019-07-26,25084472.77818761
2019-07-27,21287209.574954126
2019-07-28,19056230.66830118
2019-07-29,17768927.20349385
2019-07-30,11368855.275831927
2019-07-31,22329374.36176478
2019-08-01,15842961.554596063
2019-08-02,6905161.967460573
2019-08-03,17710788.118800834
2019-08-04,20261531.991265375
2019-08-05,14950049.343415245
2019-08-06,13230607.607307578
2019-08-07,4506273.913224062
2019-08-08,17846590.60767333
2019-08-09,18235775.376103453
2019-08-10,6747665.790269787
2019-08-11,2221494.659541756
2019-08-12,6302077.43221211
2019-08-13,11204417.11837929
2019-08-14,19889268.299723517
2019-08-15,23901299.017308075
2019-08-16,18264411.044683594
2019-08-17,25223312.38342467
2019-08-18,24932616.95995958
2019-08-19,23473499.483671397
2019-08-20,21544062.84464268
2019-08-21,19282278.90057776
2019-08-22,19841108.311656915
2019-08-23,21820006.56005133
2019-08-24,7395439.323453927
2019-08-25,5270759.489560602
2019-08-26,9642905.433228772
2019-08-27,17758948.106867436
2019-08-28,23860514.88326969
2019-08-29,23541617.664990827
2019-08-30,23287801.511666834
2019-08-31,22959792.94429429
2019-09-01,19380768.2455428
2019-09-02,19980815.6644267
2019-09-03,21856018.08265969
2019-09-04,21308469.38950605
2019-09-05,20955730.017450653
2019-09-06,21399149.006676503
2019-09-07,21982275.348672137
2019-09-08,22118511.711311
2019-09-09,20951391.279786997
2019-09-10,9211201.035694802
2019-09-11,5105019.710808866
2019-09-12,3523115.958639158
2019-09-13,6576719.526321662
2019-09-14,14933128.266526978
2019-09-15,12381516.646529706
2019-09-16,18706528.412610345
2019-09-17,9097959.982673328
2019-09-18,20347438.9970058
2019-09-19,9791290.261325877
2019-09-20,8171639.491482344
2019-09-21,19146476.411705267
2019-09-22,19924412.074799147
2019-09-23,20043293.486783378
2019-09-24,19943502.52051924
2019-09-25,19228912.42731477
2019-09-26,19208086.48652921
2019-09-27,17320301.729071613
2019-09-28,17699073.527108956
2019-09-29,16933720.203239683
2019-09-30,18399779.659789726
2019-10-01,18398044.16472426
2019-10-02,18162884.583353996
2019-10-03,17979789.85394763
2019-10-04,6965036.547219053
2019-10-05,17642236.063715037
2019-10-06,4955767.135179032
2019-10-07,17323338.845436174
2019-10-08,17358048.746745437
2019-10-09,12865285.896027574
2019-10-10,5394413.512974855
2019-10-11,6626181.135687362
2019-10-12,15453776.78616594
2019-10-13,15810854.895884993
2019-10-14,15194320.27387919
2019-10-15,16294190.271616494
2019-10-16,7395005.449687561
2019-10-17,11792316.071804948
2019-10-18,9132236.010216225
2019-10-19,15494994.79397069
2019-10-20,13255338.411990428
2019-10-21,14870650.444170304
2019-10-22,12849232.566672038
2019-10-23,12935573.446178833
2019-10-24,11485133.445217963
2019-10-25,12534240.212290468
2019-10-26,14203786.465266068
2019-10-27,14671936.259174766
2019-10-28,14923583.04366693
2019-10-29,14624644.018640894
2019-10-30,14069719.471459035
2019-10-31,13853216.462042501
2019-11-01,10966220.420644466
2019-11-02,12415358.800306238
2019-11-03,7194121.895860196
2019-11-04,13033195.043611139
2019-11-05,12887413.458112229
2019-11-06,9446794.490831431
2019-11-07,7696547.717311793
2019-11-08,12052206.457858063
2019-11-09,10623894.018981848
2019-11-10,12613205.237769043
2019-11-11,12336827.64859403
2019-11-12,11282948.2700915
2019-11-13,12651820.0029756
2019-11-14,12098197.077092838
2019-11-15,11641328.00110965
2019-11-16,10902007.103222325
2019-11-17,5962354.273147688
2019-11-18,12161108.773215879
2019-11-19,11747627.073869271
2019-11-20,8667123.33267209
2019-11-21,7923897.5708874725
2019-11-22,10583109.884943463
2019-11-23,2996393.2062710766
2019-11-24,6427900.824458192
2019-11-25,11301170.968278863
2019-11-26,10589617.99143895
2019-11-27,9680218.577136233
2019-11-28,10705462.287058618
2019-11-29,7231001.166001289
2019-11-30,6484304.414085746
2019-12-01,10316277.518628497
2019-12-02,10817835.59254736
2019-12-03,10573998.535849782
2019-12-04,10410428.125929873
2019-12-05,7968152.695056784
2019-12-06,10090663.16011828
2019-12-07,10071138.840631818
2019-12-08,9699309.022856329
2019-12-09,9931865.361628396
2019-12-10,9657657.14128521
2019-12-11,10003454.533078752
2019-12-12,9992173.815153243
2019-12-13,9625984.356340507
2019-12-14,7798508.0524077555
2019-12-15,2443638.027921047
2019-12-16,997102.8908574674
2019-12-17,6779772.448980856
2019-12-18,8781666.00699266
2019-12-19,9733151.176632859
2019-12-20,8552146.784585152
2019-12-21,9652016.782322455
2019-12-22,8719622.05840235
2019-12-23,9443757.37446687
2019-12-24,8461033.293648332
2019-12-25,1853569.705663558
2019-12-26,8605079.384081779
2019-12-27,10146632.875979468
2019-12-28,10023412.72633158
2019-12-29,9401671.61912939
2019-12-30,10350553.546171393
2019-12-31,10824382.100995991
2020-01-01,9904856.774763882
2020-01-02,10182952.917435203
2020-01-03,9897107.96583496
2020-01-04,9188952.927608453
2020-01-05,2403148.7527972534
2020-01-06,2097501.2894897647
2020-01-07,2023026.625895122
2020-01-08,11307391.190898811
2020-01-09,10813189.376987547
2020-01-10,8682697.410918865
2020-01-11,6591810.468264676
2020-01-12,9480824.730597857
2020-01-13,7640482.609978822
2020-01-14,11749073.29984738
2020-01-15,10535523.723701166
2020-01-16,5927134.857917122
2020-01-17,10094702.593522478
2020-01-18,10749476.948016409
2020-01-19,12074092.785477174
2020-01-20,12145554.023377236
2020-01-21,9002551.02392938
2020-01-22,10015492.546693495
2020-01-23,10397767.120520327
2020-01-24,11382296.343878394
2020-01-25,10405946.418834189
2020-01-26,5849646.768627899
2020-01-27,9960820.394806098
2020-01-28,11045653.644855216
2020-01-29,9969430.182504902
2020-01-30,13168827.291379914
2020-01-31,13164952.886915453
2020-02-01,11491210.158268245
2020-02-02,10179078.512970742
2020-02-03,13594581.293085698
2020-02-04,6899179.889111925
2020-02-05,11303086.29704941
2020-02-06,7053725.578305431
2020-02-07,9835547.983788522
2020-02-08,12417623.314659396
2020-02-09,14471488.170208735
2020-02-10,14721602.502858948
2020-02-11,13464143.009448841
2020-02-12,14505066.342234064
2020-02-13,14527451.790250951
2020-02-14,1622241.0085158665
2020-02-15,10533371.276776467
2020-02-16,15635961.956471775
2020-02-17,16261032.543404836
2020-02-18,15918362.992992496
2020-02-19,14129679.598566275
2020-02-20,14000102.293699298
2020-02-21,14769817.313972242
2020-02-22,17177113.954557423
2020-02-23,16289014.353425946
2020-02-24,2431561.0522033013
2020-02-25,5664105.843718706
2020-02-26,15686759.703894708
2020-02-27,6710195.04912321
2020-02-28,11435246.538226029
2020-02-29,12189894.43002607
2020-03-01,11353453.555087404
2020-03-02,12654392.476376465
2020-03-03,18437586.873662114
2020-03-04,18478052.875846483
2020-03-05,18556832.433290526
2020-03-06,18032065.873048514
2020-03-07,18720848.888952713
2020-03-08,13951026.503816122
2020-03-09,3060075.5542158857
2020-03-10,18054020.83168046
2020-03-11,19811708.990390994
2020-03-12,17461236.948617905
2020-03-13,20079903.87720869
2020-03-14,20721333.060769476
2020-03-15,20333892.614323366
2020-03-16,18228369.03258121
2020-03-17,20912039.85829795
2020-03-18,21293883.942739844
2020-03-19,21700265.922123324
2020-03-20,21160862.722793348
2020-03-21,18313605.930799358
2020-03-22,21702418.369048025
2020-03-23,21296036.389664546
2020-03-24,16920972.77051805
2020-03-25,18962353.433904126
2020-03-26,4262862.895738596
2020-03-27,21390313.564966433
2020-03-28,19767368.58374216
2020-03-29,21512572.55028943
2020-03-30,21522043.31675811
2020-03-31,16649764.458005771
2020-04-01,14059079.339436095
2020-04-02,10915215.361218357
2020-04-03,23592266.768935174
2020-04-04,23641342.558818348
2020-04-05,22289605.890106358
2020-04-06,23375730.608310293
2020-04-07,23061473.357304
2020-04-08,17527101.82451375
2020-04-09,4050631.6289631147
2020-04-10,7865198.068917567
2020-04-11,22961169.33061295
2020-04-12,24998245.100149624
2020-04-13,24620275.420172196
2020-04-14,22511738.412735462
2020-04-15,23172539.618618555
2020-04-16,21745897.796926975
2020-04-17,22733440.445979625
2020-04-18,19039841.52319335
2020-04-19,17207248.211503234
2020-04-20,24104118.647628985
2020-04-21,25822632.272309966
2020-04-22,26723216.06560471
2020-04-23,26950944.950238034
2020-04-24,26744740.534851715
2020-04-25,26170037.205956645
2020-04-26,23817412.717258863
2020-04-27,24732202.660256628
2020-04-28,26207489.782446437
2020-04-29,26052513.603867993
2020-04-30,25882470.296816643
2020-05-01,25354690.31088005
2020-05-02,25394295.334294543
2020-05-03,23793305.311702214
2020-05-04,10564797.001877096
2020-05-05,25663781.68926706
2020-05-06,24930658.26671403
2020-05-07,5266764.141418969
2020-05-08,4210773.680160841
2020-05-09,18771216.14699071
2020-05-10,25013312.22862253
2020-05-11,20129410.156476807
2020-05-12,27301793.79896424
2020-05-13,23919869.190874614
2020-05-14,12700454.840565057
2020-05-15,25040863.549258698
2020-05-16,22051975.749619406
2020-05-17,26398627.069359854
2020-05-18,26230305.719848268
2020-05-19,27384017.271487802
2020-05-20,27031015.9758369
2020-05-21,26165301.82272231
2020-05-22,27525648.279133104
2020-05-23,23002926.800952144
2020-05-24,23132504.10581912
2020-05-25,24815287.11155007
2020-05-26,25799385.8455232
2020-05-27,27478724.93617463
2020-05-28,27494653.043417417
2020-05-29,22583199.65063552
2020-05-30,18006236.509952106
2020-05-31,26037446.47539509
2020-06-01,23941393.66012162
2020-06-02,23557827.618139967
2020-06-03,28266951.0
2020-06-04,27401236.846885405
2020-06-05,25730507.54393278
2020-06-06,26551881.290398538
2020-06-07,26608705.889210634
2020-06-08,22842354.26036948
2020-06-09,11551478.672159862
2020-06-10,25594903.38767664
2020-06-11,20543110.455404267
2020-06-12,24456689.45389495
2020-06-13,26228153.272923566
2020-06-14,28138665.16328784
2020-06-15,12782678.313088622
2020-06-16,10175634.59789122
2020-06-17,5642150.885086758
2020-06-18,10184674.874974964
2020-06-19,24145876.11796818
2020-06-20,26850210.434162047
2020-06-21,27001312.20827603
2020-06-22,22762283.23477061
2020-06-23,13605343.527709201
2020-06-24,22143669.988611653
2020-06-25,18597298.4354749
2020-06-26,12929905.682738144
2020-06-27,24944433.927032113
2020-06-28,17603298.44564815
2020-06-29,19377345.200986408
2020-06-30,21288718.070120566
2020-07-01,25674974.413275503
2020-07-02,17362654.87946662
2020-07-03,16818516.2969023
2020-07-04,16466375.980021276
2020-07-05,18669190.1627599
2020-07-06,24421389.32432986
2020-07-07,25726633.13946832
2020-07-08,23105383.274567895
2020-07-09,12326359.565052088
2020-07-10,15737987.940702584
2020-07-11,12772777.057234999
2020-07-12,5970614.285796074
2020-07-13,19546097.039882936
2020-07-14,23136808.999668524
2020-07-15,24649548.698348124
2020-07-16,22993886.5238684
2020-07-17,17810794.32918929
2020-07-18,16377695.16672361
2020-07-19,15970021.719185311
2020-07-20,25769682.07796233
2020-07-21,21271068.00533802
2020-07-22,9392574.406685133
2020-07-23,22596114.332183726
2020-07-24,26239345.996932007
2020-07-25,18286915.58893307
2020-07-26,5168182.0722676795
2020-07-27,16104764.89667157
2020-07-28,20947770.477247983
2020-07-29,21721359.901985392
2020-07-30,21775171.075102907
2020-07-31,16259310.585865077
2020-08-01,17723835.473431382
2020-08-02,10618177.68560967
2020-08-03,17180127.380252004
2020-08-04,17289471.684026796
2020-08-05,6819539.352898002
2020-08-06,2404870.710337015
2020-08-07,7604751.991028791
2020-08-08,13055178.093755722
2020-08-09,19694615.87768728
2020-08-10,21974918.149715126
2020-08-11,18348906.060364448
2020-08-12,8734786.62649662
2020-08-13,7519515.092810647
2020-08-14,21665396.281943172
2020-08-15,8098953.804940055
2020-08-16,16204207.94459274
2020-08-17,21466940.675485775
2020-08-18,20696364.67644295
2020-08-19,11306530.212128932
2020-08-20,4093250.0780721866
2020-08-21,20788489.404820137
2020-08-22,21850937.20685237
2020-08-23,16684634.098185921
2020-08-24,8555272.55297659
2020-08-25,17762579.518075995
2020-08-26,6787683.138412433
2020-08-27,16088836.789428787
2020-08-28,22212548.290202074
2020-08-29,22119562.583055004
2020-08-30,22465245.559161928
2020-08-31,17835762.713515818
2020-09-01,22465245.559161928
2020-09-02,20030828.087325517
2020-09-03,21804874.842663772
2020-09-04,22364511.043085936
2020-09-05,22002038.980966352
2020-09-06,19136701.634804875
2020-09-07,20871573.856113583
2020-09-08,20647719.37594472
2020-09-09,17896892.206177313
2020-09-10,21067877.01564628
2020-09-11,13211445.740488987
2020-09-12,12932058.129662845
2020-09-13,17723404.984046444
2020-09-14,14371184.143517686
2020-09-15,12079258.658096457
2020-09-16,20673548.739041124
2020-09-17,20396313.575139683
2020-09-18,20741996.551246606
2020-09-19,20659342.5893381
2020-09-20,19316646.197709847
2020-09-21,15645432.722940458
2020-09-22,15949788.718093127
2020-09-23,14370323.164747804
2020-09-24,13847278.562045552
2020-09-25,15534796.951010846
2020-09-26,19022621.94779574
2020-09-27,15752624.579790547
2020-09-28,14714284.183314966
2020-09-29,11433094.091301328
2020-09-30,17264933.78908521
2020-10-01,10494627.232131854
2020-10-02,8809261.290091261
2020-10-03,12071509.849167535
2020-10-04,16753512.39977634
2020-10-05,12851987.104063982
2020-10-06,12845960.25267482
2020-10-07,15648015.659250097
2020-10-08,12264799.583005652
2020-10-09,13476196.712227164
2020-10-10,8565173.808830211
2020-10-11,11986272.95094939
2020-10-12,16353157.271782024
2020-10-13,11273382.529488541
2020-10-14,6627971.576599646
2020-10-15,11262189.805480098
2020-10-16,10644868.027475959
2020-10-17,16611450.9027461
2020-10-18,15814615.051221926
2020-10-19,15687620.68266459
2020-10-20,13262243.487911921
2020-10-21,15885215.310352108
2020-10-22,15686759.703894708
2020-10-23,15585164.20904884
2020-10-24,15243786.12679132
2020-10-25,13307014.383945694
2020-10-26,14307041.225161606
2020-10-27,9806705.194997534
2020-10-28,12395668.356027449
2020-10-29,4820777.138620999
2020-10-30,12086146.488255499
2020-10-31,9313364.359856151
2020-11-01,11665558.359168995
2020-11-02,13848570.030200373
2020-11-03,13843404.15758109
2020-11-04,13232109.230966114
2020-11-05,5734275.613463946
2020-11-06,12844668.78452
2020-11-07,13085312.35070153
2020-11-08,12998783.984328564
2020-11-09,12757279.439377155
2020-11-10,12382753.674479246
2020-11-11,12072370.827937415
2020-11-12,11658670.529009953
2020-11-13,11933322.756601755
2020-11-14,10486878.423202932
2020-11-15,10267328.836883469
2020-11-16,10420583.057922153
2020-11-17,1177975.9632576555
2020-11-18,877494.3725694492
2020-11-19,4283526.386215722
2020-11-20,10402502.503754668
2020-11-21,3890059.0883804467
2020-11-22,9445094.11164783
2020-11-23,7776517.255619901
2020-11-24,10203185.918527389
2020-11-25,9438636.770873725
2020-11-26,6672742.47263342
2020-11-27,8516958.997716919
2020-11-28,6451470.928774195
2020-11-29,7801916.129331369
2020-11-30,7797611.235481967
2020-12-01,6273678.812793923
2020-12-02,3609380.009399485
2020-12-03,10455452.698102303
2020-12-04,10425318.441156493
2020-12-05,10033142.61147604
2020-12-06,9892372.58260062
2020-12-07,9362440.149739325
2020-12-08,9774848.980511963
2020-12-09,5451874.576943222
2020-12-10,9717593.892314928
2020-12-11,8459703.909519881
2020-12-12,9659477.82534801
2020-12-13,9699082.848762501
2020-12-14,10412834.248993231
2020-12-15,10141625.93648095
2020-12-16,10216531.089460533
2020-12-17,9755476.958189659
2020-12-18,9985788.779132627
2020-12-19,9929394.66970547
2020-12-20,9903565.30660906
2020-12-21,10005160.801454931
2020-12-22,10007313.248379633
2020-12-23,8143294.211588888
2020-12-24,10192854.173288826
2020-12-25,10133877.127552029
2020-12-26,9701235.295687202
2020-12-27,9887637.199366277
2020-12-28,6459650.227088057
2020-12-29,6789405.095952193
2020-12-30,10827826.01607551
2020-12-31,10833024.6588217
2021-01-01,10701348.03235226
2021-01-02,10510524.85563261
2021-01-03,9448477.31099384
2021-01-04,9687222.145215483
2021-01-05,10760494.582602467
2021-01-06,11229349.71816251
2021-01-07,11475002.178690746
2021-01-08,11362321.524564438
2021-01-09,11334691.019338062
2021-01-10,10931458.33369066
2021-01-11,11407221.095557295
2021-01-12,11475865.63197907
2021-01-13,11495293.330966365
2021-01-14,11409811.455422267
2021-01-15,9182533.698189985
2021-01-16,11719359.459286496
2021-01-17,12184329.055049079
2021-01-18,12154971.643246055
2021-01-19,11652010.102797206
2021-01-20,11254821.590168074
2021-01-21,10719480.551407069
2021-01-22,9831850.571009787
2021-01-23,12003867.31778932
2021-01-24,9090144.196339296
2021-01-25,3039495.2784074433
2021-01-26,12552160.15587519
2021-01-27,11250504.323726453
2021-01-28,13535201.724632295
2021-01-29,13347400.63442178
2021-01-30,13337470.92160605
2021-01-31,12836668.014378013
2021-02-01,13635794.032722063
2021-02-02,14003625.133548174
2021-02-03,13730773.894437727
2021-02-04,12395875.110688508
2021-02-05,12993816.512853019
2021-02-06,14270432.199640352
2021-02-07,12575473.394659942
2021-02-08,14164659.171820639
2021-02-09,14444418.03723768
2021-02-10,14631355.67415987
2021-02-11,14905502.093202805
2021-02-12,14148253.559342477
2021-02-13,8015144.852375664
2021-02-14,8399381.565679934
2021-02-15,15797017.613397544
2021-02-16,15967981.364485737
2021-02-17,16332790.378802713
2021-02-18,16249035.409835264
2021-02-19,16470942.904934585
2021-02-20,16585350.465637542
2021-02-21,16657448.815212613
2021-02-22,16583623.559060894
2021-02-23,16540019.168000521
2021-02-24,7734090.807026136
2021-02-25,11389520.30314665
2021-02-26,13069800.402225548
2021-02-27,16980812.071690027
2021-02-28,3221683.9222438503
2021-03-01,11670574.348496178
2021-03-02,18045449.97619377
2021-03-03,17769144.923930023
2021-03-04,17842538.45343758
2021-03-05,13061165.869342307
2021-03-06,8040616.724381228
2021-03-07,17794185.069291428
2021-03-08,16534838.448270576
2021-03-09,18793632.25052669
2021-03-10,14449167.030323463
2021-03-11,10869721.42357548
2021-03-12,17975510.25983951
2021-03-13,14228122.988512468
2021-03-14,16938934.587206304
2021-03-15,6770045.210612163
2021-03-16,20598681.349768437
2021-03-17,19727888.70849348
2021-03-18,6628007.144682831
2021-03-19,9941940.865271123
2021-03-20,16190752.31287338
2021-03-21,22247877.130467664
2021-03-22,22134333.02305303
2021-03-23,21992726.683767863
2021-03-24,19901011.09280248
2021-03-25,18891202.472107325
2021-03-26,9122955.421295617
2021-03-27,12392853.024179373
2021-03-28,21479835.430503286
2021-03-29,6661681.822927476
2021-03-30,22464172.17919288
2021-03-31,18576042.021868993
2021-04-01,11189630.866899597
2021-04-02,2887095.7730182223
2021-04-03,11614018.158110943
2021-04-04,23363458.778982535
2021-04-05,18185329.40890229
2021-04-06,22651973.26940339
2021-04-07,23051752.1418975
2021-04-08,23624221.672056444
2021-04-09,22186571.946996648
2021-04-10,23393247.917429723
2021-04-11,14553644.878210692
2021-04-12,16666083.348095855
2021-04-13,23477002.886397168
2021-04-14,25057122.404030457
2021-04-15,22525909.08930806
2021-04-16,24201871.921945337
2021-04-17,26002603.75474546
2021-04-18,25553608.044816874
2021-04-19,24615897.77369679
2021-04-20,10642633.208746213
2021-04-21,3516984.9468507282
2021-04-22,9822352.58483822
2021-04-23,11089470.285453988
2021-04-24,13673354.250764167
2021-04-25,9002071.960930228
2021-04-26,7851088.7275940655
2021-04-27,26658828.253871858
2021-04-28,25465104.082763646
2021-04-29,22806099.68136926
2021-04-30,21355066.43034044
2021-05-01,25344220.622398257
2021-05-02,24512715.105742052
2021-05-03,10442312.045854999
2021-05-04,26016850.734002814
2021-05-05,27245113.03664399
2021-05-06,26094129.803307828
2021-05-07,27154450.44136995
2021-05-08,26552191.77276382
2021-05-09,20849514.53002662
2021-05-10,20544715.519248173
2021-05-11,25450857.103506297
2021-05-12,26032824.619836807
2021-05-13,20386271.840840682
2021-05-14,8327283.216104863
2021-05-15,10381006.86238398
2021-05-16,6067194.233916261
2021-05-17,27005936.475778185
2021-05-18,27002914.389269054
2021-05-19,18984023.700602178
2021-05-20,19956703.829899393
2021-05-21,25258738.746854164
2021-05-22,23950607.015042994
2021-05-23,17184587.04773454
2021-05-24,27717853.71200149
2021-05-25,28034741.068816476
2021-05-26,22582033.553049132
2021-05-27,27544299.601048328
2021-05-28,28200524.10017472
2021-05-29,27388446.28250581
2021-05-30,25751770.574487284
2021-05-31,24279582.717894517
2021-06-01,20713088.910471395
2021-06-02,23230918.69922477
2021-06-03,17485932.245359685
2021-06-04,27995022.217553563
2021-06-05,28331769.0
2021-06-06,25832071.730301432
2021-06-07,21204825.55817203
2021-06-08,24771751.092239313
2021-06-09,18582517.921531424
2021-06-10,18589425.547838017
2021-06-11,27123366.12299028
2021-06-12,22177073.96082508
2021-06-13,21649935.728303157
2021-06-14,4032898.286624439
2021-06-15,16051736.333453184
2021-06-16,11579480.026577974
2021-06-17,9494240.335275024
2021-06-18,26770645.454709843
2021-06-19,27549480.320778273
2021-06-20,27500263.483343795
2021-06-21,26599249.976977486
2021-06-22,26895414.45487269
2021-06-23,22351923.25171073
2021-06-24,15493945.509195749
2021-06-25,16962247.825991057
2021-06-26,26533627.527064845
2021-06-27,21731963.790693954
2021-06-28,23967444.354165316
2021-06-29,11897230.83668128
2021-06-30,23059954.948136576
2021-07-01,14300221.338087538
2021-07-02,17276544.822941065
2021-07-03,20940177.12530066
2021-07-04,23599181.526695043
2021-07-05,22132174.38983222
2021-07-06,22296230.514613822
2021-07-07,19542246.251503773
2021-07-08,22685216.221003875
2021-07-09,23905275.717405975
2021-07-10,25132242.840114668
2021-07-11,11155524.46201079
2021-07-12,11033777.548357077
2021-07-13,19078571.83567368
2021-07-14,19436904.950328223
2021-07-15,10512251.762209259
2021-07-16,13216155.7345965
2021-07-17,10909008.54819423
2021-07-18,17985008.246011075
2021-07-19,23917795.79008667
2021-07-20,14731947.98224964
2021-07-21,9453226.304079624
2021-07-22,11180564.607372193
2021-07-23,18997407.226571202
2021-07-24,22474101.892008606
2021-07-25,24298578.69023765
2021-07-26,22949001.20058692
2021-07-27,5779232.56226014
2021-07-28,5174815.260433197
2021-07-29,2739013.5340706203
2021-07-30,15929557.69315531
2021-07-31,24130205.299014427
2021-08-01,11042412.081240319
2021-08-02,21529483.99458193
2021-08-03,23705386.28115892
2021-08-04,19468852.721996218
2021-08-05,10205725.844854167
2021-08-06,22579443.19318416
2021-08-07,20066362.397516567
2021-08-08,23068589.48101982
2021-08-09,13432019.056677552
2021-08-10,21422415.786829725
2021-08-11,20774394.09394241
2021-08-12,14910251.086288588
2021-08-13,19610890.78792555
2021-08-14,22990878.68507064
2021-08-15,20587024.73037606
2021-08-16,21614534.14348186
2021-08-17,20868078.77572559
2021-08-18,21002777.488704164
2021-08-19,8750807.054027885
2021-08-20,14138755.573170912
2021-08-21,19648451.00596765
2021-08-22,7576510.581906969
2021-08-23,18623531.952726822
2021-08-24,23423037.055876903
2021-08-25,23581912.46092856
2021-08-26,17476002.532543957
2021-08-27,20523129.18704007
2021-08-28,17202287.840145186
2021-08-29,8046660.897399497
2021-08-30,4719343.6508421805
2021-08-31,4220267.650190791
2021-09-01,14476365.808905676
2021-09-02,18857959.520506844
2021-09-03,16185571.593143435
2021-09-04,6613328.43878132
2021-09-05,5640648.309484106
2021-09-06,9283126.006279755
2021-09-07,21746210.769951303
2021-09-08,22156782.808549464
2021-09-09,21500990.03606723
2021-09-10,19000429.313080337
2021-09-11,20866351.86914894
2021-09-12,19817687.850479197
2021-09-13,20239916.50846973
2021-09-14,16720912.631904442
2021-09-15,20263661.473898645
2021-09-16,17270068.923278634
2021-09-17,10886990.489341963
2021-09-18,3020499.3060643114
2021-09-19,2222236.7410085853
2021-09-20,4557877.885925556
2021-09-21,20100468.802405372
2021-09-22,19537065.531773828
2021-09-23,9365154.068670556
2021-09-24,8557393.517443262
2021-09-25,2344847.107950622
2021-09-26,2039184.6438838542
2021-09-27,7445697.408725852
2021-09-28,3867546.9819103535
2021-09-29,18498762.952563975
2021-09-30,18132658.758314513
2021-10-01,12908766.363953084
2021-10-02,13362511.066967454
2021-10-03,2880188.146711629
2021-10-04,2270158.398510579
2021-10-05,2467025.748248497
2021-10-06,1748200.885718597
2021-10-07,12168786.895859243
2021-10-08,6533890.736255493
2021-10-09,5914363.001882878
2021-10-10,12682109.875767982
2021-10-11,17298131.15514917
2021-10-12,17079677.47320315
2021-10-13,15388172.481376033
2021-10-14,3731121.36235513
2021-10-15,8858738.715068411
2021-10-16,15891134.021824881
2021-10-17,16963543.005923543
2021-10-18,15314347.225224314
2021-10-19,11156387.915299114
2021-10-20,11730584.35203471
2021-10-21,13640974.752452008
2021-10-22,15575541.844942385
2021-10-23,15281967.726912158
2021-10-24,14746194.961506989
2021-10-25,14120191.327471942
2021-10-26,7766038.578694131
2021-10-27,14094287.728822216
2021-10-28,9093598.009492595
2021-10-29,11612722.978178456
2021-10-30,13518364.385509972
2021-10-31,12721828.727030896
2021-11-01,12646276.564302526
2021-11-02,4333380.030961262
2021-11-03,12177421.428742485
2021-11-04,12975252.26715405
2021-11-05,9863366.616033621
2021-11-06,6099573.73222842
2021-11-07,2547758.6307068095
2021-11-08,13797259.79763869
2021-11-09,12860412.97980693
2021-11-10,12508987.491458979
2021-11-11,12588856.920628967
2021-11-12,12393716.477467697
2021-11-13,12181306.968539944
2021-11-14,11923997.888619332
2021-11-15,9213618.016569657
2021-11-16,10127151.595616665
2021-11-17,11017803.66252308
2021-11-18,11347642.818662927
2021-11-19,10072322.311808078
2021-11-20,5420899.447605595
2021-11-21,9899631.654143237
2021-11-22,11671006.07514034
2021-11-23,11330373.752896441
2021-11-24,11213375.832328511
2021-11-25,10997944.236891624
2021-11-26,10832592.932177538
2021-11-27,10560173.419711253
2021-11-28,7861018.4404097935
2021-11-29,6354292.4522840595
2021-11-30,10752723.50300755
2021-12-01,10627091.049556378
2021-12-02,10546789.893742226
2021-12-03,10400866.288015436
2021-12-04,10254942.682288647
2021-12-05,10234651.530013029
2021-12-06,10190183.685664332
2021-12-07,8890254.760092244
2021-12-08,6129794.597319766
2021-12-09,8940766.77745921
2021-12-10,7761289.585608348
2021-12-11,6229091.72547705
2021-12-12,9914310.360044748
2021-12-13,10039511.086851757
2021-12-14,9690244.231724618
2021-12-15,9593105.736788146
2021-12-16,7432745.609400989
2021-12-17,10369781.969635766
2021-12-18,10101247.99696694
2021-12-19,9985113.529687334
2021-12-20,9943667.771847771
2021-12-21,9834009.204230597
2021-12-22,9613396.889063764
2021-12-23,3374946.8809213974
2021-12-24,8176178.8906481275
2021-12-25,10271348.294766806
2021-12-26,10546789.893742226
2021-12-27,10370645.42292409
2021-12-28,10268326.208257671
2021-12-29,10469942.551081374
2021-12-30,10322292.038777934
2021-12-31,9522992.10718866
2022-01-01,10308776.586770631
2022-01-02,10488582.056245934
2022-01-03,10287597.577144936
2022-01-04,9552383.385852892
2022-01-05,5969240.736934003
2022-01-06,9198391.367823392
2022-01-07,5801105.333987147
2022-01-08,9741697.798425447
2022-01-09,9368255.669515204
2022-01-10,4920663.648118898
2022-01-11,11107095.582253525
2022-01-12,4474175.547234314
2022-01-13,11688437.785244588
2022-01-14,9727866.60846581
2022-01-15,11404466.166385757
2022-01-16,11665529.876873937
2022-01-17,11982782.796573147
2022-01-18,11375507.112407763
2022-01-19,5604443.101748534
2022-01-20,8513747.464821279
2022-01-21,7903878.432538461
2022-01-22,3919631.2747900505
2022-01-23,5175243.988313498
2022-01-24,11174090.408620525
2022-01-25,11399711.69483713
2022-01-26,11966358.258496078
2022-01-27,11645215.316620717
2022-01-28,9548493.363676745
2022-01-29,12948372.74563042
2022-01-30,13146763.87661399
2022-01-31,13813254.342794076
2022-02-01,13886300.314768419
2022-02-02,13850425.665810606
2022-02-03,13540520.56577745
2022-02-04,13369359.590026923
2022-02-05,14152982.9461777
2022-02-06,10808428.324062578
2022-02-07,11985808.36937682
2022-02-08,14250233.50058141
2022-02-09,13585039.708460039
2022-02-10,14300371.5641851
2022-02-11,10793732.684730463
2022-02-12,13579853.012225173
2022-02-13,12118069.123365864
2022-02-14,12332452.567740263
2022-02-15,10820098.390591023
2022-02-16,15466081.542970896
2022-02-17,14682890.411506357
2022-02-18,10413374.9608404
2022-02-19,16980596.84355133
2022-02-20,16939103.273672413
2022-02-21,17029870.45778254
2022-02-22,17097729.73352202
2022-02-23,17376514.656145986
2022-02-24,16881185.165716425
2022-02-25,17108967.575364225
2022-02-26,17934084.501393918
2022-02-27,17744337.864135124
2022-02-28,13266057.890015872
2022-03-01,18373224.782612447
2022-03-02,18655467.502726324
2022-03-03,18363283.614828955
2022-03-04,18077583.09722517
2022-03-05,19280896.62371373
2022-03-06,15534373.04339661
2022-03-07,19213037.347974256
2022-03-08,18946354.716564972
2022-03-09,18232751.759584866
2022-03-10,18920853.46007689
2022-03-11,17029006.008410063
2022-03-12,3643007.4755972773
2022-03-13,11534133.57225737
2022-03-14,20249079.92088844
2022-03-15,19538070.312025763
2022-03-16,10924696.76466079
2022-03-17,7765998.757628313
2022-03-18,15971352.201183945
2022-03-19,14882578.21654864
2022-03-20,17322486.570366148
2022-03-21,13441973.337315027
2022-03-22,18433736.238685865
2022-03-23,21110935.94524842
2022-03-24,16882914.06446138
2022-03-25,4472014.423803119
2022-03-26,20311320.275706813
2022-03-27,23165732.103627242
2022-03-28,22211812.22109841
2022-03-29,16534108.742666744
2022-03-30,18546546.88179417
2022-03-31,17427084.944435913
2022-04-01,23282000.544225454
2022-04-02,21925247.25412215
2022-04-03,23390921.16515761
2022-04-04,22960425.377663855
2022-04-05,22886082.731630795
2022-04-06,16719533.133063149
2022-04-07,23699529.591132045
2022-04-08,23138501.9483942
2022-04-09,22007369.944507502
2022-04-10,23466992.70993562
2022-04-11,20798437.497097835
2022-04-12,14756800.832853176
2022-04-13,22900778.37096291
2022-04-14,18023555.011445332
2022-04-15,22830757.971792243
2022-04-16,25428428.336086877
2022-04-17,20167389.45518932
2022-04-18,21903203.795123972
2022-04-19,25235656.12602441
2022-04-20,24873884.063642614
2022-04-21,24313288.64559101
2022-04-22,16789121.30754758
2022-04-23,25313024.344861142
2022-04-24,19196612.809897184
2022-04-25,16201727.958949177
2022-04-26,13752310.662034418
2022-04-27,19714850.208697394
2022-04-28,6406652.1194075765
2022-04-29,18066345.255382963
2022-04-30,17950941.26415723
2022-05-01,26658972.01780848
2022-05-02,26007177.190960504
2022-05-03,26261325.306468867
2022-05-04,26372839.275518455
2022-05-05,25804463.813114554
2022-05-06,21404416.507204503
2022-05-07,9278785.159463791
2022-05-08,5068052.266126297
2022-05-09,4857991.068614285
2022-05-10,22800070.01906929
2022-05-11,13607515.39214445
2022-05-12,7917277.397811861
2022-05-13,25128464.40383721
2022-05-14,18309687.753735356
2022-05-15,26578146.00148184
2022-05-16,26482192.121136844
2022-05-17,27405424.050942726
2022-05-18,25702026.56247598
2022-05-19,23374064.402394295
2022-05-20,26685769.94835528
2022-05-21,27304283.47436287
2022-05-22,26373703.724890932
2022-05-23,25573655.83066308
2022-05-24,24551012.223022297
2022-05-25,23708174.084856816
2022-05-26,27987198.47862003
2022-05-27,27852344.37651355
2022-05-28,27108485.691496734
2022-05-29,23177834.394841924
2022-05-30,28371014.0
2022-05-31,26783020.502758987
2022-06-01,27472418.877309725
2022-06-02,24640914.95775995
2022-06-03,25193298.10677302
2022-06-04,20784606.307138197
2022-06-05,25879670.908520088
2022-06-06,25750867.95202095
2022-06-07,26991352.801526044
2022-06-08,26051696.333643094
2022-06-09,21544025.08085961
2022-06-10,12952262.767806571
2022-06-11,24942175.564068332
2022-06-12,19486635.57436336
2022-06-13,21622257.74906881
2022-06-14,25091725.305506922
2022-06-15,25894798.772538442
2022-06-16,24474508.45355805
2022-06-17,26323133.436601
2022-06-18,25105556.49546656
2022-06-19,27144360.34045455
2022-06-20,25887450.952872384
2022-06-21,25148346.739404194
2022-06-22,19338814.73166972
2022-06-23,25832126.19303383
2022-06-24,27578313.92543821
2022-06-25,25010467.064494044
2022-06-26,13088845.768658001
2022-06-27,11141241.332466383
2022-06-28,16840988.269896224
2022-06-29,18970127.0743081
2022-06-30,21129521.606756687
2022-07-01,22327216.212324146
2022-07-02,22601678.888085727
2022-07-03,15142345.252978103
2022-07-04,17211404.8260028
2022-07-05,11582542.737116104
2022-07-06,7316052.859253818
2022-07-07,27150411.48606189
2022-07-08,26645140.827848837
2022-07-09,22045837.941582747
2022-07-10,5836115.533572482
2022-07-11,15558577.625825979
2022-07-12,10920374.517798403
2022-07-13,13214190.927667227
2022-07-14,20099097.954763606
2022-07-15,22975553.24168221
2022-07-16,7121983.975132638
2022-07-17,25402927.079598792
2022-07-18,22624586.796456378
2022-07-19,5611358.696728354
2022-07-20,11742898.095710665
2022-07-21,24507789.754398428
2022-07-22,16397525.741815312
2022-07-23,19325847.991082557
2022-07-24,26040458.49180089
2022-07-25,24182756.79034692
2022-07-26,14490982.65081637
2022-07-27,20160906.08489574
2022-07-28,6863945.837448129
2022-07-29,19265336.53500914
2022-07-30,19135669.129137527
2022-07-31,20595291.894565642
2022-08-01,22097704.903931394
2022-08-02,20906925.893343754
2022-08-03,21802495.443230353
2022-08-04,22357904.165047094
2022-08-05,23131154.128728144
2022-08-06,20240435.427163664
2022-08-07,18655035.27804008
2022-08-08,5039525.436834542
2022-08-09,4565807.180716919
2022-08-10,7663129.282303501
2022-08-11,17389481.396733146
2022-08-12,17922414.434865475
2022-08-13,14228622.266269475
2022-08-14,16573873.413800705
2022-08-15,19989745.109145213
2022-08-16,21571255.236092646
2022-08-17,22995435.57724919
2022-08-18,12461687.748925637
2022-08-19,6299028.172534138
2022-08-20,13692663.655333476
2022-08-21,21393610.890048537
2022-08-22,8037003.635899982
2022-08-23,23517562.998225547
2022-08-24,19127889.08478523
2022-08-25,14673813.693095343
2022-08-26,21493454.79256968
2022-08-27,21221585.46492553
2022-08-28,2262914.052437082
2022-08-29,12345851.533013662
2022-08-30,16384991.225914389
2022-08-31,21349956.19673843
2022-09-01,20584054.052723438
2022-09-02,21798173.196367968
2022-09-03,13388377.476221427
2022-09-04,21215534.31931819
2022-09-05,21608858.783795413
2022-09-06,22764627.59479772
2022-09-07,23026987.979344614
2022-09-08,20541263.808785804
2022-09-09,18597117.170084096
2022-09-10,20172143.92673795
2022-09-11,18590633.799790516
2022-09-12,20919892.633930914
2022-09-13,18702147.768840104
2022-09-14,11604153.97142804
2022-09-15,12327698.096191637
2022-09-16,19963379.403284654
2022-09-17,20321693.66817654
2022-09-18,20187704.015442543
2022-09-19,19842356.491137814
2022-09-20,12877920.121773513
2022-09-21,20258588.86398569
2022-09-22,18929930.1784879
2022-09-23,21266536.832294356
2022-09-24,15819641.336314159
2022-09-25,20200670.756029703
2022-09-26,19541095.884829435
2022-09-27,18205089.379665587
2022-09-28,19449896.47603307
2022-09-29,18746666.91152269
2022-09-30,17603432.61642131
2022-10-01,2809678.2805290483
2022-10-02,8199087.893239498
2022-10-03,2538241.17757114
2022-10-04,12839452.124698266
2022-10-05,12898234.68202673
2022-10-06,10886228.767585546
2022-10-07,18042572.897639833
2022-10-08,15834769.200332513
2022-10-09,18001511.552447155
2022-10-10,18154951.3160619
2022-10-11,17941864.545746215
2022-10-12,15730170.826262746
2022-10-13,14276599.20644197
2022-10-14,11411813.986051815
2022-10-15,15592723.376038838
2022-10-16,11334445.767215086
2022-10-17,16946883.31802471
2022-10-18,16750653.310472336
2022-10-19,16418272.52675477
2022-10-20,15458301.498618599
2022-10-21,15119869.56929369
2022-10-22,15343329.732079104
2022-10-23,15270715.984791
2022-10-24,15108199.502765246
2022-10-25,14159898.54115752
2022-10-26,7059311.395628026
2022-10-27,11466274.296517892
2022-10-28,13421226.552375568
2022-10-29,9869636.305552104
2022-10-30,10482098.685952354
2022-10-31,7376996.540013475
2022-11-01,13850857.890496844
2022-11-02,12653595.509615622
2022-11-03,4392485.081535198
2022-11-04,12194572.892830115
2022-11-05,13043462.176602937
2022-11-06,10739272.374264386
2022-11-07,12611669.715050468
2022-11-08,12422355.302477915
2022-11-09,7125873.997308786
2022-11-10,7852011.470189816
2022-11-11,6440365.644934196
2022-11-12,3729020.1881587803
2022-11-13,10837387.378040573
2022-11-14,11745491.443828098
2022-11-15,11953391.517908916
2022-11-16,9113675.329320606
2022-11-17,11499123.372672034
2022-11-18,5286325.732676845
2022-11-19,8760979.985349819
2022-11-20,6343979.539902964
2022-11-21,1771906.8088699114
2022-11-22,5534854.927264102
2022-11-23,10195101.494289853
2022-11-24,10659743.031996462
2022-11-25,10645479.617350586
2022-11-26,8549189.889092851
2022-11-27,2422404.961659167
2022-11-28,1612415.8996478282
2022-11-29,5894465.8662147075
2022-11-30,8199952.342611976
2022-12-01,10954520.26801126
2022-12-02,10466106.372561522
2022-12-03,7686901.640046629
2022-12-04,8336535.343463408
2022-12-05,10349837.93196331
2022-12-06,10027830.54071547
2022-12-07,9568375.699243724
2022-12-08,8945107.701687507
2022-12-09,9338864.390850972
2022-12-10,10206771.560818296
2022-12-11,10259070.74785318
2022-12-12,10349837.93196331
2022-12-13,10320878.877985315
2022-12-14,10175219.158722872
2022-12-15,9738672.225621777
2022-12-16,8353824.330912956
2022-12-17,10422883.90393765
2022-12-18,10058086.268752182
2022-12-19,10052035.123144839
2022-12-20,7879241.625422855
2022-12-21,9376900.163239978
2022-12-22,10301428.767104574
2022-12-23,10200720.415210955
2022-12-24,10276359.73530273
2022-12-25,9004322.483702213
2022-12-26,10111249.905159542
2022-12-27,9564917.901753817
2022-12-28,10374906.963765156
2022-12-29,10348541.257904593
2022-12-30,10388738.153724793
2022-12-31,10312135.306794383
2023-01-01,8143013.781357055
2023-01-02,10249020.839293275
2023-01-03,10301177.933964329
2023-01-04,9728326.48240915
2023-01-05,9461843.175182255
2023-01-06,10858689.063557435
2023-01-07,10632967.18325834
2023-01-08,10526899.814263424
2023-01-09,10796889.480795935
2023-01-10,10936705.558107413
2023-01-11,8929314.85564167
2023-01-12,3978773.8110236432
2023-01-13,2573162.024384422
2023-01-14,7387831.645909789
2023-01-15,11268056.512488222
2023-01-16,11375438.766222741
2023-01-17,9773032.563555766
2023-01-18,12138510.210107647
2023-01-19,12114403.989881529
2023-01-20,12423840.198602231
2023-01-21,11149716.885923646
2023-01-22,11897886.302759677
2023-01-23,5858182.3988343645
2023-01-24,13363106.19759439
2023-01-25,12915607.091215018
2023-01-26,8685622.883901287
2023-01-27,13351272.234937932
2023-01-28,13385897.5330809
2023-01-29,13362229.607767984
2023-01-30,13424905.78035589
2023-01-31,13289910.947089635
2023-02-01,13338999.977368273
2023-02-02,10110519.646721404
2023-02-03,12417265.774904199
2023-02-04,14004331.655609101
2023-02-05,13812358.48362657
2023-02-06,13152286.344344165
2023-02-07,13426658.960008698
2023-02-08,12909909.25734339
2023-02-09,4544174.249054387
2023-02-10,14294044.593235707
2023-02-11,9097181.807398085
2023-02-12,3526891.7555122506
2023-02-13,15430981.598082025
2023-02-14,13027810.588994762
2023-02-15,15518640.580722451
2023-02-16,14927380.74281278
2023-02-17,12152097.352416912
2023-02-18,10413381.431744073
2023-02-19,16673547.677010056
2023-02-20,16515323.213344088
2023-02-21,16304941.655007066
2023-02-22,13128618.419031251
2023-02-23,15744362.461021546
2023-02-24,12200309.792869147
2023-02-25,17568984.184682
2023-02-26,17610183.906523
2023-02-27,17335811.29085847
2023-02-28,16638484.083953885
2023-03-01,17904279.79328163
2023-03-02,18211962.822349522
2023-03-03,16373753.956379801
2023-03-04,17729838.41782718
2023-03-05,18719508.331837587
2023-03-06,18536301.058119096
2023-03-07,18303566.459208768
2023-03-08,18955749.29005353
2023-03-09,19544817.65339719
2023-03-10,18993442.652588915
2023-03-11,14873470.46848892
2023-03-12,20793519.86111005
2023-03-13,20670358.990500253
2023-03-14,19930078.88210186
2023-03-15,19602234.28702667
2023-03-16,9661705.655602425
2023-03-17,13361353.017941581
2023-03-18,19849870.912985872
2023-03-19,19883619.621302433
2023-03-20,15452896.343742132
2023-03-21,20395986.374835722
2023-03-22,17894199.01027798
2023-03-23,19972155.193769265
2023-03-24,19925695.93296984
2023-03-25,14838845.17034595
2023-03-26,22299939.477785762
2023-03-27,22114979.024414465
2023-03-28,21937031.2896544
2023-03-29,22581324.81206153
2023-03-30,22522593.293692444
2023-03-31,21296682.421466094
2023-04-01,19815683.909756105
2023-04-02,22017677.553683594
2023-04-03,4296099.328181984
2023-04-04,1921855.7833660617
2023-04-05,9360597.050232563
2023-04-06,11594586.222823806
2023-04-07,24295934.51250825
2023-04-08,24073718.991514772
2023-04-09,23434246.71315287
2023-04-10,22924948.024011996
2023-04-11,20286412.64653519
2023-04-12,23797154.90128423
2023-04-13,16696339.012496566
2023-04-14,19663157.279961765
2023-04-15,16590709.938414853
2023-04-16,24942857.804394588
2023-04-17,22140400.12938019
2023-04-18,24273581.47193494
2023-04-19,24003153.51048923
2023-04-20,5976960.320312142
2023-04-21,5578550.244211407
2023-04-22,9663020.540342031
2023-04-23,3472543.186275188
2023-04-24,11034445.323751487
2023-04-25,23862460.843351346
2023-04-26,25032269.96668782
2023-04-27,24052680.83568107
2023-04-28,21536429.73898766
2023-04-29,26709624.599512365
2023-04-30,26212598.167941153
2023-05-01,25063388.905525174
2023-05-02,17969147.440435544
2023-05-03,11686628.154596252
2023-05-04,2411431.201412838
2023-05-05,7275189.853216843
2023-05-06,21663096.968903072
2023-05-07,26630731.51513598
2023-05-08,26197696.140892282
2023-05-09,22669422.089615155
2023-05-10,20577440.468901403
2023-05-11,21166947.12715826
2023-05-12,26510200.4140054
2023-05-13,26671492.94206378
2023-05-14,25994765.596079692
2023-05-15,26788079.388975546
2023-05-16,26399750.09587846
2023-05-17,22547576.103744965
2023-05-18,18665159.762600522
2023-05-19,24925326.0078665
2023-05-20,11078274.8150717
2023-05-21,11428472.4507202
2023-05-22,27722085.849009275
2023-05-23,26241525.63221249
2023-05-24,26612323.12878149
2023-05-25,17984049.467484415
2023-05-26,15243829.670144716
2023-05-27,4248325.182642952
2023-05-28,3857366.120066654
2023-05-29,10464223.64167552
2023-05-30,10775851.324962232
2023-05-31,22113225.844761655
2023-06-01,27239084.854660533
2023-06-02,23727466.01008509
2023-06-03,22671175.269267965
2023-06-04,22298624.59304616
2023-06-05,24965210.844967898
2023-06-06,27051056.33689682
2023-06-07,23607811.49878091
2023-06-08,28777500.0
2023-06-09,27769421.699635107
2023-06-10,27266697.43419227
2023-06-11,24587838.924700867
2023-06-12,25656401.923087653
2023-06-13,24636489.660066303
2023-06-14,26975231.316912852
2023-06-15,28006539.24767746
2023-06-16,21685888.30438958
2023-06-17,17783748.692151044
2023-06-18,17228429.03712395
2023-06-19,7409308.096656693
2023-06-20,26383533.18408998
2023-06-21,27957888.512312025
2023-06-22,28286609.69721362
2023-06-23,27307020.566206865
2023-06-24,25995642.185906097
2023-06-25,19763088.52017185
2023-06-26,21241018.96748942
2023-06-27,23698100.250900548
2023-06-28,11629649.815879976
2023-06-29,25107218.396845385
2023-06-30,28254614.16854986
2023-07-01,24980551.166929975
2023-07-02,22178531.78682877
2023-07-03,16064317.747659098
2023-07-04,13119414.225854006
2023-07-05,27786076.906336788
2023-07-06,23855448.124740113
2023-07-07,26709624.599512365
2023-07-08,25345650.829627343
2023-07-09,24997206.373631656
2023-07-10,19754760.91682101
2023-07-11,18491156.682059277
2023-07-12,6224158.651358142
2023-07-13,12870462.7151552
2023-07-14,25417531.195392493
2023-07-15,25027448.7226426
2023-07-16,26466809.217598386
2023-07-17,26051743.934795972
2023-07-18,25428488.568222545
2023-07-19,23656462.234146345
2023-07-20,22069834.648354646
2023-07-21,12464163.330616826
2023-07-22,18130439.968493927
2023-07-23,23676623.800153643
2023-07-24,23137082.762001827
2023-07-25,22036524.234951284
2023-07-26,21624088.721628085
2023-07-27,24350721.376658514
2023-07-28,16101572.81528128
2023-07-29,7173067.138440747
2023-07-30,10086851.721408488
2023-07-31,16606926.850203332
2023-08-01,21013105.612624317
2023-08-02,18378076.59445313
2023-08-03,22687392.181056444
2023-08-04,22327113.762404293
2023-08-05,15551074.404299408
2023-08-06,19910793.905920967
2023-08-07,19459350.145322777
2023-08-08,23288294.50705656
2023-08-09,23853256.650174104
2023-08-10,24128067.560751833
2023-08-11,21791079.083558094
2023-08-12,5326968.964033388
2023-08-13,22944233.000192888
2023-08-14,24109659.174397346
2023-08-15,23278652.018966112
2023-08-16,23979485.58517631
2023-08-17,21131006.94427569
2023-08-18,12230990.436793294
2023-08-19,17201254.752505418
2023-08-20,12656574.797512561
2023-08-21,13362667.902681187
2023-08-22,22899965.213959474
2023-08-23,23359298.282995306
2023-08-24,16045909.36130461
2023-08-25,20935089.11807434
2023-08-26,8434479.898636468
2023-08-27,3366475.817280272
2023-08-28,15549759.519559802
2023-08-29,21761713.32437355
2023-08-30,22199569.942662477
2023-08-31,21896708.157639805
2023-09-01,17869654.49513866
2023-09-02,18602921.88492582
2023-09-03,21195436.296516404
2023-09-04,20750566.959616244
2023-09-05,20569989.455376968
2023-09-06,21400120.020981796
2023-09-07,20042720.674794808
2023-09-08,18720823.21657719
2023-09-09,17138578.579917513
2023-09-10,15375756.439018557
2023-09-11,12975215.199410507
2023-09-12,10892876.0667872
2023-09-13,21818691.663089827
2023-09-14,22102706.766844805
2023-09-15,21277397.4452852
2023-09-16,20603299.86878033
2023-09-17,19113097.163893096
2023-09-18,17438810.59546097
2023-09-19,4213699.884499984
2023-09-20,18618262.206887893
2023-09-21,20434556.327197507
2023-09-22,18581445.434178915
2023-09-23,10106136.697589383
2023-09-24,2482873.272264784
2023-09-25,11932073.305989444
2023-09-26,9541174.55447184
2023-09-27,7976023.419427044
2023-09-28,16334307.41419161
2023-09-29,16982107.295904353
2023-09-30,18943915.327397075
2023-10-01,18643683.311853617
2023-10-02,15943786.646528514
2023-10-03,15322284.459607897
2023-10-04,13736533.4636426
2023-10-05,14786249.780761696
2023-10-06,5908586.31385261
2023-10-07,11473616.82678002
2023-10-08,15494096.065583132
2023-10-09,17812237.86150918
2023-10-10,17177586.8271925
2023-10-11,15684316.057912854
2023-10-12,9740160.445065606
2023-10-13,15971399.226060249
2023-10-14,16869903.798124608
2023-10-15,16547757.036921045
2023-10-16,16116036.54741695
2023-10-17,15575618.919438727
2023-10-18,12610115.536713134
2023-10-19,10432666.407924967
2023-10-20,16505242.43034044
2023-10-21,15544499.980601376
2023-10-22,15319216.395215483
2023-10-23,14783620.011282483
2023-10-24,14834462.22121393
2023-10-25,14408439.565581463
2023-10-26,14475498.687301388
2023-10-27,14778798.767237261
2023-10-28,13958748.98463608
2023-10-29,13774665.121091187
2023-10-30,13296923.665700868
2023-10-31,13544560.29166007
2023-11-01,13295608.780961262
2023-11-02,12966887.596059667
2023-11-03,6922362.44808913
2023-11-04,12561464.801347699
2023-11-05,1125473.9260777961
2023-11-06,13544560.29166007
2023-11-07,12999321.419636624
2023-11-08,12227484.077487677
2023-11-09,11094491.726860179
2023-11-10,11623513.687095147
2023-11-11,11701530.181645125
2023-11-12,12709608.482010018
2023-11-13,11201873.9805947
2023-11-14,11979409.156615274
2023-11-15,7456643.947282523
2023-11-16,12062685.190123677
2023-11-17,12248083.938408177
2023-11-18,11759823.405101009
2023-11-19,11534539.819715114
2023-11-20,11265865.037922211
2023-11-21,10845101.921248168
2023-11-22,10178893.653180934
2023-11-23,11643236.958189242
2023-11-24,11304873.2851972
2023-11-25,4520506.323741473
2023-11-26,10417764.380876094
2023-11-27,10629022.52903952
2023-11-28,10629899.118865924
2023-11-29,10776727.914788637
2023-11-30,10809600.033278797
2023-12-01,10796012.89096953
2023-12-02,10671537.135620127
2023-12-03,10547937.970097126
2023-12-04,10263046.276515745
2023-12-05,10131119.507641904
2023-12-06,10295918.395005904
2023-12-07,10037324.396216648
2023-12-08,9970265.274496723
2023-12-09,9657761.001383606
2023-12-10,3349820.610578591
2023-12-11,5735898.118050972
2023-12-12,9833078.966664456
2023-12-13,2370669.7744850386
2023-12-14,1867945.5090421997
2023-12-15,6605475.225843992
2023-12-16,10458087.51289069
2023-12-17,10365607.286205042
2023-12-18,8183336.9133716505
2023-12-19,10039077.575869456
2023-12-20,10430036.638445754
2023-12-21,10591329.166504137
2023-12-22,10472989.539939562
2023-12-23,10152157.663475607
2023-12-24,10471236.360286754
2023-12-25,10130242.917815499
2023-12-26,8955612.550433798
2023-12-27,6991174.749461864
2023-12-28,9945282.464444201
2023-12-29,7693761.495324874
2023-12-30,5286645.832018791
2023-12-31,5286645.832018791
