time_val,temperature_k,temperature_c
2019-01-01,270.36578148500206,-2.7842185149979173
2019-01-02,272.43300533891824,-0.7169946610817419
2019-01-03,274.39701283844965,1.2470128384496775
2019-01-04,272.221602389155,-0.9283976108449679
2019-01-05,271.52140825452153,-1.6285917454784453
2019-01-06,273.2828250720644,0.1328250720644064
2019-01-07,273.4895627035939,0.33956270359391283
2019-01-08,269.9421827862986,-3.2078172137013894
2019-01-09,270.16727676800235,-2.9827232319976247
2019-01-10,272.9457939450294,-0.20420605497059796
2019-01-11,274.35969029258064,1.2096902925806603
2019-01-12,275.94339812538095,2.7933981253809748
2019-01-13,275.6826281807141,2.5326281807141413
2019-01-14,274.58313769137845,1.4331376913784766
2019-01-15,266.3160108277241,-6.833989172275892
2019-01-16,271.03993521590013,-2.1100647840998477
2019-01-17,275.36270322053576,2.2127032205357864
2019-01-18,277.57708279860555,4.427082798605568
2019-01-19,273.91319189457346,0.763191894573481
2019-01-20,273.6350718448416,0.48507184484162735
2019-01-21,276.4415809312705,3.2915809312705164
2019-01-22,279.551854071578,6.401854071578043
2019-01-23,281.57117455984024,8.421174559840267
2019-01-24,278.88953134378227,5.739531343782289
2019-01-25,272.812939098337,-0.3370609016629942
2019-01-26,274.13322415845516,0.9832241584551866
2019-01-27,276.9202791727725,3.7702791727725185
2019-01-28,276.6766153949623,3.5266153949623344
2019-01-29,278.12484604533097,4.974846045330992
2019-01-30,274.14160953436533,0.9916095343653524
2019-01-31,271.9443971077042,-1.205602892295758
2019-02-01,275.38609079625604,2.2360907962560646
2019-02-02,277.04923100813215,3.899231008132176
2019-02-03,277.50835320841855,4.358353208418578
2019-02-04,279.74395541061,6.593955410610022
2019-02-05,278.4236093659397,5.273609365939706
2019-02-06,270.7222971764246,-2.4277028235753733
2019-02-07,266.7725411845474,-6.377458815452599
2019-02-08,268.53078680538243,-4.619213194617544
2019-02-09,267.9109093258299,-5.239090674170086
2019-02-10,269.1925301799335,-3.9574698200664784
2019-02-11,273.58750389422426,0.43750389422427816
2019-02-12,272.8289780355324,-0.32102196446760445
2019-02-13,269.31096218006047,-3.839037819939506
2019-02-14,270.8625616461939,-2.287438353806067
2019-02-15,270.51104668804146,-2.6389533119585167
2019-02-16,271.5941628251453,-1.5558371748546733
2019-02-17,274.54050948947895,1.3905094894789727
2019-02-18,273.0753861181859,-0.07461388181405937
2019-02-19,274.9938381573183,1.8438381573183165
2019-02-20,276.7378133929681,3.587813392968144
2019-02-21,278.70368092133793,5.553680921337957
2019-02-22,279.55917221782687,6.409172217826892
2019-02-23,282.0213625232479,8.87136252324791
2019-02-24,282.809099982383,9.659099982382997
2019-02-25,282.74436488035684,9.594364880356864
2019-02-26,280.6206083466685,7.470608346668541
2019-02-27,280.86680298338985,7.716802983389869
2019-02-28,282.21526290656607,9.06526290656609
2019-03-01,283.6847466733324,10.53474667333245
2019-03-02,282.259080307231,9.109080307231011
2019-03-03,280.7854495909235,7.6354495909235425
2019-03-04,284.34877696858615,11.198776968586174
2019-03-05,284.91032272408023,11.760322724080254
2019-03-06,278.94603353127854,5.796033531278567
2019-03-07,280.2113105254263,7.061310525426336
2019-03-08,282.3810799036542,9.231079903654233
2019-03-09,284.01769183537834,10.867691835378366
2019-03-10,283.8341588259129,10.684158825912903
2019-03-11,284.26159955139696,11.111599551396978
2019-03-12,280.50153600874484,7.3515360087448585
2019-03-13,283.30838051020993,10.158380510209952
2019-03-14,285.2459207141414,12.095920714141414
2019-03-15,284.4102798893524,11.260279889352432
2019-03-16,289.02083399522354,15.870833995223563
2019-03-17,289.3844848792386,16.234484879238607
2019-03-18,290.3650249997546,17.215024999754633
2019-03-19,291.10629223020976,17.956292230209783
2019-03-20,288.4555986743291,15.305598674329133
2019-03-21,280.7666968411609,7.616696841160945
2019-03-22,282.00849478276047,8.858494782760488
2019-03-23,280.2495478395765,7.09954783957653
2019-03-24,286.06991348948446,12.919913489484486
2019-03-25,289.0716951116529,15.921695111652923
2019-03-26,292.1710825094154,19.021082509415407
2019-03-27,287.3502231757183,14.20022317571835
2019-03-28,280.95931654888545,7.8093165488854765
2019-03-29,283.73182674753326,10.581826747533285
2019-03-30,281.37270033511663,8.222700335116656
2019-03-31,283.69346746427885,10.543467464278876
2019-04-01,284.89224080439044,11.742240804390462
2019-04-02,285.9699293163597,12.819929316359719
2019-04-03,287.9093600414054,14.759360041405444
2019-04-04,291.221675002733,18.071675002733002
2019-04-05,293.14232248574007,19.99232248574009
2019-04-06,287.26155163700327,14.111551637003288
2019-04-07,290.25397213042856,17.103972130428588
2019-04-08,284.5259980769122,11.375998076912197
2019-04-09,278.3402739755311,5.190273975531113
2019-04-10,283.25169536905753,10.101695369057552
2019-04-11,284.1393255244893,10.989325524489345
2019-04-12,287.3213469903115,14.17134699031152
2019-04-13,288.78156110516267,15.631561105162689
2019-04-14,288.5796107609708,15.429610760970832
2019-04-15,290.3212685836418,17.171268583641847
2019-04-16,291.6768332071346,18.526833207134644
2019-04-17,296.44859997641237,23.29859997641239
2019-04-18,287.56540716771025,14.41540716771027
2019-04-19,287.4722227721416,14.322222772141629
2019-04-20,289.9175203566383,16.76752035663833
2019-04-21,290.01107065951925,16.86107065951927
2019-04-22,292.9764749963759,19.826474996375907
2019-04-23,293.1353092622516,19.985309262251633
2019-04-24,288.2681321612547,15.11813216125472
2019-04-25,281.72509956927416,8.575099569274187
2019-04-26,285.27058896545515,12.12058896545517
2019-04-27,282.8092829360392,9.659282936039233
2019-04-28,286.38206291927344,13.23206291927346
2019-04-29,290.0956562332454,16.945656233245415
2019-04-30,292.05832207263126,18.90832207263128
2019-05-01,294.1866524477251,21.036652447725146
2019-05-02,294.7455758674801,21.595575867480136
2019-05-03,295.06800119429334,21.918001194293367
2019-05-04,293.46185104632997,20.31185104632999
2019-05-05,288.203793458817,15.05379345881704
2019-05-06,290.2845863755696,17.134586375569597
2019-05-07,291.9383959509784,18.78839595097844
2019-05-08,291.226614751451,18.076614751451018
2019-05-09,294.8507742198071,21.7007742198071
2019-05-10,294.36777656738394,21.217776567383964
2019-05-11,297.353488760081,24.20348876008103
2019-05-12,294.99741157526813,21.847411575268154
2019-05-13,291.4667109329649,18.316710932964895
2019-05-14,295.9072096153787,22.757209615378713
2019-05-15,297.0016383868922,23.851638386892205
2019-05-16,298.20138747983685,25.051387479836876
2019-05-17,296.78139267707826,23.63139267707828
2019-05-18,295.6213140352575,22.471314035257535
2019-05-19,294.34957267858994,21.19957267858996
2019-05-20,293.7727502928014,20.622750292801413
2019-05-21,297.0343565990798,23.88435659907981
2019-05-22,301.86119241887997,28.71119241887999
2019-05-23,304.0590146910618,30.909014691061827
2019-05-24,301.7735881098262,28.623588109826244
2019-05-25,302.05362917294826,28.903629172948285
2019-05-26,298.28862588157807,25.138625881578093
2019-05-27,294.48544626061,21.335446260610013
2019-05-28,296.0609211788802,22.910921178880244
2019-05-29,298.2485895231419,25.098589523141925
2019-05-30,296.21018087008053,23.060180870080558
2019-05-31,298.5522925924685,25.40229259246854
2019-06-01,300.3198688497708,27.169868849770808
2019-06-02,304.01760618020376,30.86760618020378
2019-06-03,303.1165594233158,29.9665594233158
2019-06-04,303.1830325850761,30.033032585076114
2019-06-05,297.77477004580567,24.62477004580569
2019-06-06,296.3498659866052,23.199865986605232
2019-06-07,299.8477569398928,26.697756939892827
2019-06-08,302.2990310104927,29.149031010492706
2019-06-09,298.42489586318675,25.27489586318677
2019-06-10,300.22467196398384,27.07467196398386
2019-06-11,302.9823629164777,29.832362916477734
2019-06-12,303.4366673371503,30.286667337150334
2019-06-13,302.6581385453782,29.508138545378245
2019-06-14,302.9433632954267,29.79336329542673
2019-06-15,303.71893433642316,30.568934336423183
2019-06-16,300.3102637828193,27.1602637828193
2019-06-17,302.78276047754076,29.632760477540785
2019-06-18,304.54811079869245,31.39811079869247
2019-06-19,304.6859968709308,31.53599687093083
2019-06-20,301.831431957468,28.68143195746802
2019-06-21,301.6034107172647,28.453410717264717
2019-06-22,302.0944583305617,28.9444583305617
2019-06-23,303.47722206427926,30.327222064279283
2019-06-24,303.5761085154666,30.426108515466638
2019-06-25,301.1907892379345,28.04078923793452
2019-06-26,301.9707206744042,28.820720674404242
2019-06-27,303.1975774007456,30.047577400745638
2019-06-28,296.4777505923036,23.32775059230363
2019-06-29,303.5583010262612,30.4083010262612
2019-06-30,301.42402465734006,28.274024657340078
2019-07-01,302.81956465471717,29.669564654717192
2019-07-02,303.6348671313896,30.48486713138965
2019-07-03,303.5825118934343,30.43251189343431
2019-07-04,304.4795336698855,31.329533669885507
2019-07-05,304.5368286565587,31.386828656558748
2019-07-06,295.032935076851,21.882935076851027
2019-07-07,295.9669744764108,22.81697447641085
2019-07-08,298.74509525384934,25.595095253849365
2019-07-09,297.8920738317194,24.742073831719438
2019-07-10,297.36361219572524,24.21361219572526
2019-07-11,299.19964361273026,26.04964361273028
2019-07-12,300.2001256817742,27.050125681774205
2019-07-13,303.19876659951103,30.048766599511055
2019-07-14,302.5215636410094,29.371563641009402
2019-07-15,302.6808857833018,29.530885783301812
2019-07-16,302.43511803844495,29.285118038444978
2019-07-17,300.7717033960845,27.621703396084513
2019-07-18,301.19466175699114,28.04466175699116
2019-07-19,302.84923363930096,29.699233639300985
2019-07-20,301.93297123667065,28.782971236670676
2019-07-21,305.54273835073724,32.39273835073726
2019-07-22,305.89812582794644,32.74812582794647
2019-07-23,303.70182816956645,30.551828169566477
2019-07-24,305.81390616153277,32.66390616153279
2019-07-25,303.5968432631717,30.44684326317173
2019-07-26,306.36734097160104,33.21734097160106
2019-07-27,303.62882966073425,30.478829660734277
2019-07-28,304.9361555035369,31.786155503536918
2019-07-29,302.7682766464232,29.618276646423226
2019-07-30,301.1707253203022,28.020725320302233
2019-07-31,303.3344572278749,30.18445722787493
2019-08-01,301.9432471336951,28.793247133695104
2019-08-02,297.54766357388354,24.397663573883563
2019-08-03,300.3530139538228,27.203013953822847
2019-08-04,302.08320668070405,28.933206680704075
2019-08-05,301.023996488013,27.873996488013006
2019-08-06,300.6556193012123,27.505619301212334
2019-08-07,298.87243099857903,25.722430998579057
2019-08-08,301.129865670413,27.979865670413005
2019-08-09,301.6920822559798,28.542082255979835
2019-08-10,298.2992676859151,25.149267685915106
2019-08-11,297.3085736374788,24.15857363747881
2019-08-12,296.8292655504561,23.679265550456137
2019-08-13,297.5750761300406,24.425076130040623
2019-08-14,300.01015880206484,26.86015880206486
2019-08-15,301.9163224539546,28.766322453954615
2019-08-16,298.1987651440977,25.04876514409773
2019-08-17,299.2507486673679,26.100748667367895
2019-08-18,300.6368970437256,27.486897043725605
2019-08-19,299.95505925926636,26.805059259266386
2019-08-20,299.77302037132654,26.62302037132656
2019-08-21,299.26508003710524,26.11508003710526
2019-08-22,300.0518722356832,26.901872235683243
2019-08-23,301.0569891306849,27.906989130684906
2019-08-24,298.2337397847119,25.083739784711895
2019-08-25,296.611398238173,23.461398238173047
2019-08-26,298.93365948886105,25.783659488861076
2019-08-27,298.8150445350778,25.66504453507781
2019-08-28,300.31474614739665,27.16474614739667
2019-08-29,298.3597643615721,25.209764361572127
2019-08-30,298.68191525790104,25.531915257901062
2019-08-31,298.7797649717032,25.629764971703196
2019-09-01,298.9681157607826,25.818115760782632
2019-09-02,298.8409019851571,25.690901985157097
2019-09-03,297.92067558664195,24.77067558664197
2019-09-04,298.22462259417694,25.074622594176958
2019-09-05,299.6914840252041,26.541484025204113
2019-09-06,298.92191996258686,25.77191996258688
2019-09-07,299.9188954198868,26.768895419886803
2019-09-08,302.1803550721574,29.03035507215742
2019-09-09,301.0164039112799,27.866403911279917
2019-09-10,296.1901474447243,23.04014744472431
2019-09-11,292.873868487512,19.72386848751205
2019-09-12,293.5465585891602,20.396558589160236
2019-09-13,294.42595583006215,21.275955830062173
2019-09-14,296.23533699781086,23.085336997810884
2019-09-15,293.1734246072977,20.023424607297727
2019-09-16,294.57332500014803,21.423325000148054
2019-09-17,294.5758863513352,21.425886351335237
2019-09-18,293.5071930607968,20.357193060796817
2019-09-19,292.5454971668715,19.395497166871507
2019-09-20,293.4283400349655,20.278340034965538
2019-09-21,293.7267984328139,20.576798432813916
2019-09-22,294.79896784282056,21.648967842820582
2019-09-23,297.8240455638812,24.674045563881236
2019-09-24,299.02047099873784,25.870470998737858
2019-09-25,298.6988689633775,25.548868963377515
2019-09-26,297.6892697037985,24.53926970379854
2019-09-27,297.72363449889195,24.573634498891977
2019-09-28,298.34717105156886,25.197171051568887
2019-09-29,298.5387845141843,25.388784514184294
2019-09-30,298.0716428453001,24.92164284530014
2019-10-01,297.74568041446656,24.595680414466585
2019-10-02,298.87032703153267,25.72032703153269
2019-10-03,299.22181149740896,26.071811497408987
2019-10-04,287.482437684614,14.332437684614035
2019-10-05,286.9770891938558,13.82708919385584
2019-10-06,283.7549094004931,10.604909400493113
2019-10-07,288.16070787277704,15.010707872777061
2019-10-08,290.95361740409334,17.80361740409336
2019-10-09,289.89022976958535,16.74022976958537
2019-10-10,289.31596873498387,16.165968734983892
2019-10-11,290.13895526521765,16.98895526521767
2019-10-12,289.9236797963977,16.773679796397744
2019-10-13,287.6709409350736,14.520940935073611
2019-10-14,282.7217396115376,9.571739611537623
2019-10-15,285.3033071776427,12.153307177642716
2019-10-16,284.7631060153745,11.613106015374512
2019-10-17,287.38388664846303,14.233886648463056
2019-10-18,289.3357887144079,16.18578871440792
2019-10-19,291.1427609923497,17.9927609923497
2019-10-20,292.03280003758846,18.88280003758848
2019-10-21,291.8851869292942,18.73518692929423
2019-10-22,292.0174014381899,18.867401438189916
2019-10-23,292.47496853239835,19.324968532398373
2019-10-24,288.6871875108288,15.537187510828801
2019-10-25,282.8270294406927,9.677029440692706
2019-10-26,284.48434562784587,11.334345627845892
2019-10-27,288.0983206760057,14.948320676005721
2019-10-28,288.2527945464082,15.102794546408234
2019-10-29,288.7490563389074,15.599056338907417
2019-10-30,291.6634470979544,18.51344709795444
2019-10-31,293.38376032739967,20.233760327399693
2019-11-01,292.2015138009003,19.051513800900295
2019-11-02,289.57936101539,16.429361015390043
2019-11-03,283.30341026921593,10.153410269215954
2019-11-04,285.97300903623943,12.823009036239455
2019-11-05,287.5879104674253,14.437910467425297
2019-11-06,287.83053750785035,14.680537507850374
2019-11-07,283.3626262692794,10.21262626927944
2019-11-08,286.4032245588429,13.25322455884293
2019-11-09,287.6571279340289,14.507127934028915
2019-11-10,287.3916011943003,14.241601194300301
2019-11-11,288.24041468233725,15.090414682337268
2019-11-12,290.26946220665525,17.11946220665527
2019-11-13,281.6869537319521,8.53695373195211
2019-11-14,285.4412542344333,12.291254234433325
2019-11-15,284.2615385668447,11.111538566844729
2019-11-16,282.86755367554565,9.717553675545673
2019-11-17,280.34117712906703,7.191177129067057
2019-11-18,275.56675753177416,2.4167575317741807
2019-11-19,279.2930661248535,6.143066124853533
2019-11-20,282.62215183800134,9.472151838001366
2019-11-21,283.85754640163304,10.707546401633067
2019-11-22,287.1428147141159,13.992814714115923
2019-11-23,285.8284146632728,12.678414663272804
2019-11-24,275.05381646428276,1.9038164642827837
2019-11-25,273.91142334256335,0.7614233425633756
2019-11-26,276.6079467893274,3.4579467893274227
2019-11-27,273.1940315642452,0.04403156424524468
2019-11-28,274.3341987498139,1.184198749813902
2019-11-29,276.65508784808026,3.5050878480802794
2019-11-30,276.0243246259826,2.874324625982638
2019-12-01,274.9547165671631,1.8047165671630978
2019-12-02,274.8497621530443,1.6997621530443325
2019-12-03,279.5674966091849,6.417496609184923
2019-12-04,279.6195164321037,6.469516432103717
2019-12-05,272.409648255474,-0.7403517445259808
2019-12-06,274.2559860617795,1.1059860617795039
2019-12-07,276.59968338252133,3.449683382521357
2019-12-08,279.19945483742055,6.049454837420569
2019-12-09,280.4300011291624,7.280001129162429
2019-12-10,279.6801045845889,6.530104584588912
2019-12-11,276.07802152408357,2.92802152408359
2019-12-12,278.24529053567636,5.095290535676384
2019-12-13,278.5503047728727,5.400304772872744
2019-12-14,277.2432838528305,4.093283852830496
2019-12-15,277.23306894035824,4.08306894035826
2019-12-16,275.8779312087299,2.727931208729899
2019-12-17,274.0250070708005,0.8750070708005069
2019-12-18,273.92950526225326,0.7795052622532808
2019-12-19,272.5632073575955,-0.5867926424044754
2019-12-20,275.0837598793509,1.93375987935093
2019-12-21,277.17574346140896,4.025743461408979
2019-12-22,275.0967190966666,1.9467190966666408
2019-12-23,273.7957356472796,0.6457356472796505
2019-12-24,276.1742246549796,3.024224654979605
2019-12-25,274.2728177981518,1.1228177981518002
2019-12-26,274.3238618682373,1.1738618682373385
2019-12-27,277.1903492616306,4.040349261630638
2019-12-28,279.40506425473677,6.255064254736794
2019-12-29,278.67983596147707,5.52983596147709
2019-12-30,265.6835095458924,-7.4664904541076
2019-12-31,268.3544194807855,-4.795580519214468
2020-01-01,273.47644260225206,0.32644260225208654
2020-01-02,275.4563670872602,2.3063670872602415
2020-01-03,277.34460843403554,4.194608434035558
2020-01-04,278.6690825209121,5.51908252091215
2020-01-05,274.729054360787,1.5790543607870404
2020-01-06,274.08473532949046,0.9347353294904792
2020-01-07,271.9633061185066,-1.1866938814933974
2020-01-08,272.46491531858635,-0.6850846814136275
2020-01-09,275.2911408160068,2.141140816006839
2020-01-10,274.66448609048524,1.5144860904852635
2020-01-11,271.5294048050154,-1.6205951949845598
2020-01-12,272.40389893741707,-0.746101062582909
2020-01-13,270.59110352141187,-2.5588964785881103
2020-01-14,270.94483362305493,-2.2051663769450442
2020-01-15,272.1252342069941,-1.0247657930058836
2020-01-16,271.59219713075095,-1.5578028692490307
2020-01-17,272.443825976862,-0.7061740231379758
2020-01-18,274.9277698724327,1.7777698724327138
2020-01-19,276.1950966002309,3.04509660023092
2020-01-20,275.66459658765376,2.5145965876537844
2020-01-21,277.6770906274752,4.527090627475218
2020-01-22,278.1863744451448,5.036374445144816
2020-01-23,276.3890551175026,3.2390551175026303
2020-01-24,275.4297279187665,2.2797279187665254
2020-01-25,276.478645178211,3.3286451782110476
2020-01-26,273.30801328812026,0.15801328812028714
2020-01-27,275.29916427985086,2.149164279850879
2020-01-28,275.40508668790966,2.2550866879096816
2020-01-29,274.6747611983329,1.5247611983328966
2020-01-30,275.90577620241044,2.755776202410459
2020-01-31,279.62435041778264,6.474350417782659
2020-02-01,276.96309748524885,3.813097485248875
2020-02-02,274.4671976771519,1.3171976771519098
2020-02-03,275.590736321675,2.440736321675047
2020-02-04,271.8003314912569,-1.3496685087430933
2020-02-05,270.2251955141716,-2.9248044858283606
2020-02-06,271.9239499183866,-1.22605008161338
2020-02-07,275.4870972709156,2.337097270915649
2020-02-08,278.0128075770892,4.8628075770892
2020-02-09,281.98968658696407,8.839686586964092
2020-02-10,283.13656621721515,9.98656621721517
2020-02-11,283.3816782806542,10.23167828065425
2020-02-12,283.77019786781847,10.62019786781849
2020-02-13,286.923355731909,13.773355731909021
2020-02-14,273.94928784301754,0.7992878430175665
2020-02-15,270.1834608168647,-2.9665391831352963
2020-02-16,272.27333529850154,-0.8766647014984414
2020-02-17,276.5593555160882,3.409355516088226
2020-02-18,280.3966960243288,7.246696024328799
2020-02-19,281.6400157871867,8.490015787186735
2020-02-20,281.4402854500746,8.290285450074634
2020-02-21,280.6809740081129,7.530974008112935
2020-02-22,279.43835193776323,6.288351937763252
2020-02-23,284.63004045754855,11.480040457548569
2020-02-24,281.71917217356844,8.569172173568461
2020-02-25,277.82595283808234,4.675952838082367
2020-02-26,276.4923453220079,3.3423453220079296
2020-02-27,274.96411330944926,1.814113309449283
2020-02-28,277.5633350353474,4.413335035347416
2020-02-29,279.07907200935057,5.929072009350591
2020-03-01,280.01436052985065,6.864360529850671
2020-03-02,279.0251594064464,5.875159406446414
2020-03-03,277.99216222150636,4.842162221506385
2020-03-04,275.7069338375815,2.556933837581539
2020-03-05,279.648706228977,6.498706228977028
2020-03-06,282.9504091707166,9.800409170716648
2020-03-07,283.4256646219649,10.27566462196495
2020-03-08,285.2099814983183,12.059981498318336
2020-03-09,277.40806673898334,4.258066738983359
2020-03-10,281.824396889119,8.67439688911901
2020-03-11,285.5495674700231,12.3995674700231
2020-03-12,282.30415562837464,9.154155628374667
2020-03-13,280.3109432724153,7.160943272415295
2020-03-14,284.37481185274095,11.22481185274097
2020-03-15,283.9978041919616,10.847804191961643
2020-03-16,285.1399268278388,11.989926827838815
2020-03-17,289.4594045725218,16.309404572521828
2020-03-18,290.3287928642955,17.17879286429553
2020-03-19,286.13924449261145,12.989244492611476
2020-03-20,291.9529575967278,18.802957596727822
2020-03-21,286.60359057009555,13.453590570095571
2020-03-22,287.98828820574585,14.838288205745869
2020-03-23,289.9338354780787,16.783835478078743
2020-03-24,289.93649939492803,16.786499394928057
2020-03-25,289.60297066272614,16.45297066272616
2020-03-26,280.5171748351717,7.367174835171738
2020-03-27,280.6388904645518,7.488890464551844
2020-03-28,282.4896466956608,9.339646695660804
2020-03-29,283.1184579252985,9.968457925298537
2020-03-30,284.165028400852,11.015028400852032
2020-03-31,285.22926318218055,12.079263182180568
2020-04-01,282.81264661364855,9.662646613648576
2020-04-02,281.97392507893846,8.823925078938487
2020-04-03,288.1704176636744,15.020417663674436
2020-04-04,282.8207335040841,9.670733504084126
2020-04-05,286.3087520588014,13.15875205880144
2020-04-06,289.0712972582034,15.921297258203424
2020-04-07,287.64118618293037,14.491186182930392
2020-04-08,285.1437324233379,11.993732423337917
2020-04-09,278.2035630514825,5.053563051482513
2020-04-10,279.314828650521,6.164828650521031
2020-04-11,285.3038211406674,12.153821140667446
2020-04-12,287.0150705834379,13.865070583437898
2020-04-13,290.38172235502907,17.231722355029092
2020-04-14,291.4411684286879,18.29116842868791
2020-04-15,292.97739219179465,19.827392191794672
2020-04-16,290.3581276629346,17.2081276629346
2020-04-17,289.02585210528474,15.875852105284764
2020-04-18,288.5875743569696,15.437574356969606
2020-04-19,287.1894302838892,14.039430283889203
2020-04-20,286.57980559822613,13.429805598226153
2020-04-21,284.18101190194835,11.031011901948375
2020-04-22,284.13775496644166,10.987754966441685
2020-04-23,285.20776156761065,12.057761567610669
2020-04-24,291.1090033682065,17.959003368206538
2020-04-25,287.9444287176185,14.79442871761853
2020-04-26,288.9815803443117,15.831580344311703
2020-04-27,290.11625035566976,16.966250355669786
2020-04-28,292.3799771250247,19.229977125024732
2020-04-29,296.50419610730717,23.35419610730719
2020-04-30,299.620534834944,26.470534834944033
2020-05-01,298.67652515809175,25.526525158091772
2020-05-02,299.14559651665394,25.99559651665396
2020-05-03,296.4308432540617,23.280843254061722
2020-05-04,286.4079512481451,13.257951248145105
2020-05-05,291.8977447486947,18.747744748694743
2020-05-06,294.53061428146424,21.38061428146426
2020-05-07,291.5814046228304,18.431404622830428
2020-05-08,285.59697884728286,12.446978847282878
2020-05-09,287.67236035272737,14.52236035272739
2020-05-10,293.7414923414261,20.591492341426147
2020-05-11,291.21606745491505,18.06606745491507
2020-05-12,293.5421742771598,20.392174277159825
2020-05-13,297.62189950539835,24.47189950539837
2020-05-14,293.71555086544043,20.565550865440457
2020-05-15,295.7811646757704,22.631164675770435
2020-05-16,296.0494591584583,22.899459158458342
2020-05-17,292.0784471083112,18.928447108311218
2020-05-18,290.90175697998365,17.751756979983668
2020-05-19,295.01811106490123,21.868111064901257
2020-05-20,298.39107378236196,25.24107378236198
2020-05-21,298.71695961026984,25.566959610269862
2020-05-22,299.14194948763395,25.991949487633974
2020-05-23,295.6110862702557,22.46108627025575
2020-05-24,297.76641699447737,24.61641699447739
2020-05-25,296.23688473678993,23.086884736789955
2020-05-26,294.84235597943376,21.692355979433785
2020-05-27,297.4238816862608,24.273881686260836
2020-05-28,300.9173232145644,27.767323214564442
2020-05-29,300.11906784532846,26.969067845328482
2020-05-30,293.3944854584982,20.244485458498218
2020-05-31,298.16711448723873,25.017114487238757
2020-06-01,299.4278448495051,26.27784484950513
2020-06-02,301.72816876224334,28.578168762243365
2020-06-03,305.65116688251,32.501166882510006
2020-06-04,301.24292362280994,28.092923622809963
2020-06-05,299.7271549355109,26.57715493551092
2020-06-06,302.3704581426071,29.22045814260713
2020-06-07,304.2145228682968,31.06452286829682
2020-06-08,303.21406352487423,30.064063524874257
2020-06-09,298.924142571901,25.774142571900995
2020-06-10,301.82838277705343,28.678382777053457
2020-06-11,302.5478623194578,29.39786231945783
2020-06-12,298.12078136203706,24.970781362037087
2020-06-13,300.3401412305315,27.190141230531538
2020-06-14,301.8016167553764,28.651616755376438
2020-06-15,302.15988185832254,29.009881858322558
2020-06-16,297.99846318003625,24.848463180036276
2020-06-17,294.00062168162026,20.850621681620282
2020-06-18,294.4926217530647,21.342621753064748
2020-06-19,298.34911709198417,25.199117091984192
2020-06-20,299.81874293385636,26.66874293385638
2020-06-21,300.1265521831433,26.976552183143326
2020-06-22,299.3747250789966,26.22472507899664
2020-06-23,295.9027851652631,22.752785165263106
2020-06-24,298.6091978310531,25.45919783105313
2020-06-25,300.31810048993236,27.168100489932385
2020-06-26,300.8869101638673,27.73691016386732
2020-06-27,302.48402345496,29.334023454960004
2020-06-28,299.9631969963437,26.81319699634372
2020-06-29,297.74659618458617,24.59659618458619
2020-06-30,297.59373809870493,24.443738098704955
2020-07-01,300.01856841085583,26.868568410855858
2020-07-02,298.06112865258837,24.91112865258839
2020-07-03,296.12487337593257,22.97487337593259
2020-07-04,297.99538699034105,24.84538699034107
2020-07-05,300.8546577420123,27.70465774201233
2020-07-06,301.6952186478801,28.54521864788012
2020-07-07,301.52206405267026,28.372064052670282
2020-07-08,301.6842141342285,28.534214134228534
2020-07-09,296.8877367070267,23.737736707026727
2020-07-10,298.9369230301188,25.786923030118828
2020-07-11,299.11737168336873,25.967371683368754
2020-07-12,295.09951909528667,21.94951909528669
2020-07-13,297.0313345105268,23.881334510526813
2020-07-14,298.50092863910317,25.350928639103188
2020-07-15,299.7842388679976,26.634238867997624
2020-07-16,300.6277173970816,27.47771739708162
2020-07-17,298.6537867249845,25.503786724984536
2020-07-18,298.6161113295431,25.46611132954314
2020-07-19,297.8169362747282,24.666936274728243
2020-07-20,301.00126830861586,27.851268308615886
2020-07-21,300.56270514063823,27.412705140638252
2020-07-22,296.0703265071118,22.920326507111838
2020-07-23,298.8209792205791,25.670979220579113
2020-07-24,300.71061595237063,27.560615952370654
2020-07-25,300.2521685479101,27.10216854791014
2020-07-26,295.54743768553294,22.397437685532964
2020-07-27,298.23161933094883,25.081619330948854
2020-07-28,300.26187281643297,27.111872816432992
2020-07-29,300.7162609190278,27.566260919027798
2020-07-30,301.08984354385785,27.939843543857876
2020-07-31,300.25112200914793,27.101122009147957
2020-08-01,301.6536108037564,28.50361080375643
2020-08-02,301.7778000702111,28.627800070211094
2020-08-03,303.348781605543,30.198781605543047
2020-08-04,302.56311641475,29.41311641475005
2020-08-05,299.8802033011671,26.730203301167137
2020-08-06,299.11987703373904,25.969877033739067
2020-08-07,297.94524826964016,24.795248269640183
2020-08-08,300.62996904108513,27.479969041085155
2020-08-09,302.32231735954326,29.172317359543285
2020-08-10,302.8517074067665,29.701707406766502
2020-08-11,303.09199904924,29.941999049239996
2020-08-12,301.2738440862402,28.12384408624024
2020-08-13,300.6601283854157,27.510128385415726
2020-08-14,302.2281605842359,29.078160584235945
2020-08-15,297.3151050815778,24.16510508157785
2020-08-16,299.84807773249537,26.698077732495392
2020-08-17,304.1229031566555,30.972903156655548
2020-08-18,302.3586290832641,29.2086290832641
2020-08-19,295.6977904210439,22.547790421043942
2020-08-20,293.7356888082899,20.585688808289945
2020-08-21,295.4475408036811,22.297540803681102
2020-08-22,297.92847193614824,24.778471936148264
2020-08-23,300.7856813235907,27.635681323590745
2020-08-24,297.4981225117895,24.34812251178954
2020-08-25,299.6234841714558,26.473484171455823
2020-08-26,296.72821882902196,23.578218829021978
2020-08-27,298.98195591019174,25.831955910191766
2020-08-28,300.8035993357325,27.65359933573251
2020-08-29,300.7326884062655,27.582688406265504
2020-08-30,300.16397387221815,27.013973872218173
2020-08-31,298.66767714855627,25.517677148556288
2020-09-01,299.9162613185212,26.76626131852123
2020-09-02,296.6998037159619,23.5498037159619
2020-09-03,296.47676410641765,23.32676410641767
2020-09-04,298.725490486847,25.575490486847002
2020-09-05,300.29472779090867,27.14472779090869
2020-09-06,300.5123761401624,27.36237614016244
2020-09-07,298.9107278477667,25.760727847766702
2020-09-08,299.4071994939225,26.257199493922542
2020-09-09,298.9951486412554,25.845148641255435
2020-09-10,296.370270859034,23.22027085903403
2020-09-11,293.8664110136847,20.716411013684706
2020-09-12,293.87988916441077,20.729889164410793
2020-09-13,295.81852293825347,22.66852293825349
2020-09-14,296.29228786459794,23.14228786459796
2020-09-15,296.5257611484688,23.375761148468825
2020-09-16,295.5231135876344,22.373113587634407
2020-09-17,294.9854780834964,21.83547808349641
2020-09-18,296.7994151781514,23.6494151781514
2020-09-19,297.6138760415544,24.463876041554443
2020-09-20,297.8839781821044,24.73397818210441
2020-09-21,297.3869991232153,24.2369991232153
2020-09-22,296.9337526992702,23.783752699270224
2020-09-23,292.8561839751478,19.706183975147837
2020-09-24,292.405442901573,19.25544290157302
2020-09-25,292.9366406066584,19.78664060665841
2020-09-26,294.63964459251406,21.489644592514082
2020-09-27,295.32167073254766,22.171670732547682
2020-09-28,295.46225577294445,22.312255772944468
2020-09-29,291.74992907684975,18.599929076849776
2020-09-30,292.60111393681933,19.451113936819354
2020-10-01,294.2318116081918,21.0818116081918
2020-10-02,291.02394830880127,17.87394830880129
2020-10-03,289.20829869617165,16.058298696171676
2020-10-04,286.03030932144924,12.88030932144926
2020-10-05,286.99423494808025,13.84423494808027
2020-10-06,288.4851086981558,15.335108698155807
2020-10-07,291.1926313292997,18.042631329299695
2020-10-08,291.44732080807825,18.29732080807827
2020-10-09,292.3654841488323,19.21548414883233
2020-10-10,291.5675141992586,18.41751419925862
2020-10-11,291.14946953368053,17.999469533680553
2020-10-12,289.9492481398501,16.799248139850135
2020-10-13,289.02873801520496,15.878738015204988
2020-10-14,285.0397128130287,11.889712813028723
2020-10-15,287.1847684294027,14.034768429402732
2020-10-16,288.08377693947784,14.933776939477866
2020-10-17,288.7863532952069,15.636353295206902
2020-10-18,289.6427074223961,16.49270742239611
2020-10-19,290.22220447702443,17.072204477024457
2020-10-20,289.2112797459793,16.061279745979334
2020-10-21,288.1585568910356,15.008556891035596
2020-10-22,285.83685821691074,12.686858216910764
2020-10-23,284.9995320672171,11.849532067217126
2020-10-24,287.2833967794216,14.133396779421616
2020-10-25,289.60658597845025,16.456585978450278
2020-10-26,291.34837532510113,18.198375325101154
2020-10-27,286.87860827149865,13.728608271498672
2020-10-28,287.47875068170964,14.328750681709664
2020-10-29,285.8567741666895,12.706774166689513
2020-10-30,287.6206359672351,14.470635967235125
2020-10-31,289.1891438654927,16.039143865492747
2020-11-01,287.73410613970054,14.584106139700566
2020-11-02,283.6281857291096,10.478185729109612
2020-11-03,284.5531991417621,11.403199141762116
2020-11-04,286.19328394869905,13.04328394869907
2020-11-05,286.7753497802892,13.625349780289241
2020-11-06,289.2327813605493,16.082781360549347
2020-11-07,287.3240532246705,14.174053224670502
2020-11-08,283.8049556400437,10.654955640043738
2020-11-09,286.5553546471443,13.40535464714435
2020-11-10,287.65076359826975,14.50076359826977
2020-11-11,287.49175313299827,14.341753132998292
2020-11-12,288.0137856955899,14.863785695589911
2020-11-13,286.34439780330985,13.194397803309869
2020-11-14,287.4352400398364,14.285240039836424
2020-11-15,288.74902674601964,15.59902674601966
2020-11-16,288.1043588684689,14.954358868468944
2020-11-17,286.78435635630376,13.634356356303783
2020-11-18,284.855014578138,11.705014578138048
2020-11-19,279.4703823665474,6.320382366547449
2020-11-20,277.1031433996165,3.953143399616522
2020-11-21,274.78448920189084,1.6344892018908581
2020-11-22,274.22018281596314,1.0701828159631646
2020-11-23,274.8396069100364,1.6896069100364457
2020-11-24,277.0931537114313,3.9431537114313073
2020-11-25,277.8402238212041,4.6902238212041425
2020-11-26,277.41317257961134,4.263172579611364
2020-11-27,274.8512456896046,1.7012456896046046
2020-11-28,273.40648307166,0.25648307165999995
2020-11-29,274.8165513439709,1.666551343970923
2020-11-30,274.58659823593666,1.4365982359366853
2020-12-01,273.2465212075137,0.0965212075137174
2020-12-02,272.39641459960217,-0.7535854003978102
2020-12-03,272.3178607658412,-0.8321392341587739
2020-12-04,274.24958104119384,1.0995810411938578
2020-12-05,276.12370997132655,2.9737099713265707
2020-12-06,276.16246361882594,3.0124636188259615
2020-12-07,271.4988014745434,-1.6511985254565502
2020-12-08,274.4098283250026,1.2598283250026157
2020-12-09,276.62265525455683,3.472655254556855
2020-12-10,278.0381147871583,4.888114787158315
2020-12-11,277.2212119999766,4.07121199997664
2020-12-12,276.2713353633966,3.1213353633966108
2020-12-13,268.4165228266238,-4.733477173376173
2020-12-14,269.300752940844,-3.849247059155971
2020-12-15,271.35755045493437,-1.7924495450656082
2020-12-16,272.32620136264353,-0.8237986373564468
2020-12-17,274.18371252576327,1.033712525763292
2020-12-18,270.4579393922386,-2.692060607761391
2020-12-19,273.23443844180395,0.08443844180396809
2020-12-20,274.4031685328792,1.253168532879215
2020-12-21,275.83521411919753,2.6852141191975534
2020-12-22,277.2894272992983,4.139427299298347
2020-12-23,277.55410646626194,4.404106466261965
2020-12-24,275.65486060583515,2.5048606058351766
2020-12-25,278.33092364751957,5.180923647519592
2020-12-26,279.0240811543883,5.874081154388307
2020-12-27,279.2825445153702,6.132544515370228
2020-12-28,273.05218213069196,-0.09781786930801672
2020-12-29,263.089133113999,-10.060866886000952
2020-12-30,265.09652131319245,-8.053478686807523
2020-12-31,269.4416868274947,-3.7083131725052567
2021-01-01,273.04228985585684,-0.10771014414314095
2021-01-02,274.26402848837427,1.114028488374288
2021-01-03,273.09541205222246,-0.054587947777520185
2021-01-04,270.3089767373085,-2.841023262691465
2021-01-05,268.8884072588542,-4.261592741145762
2021-01-06,260.1209445739718,-13.029055426028151
2021-01-07,261.9587641049355,-11.191235895064494
2021-01-08,267.9939559877071,-5.156044012292853
2021-01-09,270.45889059457585,-2.691109405424129
2021-01-10,271.0912891365606,-2.058710863439387
2021-01-11,271.57729613199785,-1.5727038680021224
2021-01-12,277.09352225474004,3.94352225474006
2021-01-13,278.4565846194021,5.306584619402145
2021-01-14,278.4686251713524,5.318625171352437
2021-01-15,271.37088153542965,-1.779118464570331
2021-01-16,270.97156651403424,-2.1784334859657406
2021-01-17,273.9473799430554,0.7973799430554322
2021-01-18,275.04479538394315,1.8947953839431761
2021-01-19,275.7090744321365,2.5590744321365264
2021-01-20,276.0843802335236,2.934380233523598
2021-01-21,276.0024325963695,2.8524325963695105
2021-01-22,272.327943676718,-0.82205632328197
2021-01-23,276.21930629925873,3.0693062992587556
2021-01-24,276.9502217155589,3.800221715558905
2021-01-25,273.79840057638717,0.6484005763871892
2021-01-26,278.0775767975648,4.927576797564825
2021-01-27,277.37591812540643,4.2259181254064515
2021-01-28,271.9611201746153,-1.1888798253846744
2021-01-29,278.07890664957125,4.928906649571275
2021-01-30,281.5645925262533,8.41459252625333
2021-01-31,279.8219832105621,6.671983210562132
2021-02-01,274.16666175633475,1.01666175633477
2021-02-02,275.0335455548075,1.8835455548075402
2021-02-03,277.684695384525,4.534695384525037
2021-02-04,278.8489269032501,5.69892690325014
2021-02-05,282.98347273324003,9.833472733240058
2021-02-06,283.3730474872368,10.22304748723684
2021-02-07,274.5650422871309,1.415042287130916
2021-02-08,276.64255865677006,3.492558656770086
2021-02-09,279.1550444583558,6.005044458355826
2021-02-10,282.84725275744466,9.697252757444687
2021-02-11,283.8087357581058,10.65873575810582
2021-02-12,284.79491087575155,11.644910875751577
2021-02-13,285.0703340088706,11.920334008870611
2021-02-14,278.1585540021735,5.0085540021735255
2021-02-15,275.4653161535494,2.3153161535494178
2021-02-16,272.0103246988539,-1.1396753011460987
2021-02-17,271.9302460428981,-1.2197539571018865
2021-02-18,279.22333415598416,6.073334155984185
2021-02-19,287.2991300297297,14.149130029729747
2021-02-20,289.1010076145731,15.951007614573143
2021-02-21,290.5611851176519,17.41118511765194
2021-02-22,277.87906942914293,4.729069429142953
2021-02-23,277.0019421760258,3.8519421760258297
2021-02-24,275.5715605462807,2.421560546280716
2021-02-25,275.3426462914412,2.1926462914412355
2021-02-26,277.75719028984935,4.60719028984937
2021-02-27,282.3730706622809,9.223070662280918
2021-02-28,278.26713462140265,5.11713462140267
2021-03-01,271.61622125964595,-1.5337787403540233
2021-03-02,278.21577358039696,5.065773580396979
2021-03-03,281.33068234090314,8.18068234090316
2021-03-04,284.7595080588231,11.60950805882311
2021-03-05,278.08713735523276,4.937137355232778
2021-03-06,270.03254722969825,-3.1174527703017247
2021-03-07,277.04453338217826,3.894533382178281
2021-03-08,281.5400801189994,8.390080118999435
2021-03-09,283.7209655256803,10.570965525680322
2021-03-10,285.1427210883566,11.992721088356632
2021-03-11,282.42989487909693,9.279894879096958
2021-03-12,283.9375516930005,10.787551693000523
2021-03-13,283.98625302999335,10.836253029993372
2021-03-14,286.56907722013636,13.419077220136387
2021-03-15,283.4534496207077,10.303449620707738
2021-03-16,282.91126536348463,9.761265363484654
2021-03-17,284.2607776144594,11.110777614459437
2021-03-18,278.7209376331162,5.570937633116216
2021-03-19,279.9537823269848,6.8037823269848445
2021-03-20,281.04109808101276,7.891098081012785
2021-03-21,280.146395216243,6.996395216243002
2021-03-22,284.29125638476927,11.141256384769292
2021-03-23,287.3684620437955,14.218462043795512
2021-03-24,288.27991385545744,15.12991385545746
2021-03-25,290.6648776322087,17.51487763220871
2021-03-26,287.5825682168335,14.432568216833545
2021-03-27,286.9048468807911,13.754846880791149
2021-03-28,289.7814964804667,16.63149648046675
2021-03-29,286.43235405709515,13.282354057095176
2021-03-30,289.90143475466976,16.751434754669788
2021-03-31,289.6288150933481,16.478815093348146
2021-04-01,288.7598107200541,15.6098107200541
2021-04-02,282.921544760075,9.771544760075017
2021-04-03,281.3938682821825,8.243868282182518
2021-04-04,286.01916544449745,12.869165444497469
2021-04-05,286.5030518651136,13.353051865113628
2021-04-06,287.90831007452067,14.758310074520693
2021-04-07,287.04419380589917,13.894193805899192
2021-04-08,289.3775449480218,16.22754494802183
2021-04-09,290.07992245910253,16.929922459102556
2021-04-10,289.2967474531436,16.146747453143632
2021-04-11,287.97796556610166,14.827965566101682
2021-04-12,288.0885589343135,14.938558934313505
2021-04-13,284.5989913274504,11.448991327450415
2021-04-14,287.66092165937545,14.51092165937547
2021-04-15,289.88695015038337,16.736950150383393
2021-04-16,288.41850599969683,15.268505999696856
2021-04-17,285.8672388382474,12.717238838247397
2021-04-18,289.590500978784,16.44050097878403
2021-04-19,292.8797641199193,19.72976411991931
2021-04-20,291.00406177774494,17.85406177774496
2021-04-21,288.3104645096595,15.160464509659505
2021-04-22,285.3947819564975,12.244781956497548
2021-04-23,284.69060734811075,11.540607348110768
2021-04-24,286.2013192274346,13.051319227434647
2021-04-25,286.0809855918242,12.930985591824196
2021-04-26,285.4599447048134,12.309944704813404
2021-04-27,291.2780831749652,18.12808317496524
2021-04-28,290.7125366527641,17.562536652764095
2021-04-29,290.4132121254751,17.26321212547515
2021-04-30,287.0735583758793,13.923558375879338
2021-05-01,288.8109561093832,15.660956109383221
2021-05-02,288.7232218189037,15.573221818903733
2021-05-03,286.16537728131436,13.015377281314386
2021-05-04,291.32484364686763,18.174843646867657
2021-05-05,293.86320764965984,20.713207649659864
2021-05-06,296.2244497419719,23.074449741971932
2021-05-07,293.0977160811921,19.94771608119214
2021-05-08,294.55739039702524,21.407390397025267
2021-05-09,295.3498024831371,22.199802483137148
2021-05-10,289.0126623110097,15.862662311009728
2021-05-11,291.68012978426566,18.530129784265682
2021-05-12,295.20887411239977,22.058874112399792
2021-05-13,296.73353146681825,23.583531466818272
2021-05-14,294.6486469982245,21.4986469982245
2021-05-15,289.1332115982969,15.983211598296919
2021-05-16,289.3813907362567,16.231390736256742
2021-05-17,293.80494575499915,20.654945754999176
2021-05-18,294.99433663600837,21.844336636008393
2021-05-19,295.0941833623303,21.944183362330307
2021-05-20,294.383862681157,21.233862681157007
2021-05-21,297.4164643850481,24.266464385048096
2021-05-22,299.268445042783,26.118445042783037
2021-05-23,291.9549419043007,18.804941904300733
2021-05-24,296.0328791691513,22.882879169151295
2021-05-25,298.0550449417654,24.905044941765425
2021-05-26,295.16150262741337,22.011502627413392
2021-05-27,299.6295178335065,26.47951783350652
2021-05-28,296.9183808957144,23.768380895714415
2021-05-29,295.0778297768456,21.927829776845613
2021-05-30,295.3780169108415,22.228016910841518
2021-05-31,297.8338941472878,24.683894147287845
2021-06-01,297.14819369920696,23.99819369920698
2021-06-02,298.7854571708199,25.635457170819905
2021-06-03,294.62542850103074,21.475428501030763
2021-06-04,300.6160883125595,27.46608831255952
2021-06-05,302.59857417665694,29.44857417665696
2021-06-06,304.12121878209274,30.971218782092762
2021-06-07,301.1379653702247,27.987965370224742
2021-06-08,301.80986411099553,28.659864110995557
2021-06-09,299.64511663812254,26.495116638122568
2021-06-10,297.23549668633274,24.08549668633276
2021-06-11,301.79124618290524,28.641246182905263
2021-06-12,303.8485272368788,30.698527236878817
2021-06-13,301.97929444500613,28.829294445006155
2021-06-14,298.2519708645579,25.101970864557927
2021-06-15,295.880269665925,22.73026966592505
2021-06-16,297.82681358390215,24.676813583902174
2021-06-17,295.58205933896585,22.43205933896587
2021-06-18,299.9385466862478,26.7885466862478
2021-06-19,302.2428926778516,29.092892677851637
2021-06-20,303.5861869721475,30.43618697214754
2021-06-21,302.6259619396005,29.475961939600495
2021-06-22,300.7127002637306,27.56270026373062
2021-06-23,301.95639942532756,28.806399425327584
2021-06-24,301.8288414585471,28.67884145854714
2021-06-25,300.1430563596717,26.993056359671698
2021-06-26,302.14441174548233,28.994411745482353
2021-06-27,301.81547105459026,28.665471054590284
2021-06-28,303.91890156738214,30.76890156738216
2021-06-29,299.3828841992297,26.232884199229716
2021-06-30,300.0670391436275,26.917039143627505
2021-07-01,299.11389467446617,25.96389467446619
2021-07-02,300.51983578084975,27.36983578084977
2021-07-03,300.18403017824875,27.03403017824877
2021-07-04,302.76577611000806,29.615776110008085
2021-07-05,302.15871664003805,29.008716640038074
2021-07-06,301.75616684349194,28.606166843491962
2021-07-07,301.5364537268592,28.3864537268592
2021-07-08,302.47917503164564,29.32917503164566
2021-07-09,304.28982245134256,31.13982245134258
2021-07-10,305.7488857540916,32.59888575409161
2021-07-11,303.274426531501,30.124426531501
2021-07-12,302.15235491557485,29.00235491557487
2021-07-13,303.54104388782054,30.391043887820558
2021-07-14,301.7990455852134,28.6490455852134
2021-07-15,300.4340064135146,27.284006413514646
2021-07-16,299.93502437552803,26.785024375528053
2021-07-17,300.5798947728165,27.42989477281651
2021-07-18,300.6832638098582,27.533263809858227
2021-07-19,301.42995774050513,28.279957740505154
2021-07-20,300.92802846293665,27.778028462936675
2021-07-21,301.0321163389007,27.882116338900744
2021-07-22,299.15314327962943,26.003143279629455
2021-07-23,301.37953119009853,28.229531190098555
2021-07-24,301.8776865633243,28.727686563324312
2021-07-25,303.1064698172814,29.956469817281402
2021-07-26,303.2659442322166,30.115944232216634
2021-07-27,300.6508801164038,27.500880116403835
2021-07-28,298.7126747299265,25.562674729926528
2021-07-29,295.6442029638076,22.494202963807595
2021-07-30,300.37955436514255,27.229554365142576
2021-07-31,303.87839499410467,30.72839499410469
2021-08-01,300.8936679624458,27.74366796244584
2021-08-02,298.9767402080716,25.826740208071612
2021-08-03,300.82591739400925,27.675917394009275
2021-08-04,302.368941082895,29.218941082895014
2021-08-05,300.82994289197467,27.67994289197469
2021-08-06,301.77841490814035,28.62841490814037
2021-08-07,300.6352453698416,27.485245369841607
2021-08-08,301.1315317618692,27.981531761869235
2021-08-09,300.6227016306456,27.472701630645645
2021-08-10,301.2070098487216,28.057009848721634
2021-08-11,301.39430332995386,28.24430332995388
2021-08-12,298.77593255509805,25.625932555098075
2021-08-13,297.8372726902232,24.68727269022321
2021-08-14,298.7106619809438,25.56066198094385
2021-08-15,299.8894859297938,26.73948592979383
2021-08-16,300.9471136363265,27.797113636326515
2021-08-17,298.3041585703244,25.154158570324398
2021-08-18,299.43514378888847,26.28514378888849
2021-08-19,298.45356924034604,25.303569240346064
2021-08-20,296.40272179472805,23.252721794728075
2021-08-21,299.5359250058095,26.385925005809497
2021-08-22,299.00128855727166,25.851288557271687
2021-08-23,299.66470499875805,26.514704998758077
2021-08-24,299.56403160767536,26.414031607675383
2021-08-25,299.1297810146513,25.979781014651337
2021-08-26,297.3396205042431,24.189620504243123
2021-08-27,294.6234516939941,21.47345169399415
2021-08-28,295.987628258986,22.837628258986
2021-08-29,293.50188326531367,20.35188326531369
2021-08-30,295.07883615133704,21.928836151337066
2021-08-31,293.7414003942586,20.591400394258642
2021-09-01,295.9419460454673,22.79194604546734
2021-09-02,296.7129007897453,23.5629007897453
2021-09-03,298.0451249646362,24.89512496463624
2021-09-04,293.56859151731265,20.418591517312677
2021-09-05,294.55221475678394,21.402214756783962
2021-09-06,292.68175993874314,19.531759938743164
2021-09-07,295.03545422236994,21.885454222369958
2021-09-08,296.9146069913717,23.76460699137175
2021-09-09,298.7580334659303,25.608033465930305
2021-09-10,300.26004739429294,27.110047394292963
2021-09-11,301.3528263241312,28.202826324131195
2021-09-12,300.57148435742437,27.42148435742439
2021-09-13,298.90399370912434,25.75399370912436
2021-09-14,295.6309763276353,22.480976327635346
2021-09-15,296.2180161336164,23.068016133616425
2021-09-16,295.61358042571317,22.46358042571319
2021-09-17,295.5498194132959,22.399819413295916
2021-09-18,291.98455806790366,18.834558067903686
2021-09-19,292.31202513900473,19.162025139004754
2021-09-20,292.9806172207325,19.830617220732506
2021-09-21,297.010068800267,23.860068800267015
2021-09-22,298.51567692324176,25.36567692324178
2021-09-23,297.21601615153565,24.066016151535678
2021-09-24,296.08143673835957,22.931436738359594
2021-09-25,292.7101900181243,19.56019001812433
2021-09-26,292.3495485307542,19.199548530754214
2021-09-27,293.6926271733735,20.542627173373546
2021-09-28,291.65134028542343,18.501340285423453
2021-09-29,295.48415347773437,22.33415347773439
2021-09-30,296.917662056792,23.767662056792005
2021-10-01,295.14511309998267,21.99511309998269
2021-10-02,298.6220291418114,25.472029141811447
2021-10-03,295.4991772112126,22.349177211212634
2021-10-04,288.6115501923084,15.461550192308437
2021-10-05,285.68907461132966,12.539074611329681
2021-10-06,284.10978549880844,10.959785498808458
2021-10-07,285.8535808987217,12.703580898721725
2021-10-08,289.19312682247914,16.043126822479167
2021-10-09,289.1334272499735,15.983427249973545
2021-10-10,286.8740805749123,13.724080574912307
2021-10-11,287.5380361455905,14.388036145590547
2021-10-12,288.71754299141674,15.567542991416758
2021-10-13,291.6118760285835,18.461876028583504
2021-10-14,287.8027126368196,14.652712636819615
2021-10-15,287.02413819996406,13.87413819996408
2021-10-16,280.00065062472555,6.850650624725574
2021-10-17,282.41199578992905,9.261995789929074
2021-10-18,286.00216490398253,12.852164903982555
2021-10-19,283.05014504329307,9.900145043293094
2021-10-20,283.81560066981467,10.665600669814694
2021-10-21,285.16302828791447,12.013028287914494
2021-10-22,285.3557849449571,12.205784944957145
2021-10-23,287.1746990122615,14.024699012261522
2021-10-24,288.0215631467455,14.87156314674553
2021-10-25,288.3675403200984,15.217540320098408
2021-10-26,288.70801837569496,15.558018375694985
2021-10-27,289.84479024758434,16.694790247584365
2021-10-28,290.06062163403607,16.91062163403609
2021-10-29,289.49467975042757,16.344679750427588
2021-10-30,290.8221595884307,17.672159588430702
2021-10-31,286.2698964606319,13.119896460631935
2021-11-01,285.10864812343465,11.95864812343467
2021-11-02,285.3098870797616,12.159887079761631
2021-11-03,288.2141760360035,15.064176036003516
2021-11-04,289.4911933816539,16.34119338165391
2021-11-05,289.34602386127443,16.196023861274455
2021-11-06,285.26557066019546,12.115570660195488
2021-11-07,270.26649335699454,-2.8835066430054326
2021-11-08,276.2978753934775,3.147875393477534
2021-11-09,279.797147325793,6.647147325793014
2021-11-10,282.58422959573704,9.434229595737065
2021-11-11,282.3036308223767,9.153630822376726
2021-11-12,283.33042033913824,10.180420339138266
2021-11-13,285.0066448803456,11.856644880345641
2021-11-14,286.80460479306197,13.654604793061992
2021-11-15,283.2893027527768,10.139302752776814
2021-11-16,283.4491725291194,10.299172529119403
2021-11-17,285.50598633779333,12.355986337793354
2021-11-18,286.5966446928105,13.446644692810537
2021-11-19,283.45211976870115,10.302119768701175
2021-11-20,280.38896741060813,7.238967410608154
2021-11-21,277.22887962382873,4.078879623828755
2021-11-22,274.3678647707155,1.2178647707155505
2021-11-23,277.8779192868671,4.72791928686712
2021-11-24,282.34798318388897,9.197983183888994
2021-11-25,284.34746958850127,11.197469588501292
2021-11-26,282.76889931490257,9.618899314902592
2021-11-27,282.80581169356793,9.655811693567955
2021-11-28,283.4057906001523,10.255790600152295
2021-11-29,278.3510950075394,5.201095007539436
2021-11-30,275.7174129636364,2.5674129636364
2021-12-01,276.7332401868313,3.583240186831347
2021-12-02,279.556444112626,6.406444112626048
2021-12-03,281.94489425815107,8.79489425815109
2021-12-04,282.7211684104549,9.571168410454902
2021-12-05,281.5590574665508,8.409057466550848
2021-12-06,278.30530496818227,5.155304968182293
2021-12-07,279.1331558131686,5.983155813168651
2021-12-08,279.9033198346321,6.753319834632123
2021-12-09,280.63448684455506,7.484486844555079
2021-12-10,280.2010988582379,7.0510988582379355
2021-12-11,279.58232231383255,6.432322313832572
2021-12-12,272.6822234396247,-0.4677765603752846
2021-12-13,276.26840299765894,3.1184029976589613
2021-12-14,280.80075428730703,7.650754287307052
2021-12-15,281.69135977021926,8.541359770219287
2021-12-16,274.7602789384557,1.6102789384557354
2021-12-17,268.63030814376503,-4.519691856234942
2021-12-18,276.1823579786472,3.0323579786472123
2021-12-19,279.15644619425456,6.006446194254579
2021-12-20,281.28640186328306,8.136401863283083
2021-12-21,281.6104544495027,8.46045444950272
2021-12-22,276.01292764463653,2.8629276446365566
2021-12-23,273.7216645214206,0.5716645214206437
2021-12-24,264.82071344864784,-8.32928655135214
2021-12-25,263.20487137692237,-9.945128623077608
2021-12-26,267.7566313174755,-5.393368682524454
2021-12-27,272.21630799206866,-0.9336920079313131
2021-12-28,274.4065383047408,1.2565383047408432
2021-12-29,274.40362700710506,1.2536270071050808
2021-12-30,276.88973142023866,3.7397314202386838
2021-12-31,276.4956639229769,3.3456639229769394
2022-01-01,275.49268378493696,2.3426837849369804
2022-01-02,274.2703607606443,1.120360760644303
2022-01-03,274.6420680856617,1.4920680856617423
2022-01-04,275.523056402121,2.3730564021209943
2022-01-05,274.8850490231343,1.7350490231343088
2022-01-06,275.04423923692383,1.8942392369238519
2022-01-07,275.8012440369901,2.6512440369901356
2022-01-08,277.310085123688,4.16008512368802
2022-01-09,276.5968606727159,3.4468606727159
2022-01-10,272.1400819409709,-1.0099180590290757
2022-01-11,272.9999705614085,-0.15002943859150264
2022-01-12,271.29436112794855,-1.8556388720514292
2022-01-13,272.00880169972885,-1.1411983002711281
2022-01-14,272.8307777539717,-0.3192222460282892
2022-01-15,273.08585909348557,-0.06414090651441029
2022-01-16,273.6285226011117,0.4785226011117061
2022-01-17,274.2854406586655,1.135440658665516
2022-01-18,276.0339183506135,2.8839183506134987
2022-01-19,268.79365191010635,-4.356348089893629
2022-01-20,269.33403519121714,-3.8159648087828373
2022-01-21,271.581669668879,-1.5683303311209897
2022-01-22,271.6315610250342,-1.5184389749657612
2022-01-23,270.1833739636438,-2.9666260363561605
2022-01-24,272.32040225380246,-0.8295977461975212
2022-01-25,274.22633718738837,1.0763371873883898
2022-01-26,272.7317247141461,-0.41827528585389473
2022-01-27,272.5656026117499,-0.5843973882500677
2022-01-28,272.7979424921511,-0.35205750784888323
2022-01-29,274.1879989789108,1.0379989789108208
2022-01-30,274.9870511559195,1.8370511559195393
2022-01-31,272.10882763620094,-1.0411723637990349
2022-02-01,271.1122774399451,-2.037722560054874
2022-02-02,274.7093195663536,1.5593195663536221
2022-02-03,274.2983923452725,1.148392345272498
2022-02-04,270.7717940166774,-2.378205983322573
2022-02-05,273.01188854532853,-0.1381114546714457
2022-02-06,275.5615466256997,2.411546625699714
2022-02-07,276.0614938899387,2.911493889938697
2022-02-08,276.62580434795035,3.4758043479503726
2022-02-09,276.72418852133137,3.5741885213313935
2022-02-10,278.11996077588947,4.96996077588949
2022-02-11,279.04126349713965,5.891263497139676
2022-02-12,277.0521763032951,3.902176303295107
2022-02-13,274.4982618000954,1.348261800095429
2022-02-14,269.223581018815,-3.926418981184952
2022-02-15,269.03672405663946,-4.11327594336052
2022-02-16,268.536868001461,-4.613131998538961
2022-02-17,271.0093024105132,-2.140697589486763
2022-02-18,271.73213421586996,-1.417865784130015
2022-02-19,270.4754557787464,-2.6745442212535977
2022-02-20,274.4938229591455,1.343822959145541
2022-02-21,273.83863787374344,0.6886378737434597
2022-02-22,272.06720590154123,-1.0827940984587485
2022-02-23,275.8257184682546,2.6757184682546153
2022-02-24,279.29981078095693,6.149810780956955
2022-02-25,282.4731564177985,9.323156417798543
2022-02-26,280.5565804271411,7.406580427141137
2022-02-27,283.42264273877805,10.272642738778075
2022-02-28,283.58909927439646,10.439099274396483
2022-03-01,278.63334617505893,5.483346175058955
2022-03-02,283.73849971568023,10.588499715680257
2022-03-03,286.50380641836034,13.353806418360364
2022-03-04,284.03201047273234,10.882010472732361
2022-03-05,280.84470984961695,7.69470984961697
2022-03-06,281.52798732568795,8.377987325687968
2022-03-07,285.1925241569498,12.04252415694981
2022-03-08,289.0353138956694,15.885313895669412
2022-03-09,289.1413292271217,15.991329227121696
2022-03-10,289.8836493684293,16.733649368429326
2022-03-11,287.57642497116717,14.426424971167194
2022-03-12,282.57281751802805,9.422817518028069
2022-03-13,284.040888154632,10.890888154632023
2022-03-14,287.4180860419433,14.26808604194332
2022-03-15,288.9638667981894,15.813866798189395
2022-03-16,278.59360942765187,5.443609427651893
2022-03-17,273.9821705321279,0.8321705321279182
2022-03-18,275.5964492928941,2.4464492928941013
2022-03-19,275.54497697968833,2.3949769796883515
2022-03-20,279.34353032401066,6.1935303240106805
2022-03-21,280.6533532404513,7.503353240451304
2022-03-22,282.0457203567466,8.895720356746608
2022-03-23,284.3738012258689,11.223801225868897
2022-03-24,286.9911972352551,13.841197235255095
2022-03-25,282.3088584966146,9.158858496614641
2022-03-26,285.52428191341886,12.374281913418884
2022-03-27,282.7680961168001,9.618096116800132
2022-03-28,284.39867089639597,11.248670896395993
2022-03-29,287.0098342866403,13.859834286640307
2022-03-30,281.29400568219575,8.144005682195768
2022-03-31,282.4987557608105,9.348755760810548
2022-04-01,283.46256190430626,10.312561904306278
2022-04-02,285.4231006621791,12.273100662179104
2022-04-03,286.8142516576661,13.664251657666114
2022-04-04,289.04689744636715,15.896897446367177
2022-04-05,289.31739311712465,16.167393117124675
2022-04-06,283.70700218674864,10.557002186748662
2022-04-07,289.33900966448994,16.18900966448996
2022-04-08,295.2332127884729,22.083212788472906
2022-04-09,297.163135705,24.013135705000025
2022-04-10,298.842872168266,25.692872168266035
2022-04-11,296.385791284417,23.23579128441702
2022-04-12,284.0268723623179,10.876872362317897
2022-04-13,285.9483736422484,12.798373642248407
2022-04-14,286.4587491424175,13.308749142417525
2022-04-15,285.38701227719656,12.237012277196584
2022-04-16,288.1308848506325,14.980884850632549
2022-04-17,288.5175504615906,15.36755046159061
2022-04-18,289.9745239958199,16.824523995819902
2022-04-19,291.50674500505494,18.35674500505496
2022-04-20,293.5233469321843,20.373346932184347
2022-04-21,294.95712296199787,21.80712296199789
2022-04-22,289.92539271516983,16.775392715169858
2022-04-23,295.33582298166226,22.185822981662284
2022-04-24,296.94231856925626,23.79231856925628
2022-04-25,296.0416290957046,22.891629095704616
2022-04-26,291.9212293794998,18.7712293794998
2022-04-27,287.5334655036185,14.383465503618538
2022-04-28,282.1872464157975,9.03724641579754
2022-04-29,286.28979955914235,13.139799559142375
2022-04-30,287.20444401896776,14.054444018967786
2022-05-01,292.1133764671908,18.963376467190812
2022-05-02,294.67632066739105,21.526320667391076
2022-05-03,296.53047925756914,23.380479257569164
2022-05-04,297.8219691528266,24.671969152826648
2022-05-05,298.28944599148764,25.139445991487662
2022-05-06,289.34645840443994,16.196458404439966
2022-05-07,285.80742524058127,12.65742524058129
2022-05-08,283.69639153269736,10.546391532697385
2022-05-09,282.912145626528,9.762145626528024
2022-05-10,288.3406352870218,15.190635287021848
2022-05-11,290.2109682839485,17.06096828394851
2022-05-12,286.5642172195062,13.414217219506213
2022-05-13,289.55082750625303,16.40082750625305
2022-05-14,291.6981928232812,18.548192823281227
2022-05-15,292.7242035461149,19.574203546114916
2022-05-16,295.94139033809114,22.791390338091162
2022-05-17,297.6342305030652,24.48423050306525
2022-05-18,297.32418050302203,24.174180503022058
2022-05-19,296.3291808607966,23.179180860796635
2022-05-20,297.2966049636967,24.146604963696745
2022-05-21,298.5706739283771,25.42067392837714
2022-05-22,299.29174235856203,26.141742358562055
2022-05-23,299.67770870005523,26.527708700055257
2022-05-24,299.55998820582425,26.409988205824277
2022-05-25,292.8184833117684,19.668483311768398
2022-05-26,297.01555944492844,23.865559444928465
2022-05-27,300.7839833962283,27.633983396228302
2022-05-28,301.1202712027078,27.970271202707806
2022-05-29,296.7808785319715,23.63087853197152
2022-05-30,298.72451321061084,25.57451321061086
2022-05-31,301.32725496425866,28.17725496425868
2022-06-01,301.6319540327458,28.48195403274582
2022-06-02,303.69197147272695,30.54197147272697
2022-06-03,304.15099627177113,31.000996271771157
2022-06-04,301.50255877875645,28.352558778756475
2022-06-05,302.76516580481973,29.615165804819753
2022-06-06,296.6843793458431,23.53437934584315
2022-06-07,297.2381095528237,24.08810955282371
2022-06-08,298.4553248697222,25.3053248697222
2022-06-09,299.98234696250216,26.832346962502186
2022-06-10,296.43668594023893,23.286685940238954
2022-06-11,300.2932178440908,27.143217844090827
2022-06-12,298.8366395491242,25.68663954912421
2022-06-13,296.1883540712104,23.03835407121045
2022-06-14,295.95659184819317,22.806591848193193
2022-06-15,298.95113732321346,25.80113732321348
2022-06-16,301.80820034087,28.658200340869996
2022-06-17,305.39396294678266,32.24396294678269
2022-06-18,306.6467802003403,33.49678020034031
2022-06-19,306.55706088771734,33.407060887717364
2022-06-20,306.5124596570778,33.36245965707781
2022-06-21,305.9375081419946,32.787508141994635
2022-06-22,303.7095444184051,30.559544418405096
2022-06-23,303.1943956440638,30.044395644063798
2022-06-24,305.5630037391184,32.41300373911844
2022-06-25,306.6045200022563,33.454520002256345
2022-06-26,301.8813500074815,28.731350007481524
2022-06-27,299.28949253506687,26.139492535066893
2022-06-28,299.24552976785156,26.095529767851588
2022-06-29,298.8706605287328,25.72066052873282
2022-06-30,298.89212506099693,25.742125060996955
2022-07-01,300.16786619178856,27.017866191788585
2022-07-02,302.28872007519857,29.13872007519859
2022-07-03,300.85062681651607,27.700626816516092
2022-07-04,300.67012408556326,27.520124085563282
2022-07-05,300.22733449930814,27.077334499308165
2022-07-06,297.2784543606347,24.12845436063475
2022-07-07,302.3674943005478,29.2174943005478
2022-07-08,304.2940120788121,31.144012078812125
2022-07-09,304.66635786725385,31.516357867253873
2022-07-10,296.80431926054905,23.654319260549073
2022-07-11,299.59446523073603,26.444465230736057
2022-07-12,296.9311606608413,23.781160660841294
2022-07-13,299.3446436137174,26.194643613717403
2022-07-14,303.26590354758423,30.115903547584253
2022-07-15,305.2662398589044,32.11623985890441
2022-07-16,299.3921027282563,26.242102728256327
2022-07-17,302.3612312783858,29.21123127838581
2022-07-18,302.66918347003497,29.51918347003499
2022-07-19,299.68874499638946,26.538744996389482
2022-07-20,296.5854175150783,23.435417515078313
2022-07-21,300.3700766791673,27.220076679167335
2022-07-22,299.1591547874511,26.00915478745111
2022-07-23,297.8111456776339,24.661145677633897
2022-07-24,300.51275805298593,27.362758052985953
2022-07-25,301.2462309154141,28.09623091541414
2022-07-26,299.8252545571066,26.675254557106598
2022-07-27,300.7107425205562,27.560742520556232
2022-07-28,296.8586190546339,23.708619054633914
2022-07-29,299.19913475901984,26.049134759019864
2022-07-30,299.4832205798085,26.33322057980854
2022-07-31,300.9869539591121,27.836953959112122
2022-08-01,302.7268579993624,29.576857999362403
2022-08-02,303.36991227970304,30.219912279703067
2022-08-03,304.0178614462966,30.867861446296615
2022-08-04,304.9961090243894,31.84610902438942
2022-08-05,305.08315287123423,31.933152871234256
2022-08-06,305.4047560189551,32.254756018955106
2022-08-07,304.9670437370741,31.81704373707413
2022-08-08,299.75274335391936,26.60274335391938
2022-08-09,293.5975303014828,20.4475303014828
2022-08-10,295.52191986833265,22.371919868332668
2022-08-11,299.74687557102004,26.596875571020064
2022-08-12,304.16057322313543,31.010573223135452
2022-08-13,302.8478316167552,29.697831616755195
2022-08-14,304.76881604534225,31.61881604534227
2022-08-15,302.85819904664487,29.708199046644893
2022-08-16,299.7710459720824,26.621045972082413
2022-08-17,302.1580478943606,29.00804789436063
2022-08-18,304.191614706764,31.04161470676405
2022-08-19,300.05497977777014,26.904979777770166
2022-08-20,298.0193455599928,24.869345559992837
2022-08-21,302.82031688347035,29.670316883470377
2022-08-22,299.1446221437935,25.99462214379355
2022-08-23,297.220293382984,24.070293382984005
2022-08-24,296.4721662648173,23.322166264817326
2022-08-25,294.4301474127971,21.280147412797135
2022-08-26,296.49694472628386,23.34694472628388
2022-08-27,295.58780321311536,22.437803213115387
2022-08-28,290.28542528042885,17.135425280428876
2022-08-29,292.84171121920446,19.69171121920448
2022-08-30,294.25019193620795,21.100191936207978
2022-08-31,297.6718998450984,24.521899845098403
2022-09-01,296.2130413236163,23.063041323616346
2022-09-02,295.9683882200325,22.818388220032546
2022-09-03,295.20232331994526,22.052323319945287
2022-09-04,297.9278324691779,24.777832469177895
2022-09-05,297.50088285644927,24.35088285644929
2022-09-06,298.73405975895497,25.584059758954993
2022-09-07,299.75414189284885,26.604141892848872
2022-09-08,299.2170117348998,26.067011734899836
2022-09-09,298.4026060326879,25.252606032687936
2022-09-10,298.050934297985,24.90093429798503
2022-09-11,298.2760078565573,25.12600785655735
2022-09-12,298.0713955305825,24.921395530582515
2022-09-13,295.76301581855256,22.613015818552583
2022-09-14,294.9860970402525,21.836097040252525
2022-09-15,294.45480426218273,21.304804262182756
2022-09-16,297.15179537846376,24.001795378463783
2022-09-17,299.2010501492926,26.05105014929262
2022-09-18,296.31045260035074,23.160452600350766
2022-09-19,293.7873059535979,20.637305953597945
2022-09-20,292.86956038571157,19.71956038571159
2022-09-21,294.198567607901,21.04856760790102
2022-09-22,294.27579127921996,21.125791279219982
2022-09-23,292.1318006974345,18.98180069743455
2022-09-24,291.98352516789834,18.833525167898358
2022-09-25,294.304826163515,21.154826163514997
2022-09-26,295.96328051263805,22.813280512638073
2022-09-27,295.8829557332585,22.732955733258507
2022-09-28,296.7801792625068,23.63017926250683
2022-09-29,297.65268513632924,24.502685136329262
2022-09-30,297.7045526887977,24.55455268879774
2022-10-01,294.1143816449555,20.964381644955495
2022-10-02,294.83864239226176,21.688642392261784
2022-10-03,287.617621063544,14.467621063544016
2022-10-04,282.73082201402974,9.580822014029764
2022-10-05,284.18794756336007,11.037947563360092
2022-10-06,284.39833646317373,11.248336463173757
2022-10-07,286.4300182883245,13.280018288324527
2022-10-08,287.9133816440912,14.763381644091226
2022-10-09,283.62251219360104,10.472512193601062
2022-10-10,285.80690838923783,12.656908389237856
2022-10-11,288.46242978596024,15.312429785960262
2022-10-12,288.72100747279757,15.57100747279759
2022-10-13,289.8728562962568,16.72285629625685
2022-10-14,290.1558476083182,17.00584760831822
2022-10-15,292.3725014083918,19.22250140839185
2022-10-16,286.54901570940405,13.399015709404068
2022-10-17,284.4244830605494,11.274483060549414
2022-10-18,286.67649557312063,13.526495573120656
2022-10-19,287.70201984763105,14.552019847631072
2022-10-20,288.6707816834201,15.520781683420125
2022-10-21,291.27902638372484,18.129026383724863
2022-10-22,290.10957421156735,16.95957421156737
2022-10-23,290.94033673864914,17.79033673864916
2022-10-24,291.0984628467316,17.948462846731616
2022-10-25,290.2328280554754,17.08282805547543
2022-10-26,288.640561081337,15.490561081337034
2022-10-27,285.12843459035923,11.978434590359257
2022-10-28,285.76315844316383,12.613158443163854
2022-10-29,286.8553869440025,13.705386944002498
2022-10-30,287.54051900430596,14.390519004305986
2022-10-31,287.55693663521623,14.406936635216255
2022-11-01,287.5183856055972,14.368385605597211
2022-11-02,287.8727328060781,14.722732806078113
2022-11-03,281.7354575355619,8.585457535561943
2022-11-04,282.67220499107594,9.522204991075967
2022-11-05,285.43854539644286,12.288545396442885
2022-11-06,285.89060790386026,12.74060790386028
2022-11-07,285.6468972939028,12.496897293902805
2022-11-08,287.84153930734857,14.691539307348592
2022-11-09,288.7153525110396,15.565352511039634
2022-11-10,288.8979530503865,15.747953050386513
2022-11-11,290.0352084241476,16.885208424147606
2022-11-12,280.6473334424508,7.497333442450838
2022-11-13,278.4958941207154,5.3458941207154
2022-11-14,281.75342572050266,8.603425720502685
2022-11-15,285.6120250297284,12.462025029728409
2022-11-16,285.30416404714,12.15416404714
2022-11-17,287.61649615179647,14.466496151796491
2022-11-18,285.92228785091305,12.772287850913074
2022-11-19,285.35280887946675,12.202808879466772
2022-11-20,285.95302530433963,12.803025304339656
2022-11-21,282.45704281709027,9.307042817090291
2022-11-22,281.9115822316053,8.761582231605303
2022-11-23,283.54188338401923,10.391883384019252
2022-11-24,285.87187964341433,12.721879643414354
2022-11-25,284.5271236567591,11.377123656759125
2022-11-26,279.4449852024323,6.294985202432315
2022-11-27,280.382431927411,7.232431927411028
2022-11-28,277.01313882535277,3.8631388253527916
2022-11-29,266.18422149201365,-6.965778507986329
2022-11-30,266.6186806507328,-6.531319349267164
2022-12-01,270.0529450069675,-3.0970549930324864
2022-12-02,273.6308332306473,0.4808332306473062
2022-12-03,272.49649654682565,-0.6535034531743236
2022-12-04,273.197255759514,0.04725575951403016
2022-12-05,275.8225565541532,2.672556554153232
2022-12-06,277.1986884576595,4.048688457659523
2022-12-07,279.5261612663777,6.376161266377721
2022-12-08,279.41427815202593,6.264278152025952
2022-12-09,278.90265612802835,5.752656128028377
2022-12-10,272.65127832268564,-0.4987216773143359
2022-12-11,273.4867533178991,0.336753317899138
2022-12-12,276.0238245479057,2.8738245479057127
2022-12-13,271.48067083576024,-1.6693291642397412
2022-12-14,273.37374529179976,0.22374529179978708
2022-12-15,269.6746098235455,-3.475390176454482
2022-12-16,267.82914649714587,-5.320853502854106
2022-12-17,267.9488431876901,-5.2011568123098755
2022-12-18,274.2486226011982,1.0986226011982012
2022-12-19,275.2189349910176,2.0689349910176134
2022-12-20,274.8335767099284,1.6835767099284453
2022-12-21,271.2647485862696,-1.8852514137303729
2022-12-22,268.7926790134598,-4.357320986540174
2022-12-23,269.2959706099214,-3.8540293900785514
2022-12-24,270.8065142657507,-2.3434857342492705
2022-12-25,273.2064982776561,0.056498277656146456
2022-12-26,273.56741253050114,0.4174125305011671
2022-12-27,271.64572883244927,-1.504271167550712
2022-12-28,273.15143840806616,0.0014384080661784537
2022-12-29,272.91453807463455,-0.23546192536542776
2022-12-30,275.0435399674591,1.8935399674591054
2022-12-31,275.96982878402287,2.8198287840228886
2023-01-01,276.23350849133857,3.0835084913385913
2023-01-02,275.06711802940697,1.9171180294069927
2023-01-03,276.45267585440564,3.3026758544056634
2023-01-04,275.9972749551684,2.847274955168416
2023-01-05,277.47297718168653,4.322977181686554
2023-01-06,281.01372001478404,7.8637200147840645
2023-01-07,281.57188822464093,8.421888224640952
2023-01-08,278.39973433726357,5.24973433726359
2023-01-09,275.1004761705219,1.950476170521938
2023-01-10,277.3461085299587,4.196108529958735
2023-01-11,279.1604076701755,6.010407670175539
2023-01-12,277.97045444459053,4.820454444590553
2023-01-13,273.7935843150345,0.6435843150345022
2023-01-14,266.4472531853758,-6.702746814624163
2023-01-15,268.09075595019675,-5.059244049803226
2023-01-16,270.9914668002875,-2.1585331997124513
2023-01-17,272.8113536815993,-0.33864631840066295
2023-01-18,274.5925976305195,1.442597630519515
2023-01-19,274.2286202542572,1.0786202542572028
2023-01-20,270.5293000217726,-2.6206999782273783
2023-01-21,276.329240633953,3.179240633953043
2023-01-22,274.94785678423005,1.7978567842300777
2023-01-23,264.9493009777507,-8.200699022249296
2023-01-24,262.7539919492593,-10.396008050740704
2023-01-25,268.22021650592643,-4.929783494073547
2023-01-26,269.5253243235945,-3.624675676405502
2023-01-27,270.7788633499525,-2.3711366500475037
2023-01-28,273.68485899131974,0.5348589913197657
2023-01-29,279.4134717518125,6.263471751812517
2023-01-30,279.6495706436189,6.499570643618938
2023-01-31,280.5797612304712,7.429761230471229
2023-02-01,271.9406759035171,-1.2093240964828738
2023-02-02,273.21855189862,0.06855189862000088
2023-02-03,276.1411424578174,2.991142457817432
2023-02-04,278.2872389713643,5.137238971364297
2023-02-05,279.7669468677036,6.616946867703632
2023-02-06,277.51464961226196,4.364649612261985
2023-02-07,277.13528911744316,3.9852891174431875
2023-02-08,275.90881360819543,2.758813608195453
2023-02-09,274.9253711754866,1.7753711754866117
2023-02-10,277.1634634505542,4.013463450554241
2023-02-11,279.16915955381813,6.019159553818156
2023-02-12,273.6193545083634,0.4693545083634376
2023-02-13,272.7944894750416,-0.3555105249583903
2023-02-14,273.7976909681284,0.6476909681284155
2023-02-15,274.9685920162451,1.818592016245134
2023-02-16,278.2620604753462,5.112060475346198
2023-02-17,281.1372225574185,7.987222557418534
2023-02-18,278.9608647231225,5.810864723122506
2023-02-19,279.2834389575369,6.133438957536896
2023-02-20,275.34939993797406,2.1993999379740785
2023-02-21,275.7150940298741,2.5650940298741034
2023-02-22,275.79147104520183,2.641471045201854
2023-02-23,279.5497991700925,6.399799170092535
2023-02-24,275.7389260822548,2.5889260822548295
2023-02-25,276.63690300508387,3.4869030050838887
2023-02-26,279.3451397372177,6.195139737217744
2023-02-27,280.68542339491097,7.535423394910993
2023-02-28,281.7594814844124,8.609481484412413
2023-03-01,280.6004291403044,7.450429140304436
2023-03-02,282.5179668464137,9.367966846413708
2023-03-03,286.7925551229492,13.642555122949204
2023-03-04,289.6549259904669,16.504925990466916
2023-03-05,288.98123291652684,15.831232916526858
2023-03-06,290.80048023711083,17.650480237110855
2023-03-07,292.21700626576813,19.067006265768157
2023-03-08,287.03925725839974,13.889257258399766
2023-03-09,293.2018961253871,20.051896125387145
2023-03-10,293.1589109122652,20.008910912265208
2023-03-11,278.2287023342312,5.078702334231195
2023-03-12,278.43258756201453,5.282587562014555
2023-03-13,286.10856175518353,12.958561755183553
2023-03-14,287.96184043870113,14.811840438701154
2023-03-15,280.53425143552937,7.384251435529393
2023-03-16,277.95497034276116,4.80497034276118
2023-03-17,278.858635989958,5.7086359899579975
2023-03-18,282.2119875298295,9.061987529829537
2023-03-19,284.10616443883123,10.956164438831252
2023-03-20,285.6508382406718,12.50083824067184
2023-03-21,287.879034155005,14.729034155005024
2023-03-22,286.10078604317783,12.950786043177857
2023-03-23,283.643627388316,10.493627388316042
2023-03-24,283.48060672492574,10.330606724925758
2023-03-25,281.64903944506017,8.499039445060191
2023-03-26,284.28214462223065,11.132144622230669
2023-03-27,288.024012473655,14.874012473655
2023-03-28,289.70716800359554,16.557168003595564
2023-03-29,290.0368783892876,16.88687838928763
2023-03-30,289.5460660223885,16.39606602238854
2023-03-31,288.75698272872876,15.60698272872878
2023-04-01,289.9234741739332,16.77347417393321
2023-04-02,291.4895900906984,18.339590090698437
2023-04-03,286.10502734063544,12.955027340635468
2023-04-04,279.62758995123954,6.477589951239565
2023-04-05,281.91624118488903,8.766241184889054
2023-04-06,282.67065355488734,9.52065355488736
2023-04-07,284.56028621661306,11.410286216613088
2023-04-08,287.2160789690726,14.066078969072635
2023-04-09,291.6153815875163,18.465381587516333
2023-04-10,294.47738218303374,21.327382183033762
2023-04-11,289.9737301826967,16.82373018269675
2023-04-12,291.2315778286941,18.08157782869415
2023-04-13,293.10693818786416,19.956938187864182
2023-04-14,290.9035504975487,17.7535504975487
2023-04-15,288.902836235743,15.752836235743018
2023-04-16,290.28512893492115,17.13512893492117
2023-04-17,293.99246050704784,20.84246050704786
2023-04-18,292.2763844301746,19.126384430174596
2023-04-19,295.381283457867,22.23128345786705
2023-04-20,287.3897365371978,14.239736537197814
2023-04-21,281.82182182482103,8.671821824821052
2023-04-22,279.46369409948494,6.313694099484962
2023-04-23,281.5762641664622,8.426264166462204
2023-04-24,282.7050551898213,9.555055189821303
2023-04-25,287.33735987970556,14.187359879705582
2023-04-26,290.11190896097816,16.961908960978178
2023-04-27,292.25379783815833,19.103797838158357
2023-04-28,288.548822542397,15.398822542397
2023-04-29,289.7537212923564,16.603721292356397
2023-04-30,292.3536029727757,19.20360297277574
2023-05-01,295.779763452336,22.62976345233602
2023-05-02,295.4958658114042,22.345865811404224
2023-05-03,294.7909689061688,21.640968906168837
2023-05-04,288.3767807066365,15.226780706636532
2023-05-05,288.3577621902593,15.207762190259302
2023-05-06,289.4975267292626,16.347526729262597
2023-05-07,292.5311315663582,19.38113156635825
2023-05-08,293.4328785313717,20.28287853137175
2023-05-09,294.02029822924976,20.870298229249784
2023-05-10,294.6023658136693,21.452365813669303
2023-05-11,294.05520478054757,20.905204780547592
2023-05-12,295.02790932524863,21.877909325248652
2023-05-13,296.69083453953823,23.540834539538253
2023-05-14,300.6727059693173,27.522705969317315
2023-05-15,301.80503140722436,28.655031407224385
2023-05-16,301.224377588624,28.07437758862403
2023-05-17,296.48839673866513,23.338396738665153
2023-05-18,294.81867198400704,21.668671984007062
2023-05-19,298.87907473893364,25.72907473893366
2023-05-20,293.29301669854357,20.14301669854359
2023-05-21,290.7066667766796,17.556666776679606
2023-05-22,294.3881802920603,21.23818029206035
2023-05-23,295.9179422306175,22.767942230617507
2023-05-24,293.58250208057046,20.432502080570487
2023-05-25,292.57670868348197,19.42670868348199
2023-05-26,296.2594676592273,23.109467659227334
2023-05-27,291.8146215847508,18.66462158475082
2023-05-28,290.92159284228904,17.771592842289067
2023-05-29,293.84344285748585,20.693442857485877
2023-05-30,293.903494243711,20.75349424371103
2023-05-31,296.9494190400882,23.799419040088196
2023-06-01,299.46733596408484,26.31733596408486
2023-06-02,296.4043449946045,23.254344994604537
2023-06-03,297.2881842592415,24.13818425924154
2023-06-04,294.92652211935746,21.77652211935748
2023-06-05,296.5791807009123,23.429180700912298
2023-06-06,300.883996637106,27.73399663710603
2023-06-07,302.05711931722425,28.90711931722427
2023-06-08,302.3842377989146,29.23423779891465
2023-06-09,302.9090815287474,29.7590815287474
2023-06-10,300.1690687267724,27.019068726772446
2023-06-11,298.4744011037328,25.32440110373284
2023-06-12,297.44019774589646,24.290197745896478
2023-06-13,299.49019184482853,26.340191844828553
2023-06-14,302.3291345930567,29.179134593056745
2023-06-15,304.9895725760652,31.839572576065223
2023-06-16,304.4833434295185,31.33334342951855
2023-06-17,299.8923408982094,26.74234089820942
2023-06-18,299.75369086465486,26.60369086465488
2023-06-19,296.0740960314573,22.92409603145734
2023-06-20,300.7021930849749,27.55219308497493
2023-06-21,304.2187672547824,31.068767254782415
2023-06-22,305.4027288061812,32.25272880618121
2023-06-23,305.6694592907371,32.51945929073713
2023-06-24,304.45059118804033,31.300591188040357
2023-06-25,299.1481278387639,25.998127838763935
2023-06-26,301.51453619246956,28.364536192469586
2023-06-27,304.27551985409593,31.125519854095955
2023-06-28,300.03469365176653,26.884693651766554
2023-06-29,301.6917954973246,28.541795497324642
2023-06-30,304.03898336810727,30.88898336810729
2023-07-01,303.5888672601465,30.438867260146537
2023-07-02,303.70711867259536,30.55711867259538
2023-07-03,301.54705280631117,28.397052806311194
2023-07-04,299.42303796841657,26.27303796841659
2023-07-05,305.3611236977875,32.211123697787514
2023-07-06,303.1979946722284,30.047994672228413
2023-07-07,305.06366063720947,31.91366063720949
2023-07-08,306.57006177865884,33.42006177865886
2023-07-09,306.66572659909144,33.515726599091465
2023-07-10,304.19032363294366,31.040323632943682
2023-07-11,303.9324460153032,30.782446015303208
2023-07-12,300.40513395748815,27.25513395748817
2023-07-13,301.02049236084076,27.870492360840785
2023-07-14,304.89629769308885,31.746297693088877
2023-07-15,301.16866848312935,28.018668483129375
2023-07-16,302.88333079418334,29.73333079418336
2023-07-17,302.0595429157715,28.90954291577151
2023-07-18,301.9252351629474,28.77523516294741
2023-07-19,301.9778137869853,28.827813786985303
2023-07-20,302.23471523298866,29.084715232988685
2023-07-21,299.0069195622985,25.856919562298515
2023-07-22,299.8053606392376,26.655360639237642
2023-07-23,301.81492776795886,28.664927767958886
2023-07-24,303.92187643275014,30.77187643275016
2023-07-25,303.0392489673867,29.88924896738672
2023-07-26,301.4307200760455,28.280720076045498
2023-07-27,303.0624077979489,29.9124077979489
2023-07-28,301.03055702702983,27.88055702702985
2023-07-29,299.7971136719589,26.647113671958948
2023-07-30,300.4725571226276,27.322557122627643
2023-07-31,302.2544406322756,29.10444063227561
2023-08-01,302.3822181334586,29.232218133458616
2023-08-02,302.7585154690025,29.608515469002498
2023-08-03,304.1849378583942,31.034937858394244
2023-08-04,304.9727756916895,31.822775691689515
2023-08-05,300.87184498327906,27.721844983279084
2023-08-06,299.0171861950333,25.867186195033298
2023-08-07,299.8281828588905,26.678182858890523
2023-08-08,300.8559906094494,27.70599060944943
2023-08-09,300.7712656435702,27.62126564357021
2023-08-10,301.8229391076009,28.67293910760094
2023-08-11,304.2308515864274,31.0808515864274
2023-08-12,298.4099401145955,25.25994011459551
2023-08-13,300.38046037783397,27.230460377833992
2023-08-14,301.99087429026747,28.840874290267493
2023-08-15,302.4988874746336,29.348887474633614
2023-08-16,303.6049572616125,30.45495726161255
2023-08-17,303.7832263991956,30.63322639919562
2023-08-18,300.6320433714698,27.482043371469842
2023-08-19,301.47192125134796,28.321921251347987
2023-08-20,300.46050645207345,27.31050645207347
2023-08-21,300.30674258868993,27.15674258868995
2023-08-22,300.48248714445293,27.332487144452955
2023-08-23,300.49638917500846,27.346389175008483
2023-08-24,296.67905315771145,23.529053157711473
2023-08-25,299.29280320759545,26.142803207595477
2023-08-26,295.47947286011964,22.329472860119665
2023-08-27,293.2097728206655,20.0597728206655
2023-08-28,295.8208636443657,22.67086364436574
2023-08-29,297.71874327336997,24.56874327336999
2023-08-30,298.19619218716866,25.046192187168685
2023-08-31,299.3545713094582,26.20457130945823
2023-09-01,299.6599110653146,26.50991106531461
2023-09-02,300.0974715863573,26.947471586357324
2023-09-03,300.5942419663517,27.44424196635174
2023-09-04,300.79173158685757,27.64173158685759
2023-09-05,300.1315029492909,26.981502949290928
2023-09-06,300.50793492919854,27.357934929198564
2023-09-07,301.5537513634069,28.40375136340691
2023-09-08,300.8660216145476,27.71602161454763
2023-09-09,298.8594839840104,25.709483984010433
2023-09-10,298.7119810835405,25.561981083540502
2023-09-11,297.7767749941391,24.62677499413911
2023-09-12,295.634818794777,22.484818794777027
2023-09-13,297.01526013395386,23.865260133953882
2023-09-14,298.38570412912344,25.235704129123462
2023-09-15,299.11147091073747,25.96147091073749
2023-09-16,299.78445710176806,26.634457101768078
2023-09-17,300.66230469221887,27.51230469221889
2023-09-18,300.4230079967737,27.273007996773742
2023-09-19,294.0192547354308,20.869254735430843
2023-09-20,295.19725827373446,22.047258273734485
2023-09-21,295.97442554120363,22.824425541203652
2023-09-22,295.87882804295293,22.728828042952955
2023-09-23,293.8569072938592,20.706907293859217
2023-09-24,290.428154910297,17.27815491029702
2023-09-25,291.7015539803057,18.551553980305698
2023-09-26,291.2134008395903,18.063400839590315
2023-09-27,291.70030851994113,18.550308519941154
2023-09-28,294.69352004791676,21.543520047916786
2023-09-29,293.0941806344004,19.944180634400425
2023-09-30,293.8064493185501,20.65644931855013
2023-10-01,294.53554854816656,21.385548548166582
2023-10-02,293.32940433784273,20.179404337842755
2023-10-03,294.33048518220056,21.180485182200584
2023-10-04,293.68399026973464,20.53399026973466
2023-10-05,292.24861403015456,19.09861403015458
2023-10-06,290.6662398064686,17.516239806468604
2023-10-07,291.28758988400733,18.137589884007355
2023-10-08,292.4440503241137,19.294050324113698
2023-10-09,291.6835116355654,18.533511635565446
2023-10-10,291.7942902858271,18.64429028582714
2023-10-11,292.6871843839252,19.53718438392525
2023-10-12,291.7614033999852,18.61140339998525
2023-10-13,292.17476159664676,19.024761596646783
2023-10-14,293.2834232876277,20.13342328762775
2023-10-15,292.4669398659483,19.316939865948314
2023-10-16,292.21515490576684,19.06515490576686
2023-10-17,294.8237884698288,21.67378846982882
2023-10-18,292.86541986041726,19.715419860417285
2023-10-19,289.24564078580823,16.095640785808257
2023-10-20,286.4633159925301,13.313315992530136
2023-10-21,289.4315173299423,16.281517329942346
2023-10-22,290.8848349309897,17.734834930989734
2023-10-23,291.991813567424,18.841813567424026
2023-10-24,293.9366840793713,20.786684079371298
2023-10-25,295.88273272950113,22.73273272950115
2023-10-26,291.1131244496998,17.96312444969982
2023-10-27,291.7737906814487,18.623790681448725
2023-10-28,293.13531448752093,19.985314487520952
2023-10-29,293.80379009236646,20.653790092366478
2023-10-30,293.4546235961147,20.30462359611471
2023-10-31,294.9753643623017,21.82536436230174
2023-11-01,296.4130632171562,23.26306321715623
2023-11-02,294.56365555909593,21.413655559095957
2023-11-03,288.04740693185374,14.897406931853766
2023-11-04,289.1313950431805,15.981395043180498
2023-11-05,283.37969077430756,10.229690774307585
2023-11-06,281.623356032678,8.473356032677998
2023-11-07,285.18224219378857,12.03224219378859
2023-11-08,287.0805257558841,13.930525755884105
2023-11-09,277.55181145665244,4.401811456652467
2023-11-10,274.1372303923731,0.9872303923731351
2023-11-11,274.21259757497285,1.0625975749728696
2023-11-12,274.6894405891348,1.5394405891348129
2023-11-13,276.6147876683406,3.464787668340648
2023-11-14,279.95575192674875,6.805751926748769
2023-11-15,281.48588413730613,8.335884137306152
2023-11-16,279.75678121824177,6.606781218241792
2023-11-17,279.1277227508792,5.977722750879195
2023-11-18,282.2668551080509,9.116855108050913
2023-11-19,284.718897277091,11.568897277091025
2023-11-20,285.067390551524,11.917390551524022
2023-11-21,287.68215043413585,14.532150434135872
2023-11-22,285.45240610961963,12.302406109619653
2023-11-23,272.84521673907824,-0.304783260921738
2023-11-24,271.849319702724,-1.3006802972759601
2023-11-25,276.07307973195026,2.9230797319502813
2023-11-26,278.24748522297193,5.0974852229719545
2023-11-27,279.1316947596093,5.981694759609297
2023-11-28,276.70715370186184,3.557153701861864
2023-11-29,271.03990511014064,-2.11009488985934
2023-11-30,273.2582046637395,0.10820466373951376
2023-12-01,275.1165325108971,1.9665325108971388
2023-12-02,277.7096146509479,4.559614650947935
2023-12-03,278.9850670475036,5.835067047503628
2023-12-04,282.22986156911514,9.079861569115167
2023-12-05,283.2958409967925,10.145840996792515
2023-12-06,281.2134312672916,8.063431267291605
2023-12-07,285.574966141708,12.424966141708012
2023-12-08,287.96066230051844,14.810662300518459
2023-12-09,278.0344105173638,4.884410517363847
2023-12-10,272.6530792320306,-0.4969207679693568
2023-12-11,269.3666122798436,-3.7833877201563837
2023-12-12,271.75331827138206,-1.3966817286179207
2023-12-13,271.98335816682066,-1.1666418331793125
2023-12-14,269.5150576908597,-3.6349423091402855
2023-12-15,264.8669322882367,-8.283067711763294
2023-12-16,263.64547228153816,-9.504527718461816
2023-12-17,265.94795822356133,-7.202041776438648
2023-12-18,268.5166697337765,-4.633330266223481
2023-12-19,264.1573901524526,-8.992609847547385
2023-12-20,261.73406089397866,-11.415939106021312
2023-12-21,262.89351717117796,-10.256482828822016
2023-12-22,267.1429606127863,-6.007039387213695
2023-12-23,267.9046774395172,-5.245322560482805
2023-12-24,270.84497373254555,-2.305026267454423
2023-12-25,274.6071392218027,1.45713922180272
2023-12-26,273.3176838114187,0.16768381141872624
2023-12-27,272.5614200814191,-0.5885799185808764
2023-12-28,274.2732885219257,1.1232885219257014
2023-12-29,274.01463669919383,0.8646366991938521
2023-12-30,273.3188619496014,0.1688619496014212
2023-12-31,271.7773859513995,-1.3726140486004965
