time_val,tp
2019-01-01,0.0
2019-01-02,2.8234212589406393e-05
2019-01-03,0.0007231095557631156
2019-01-04,2.8234212589406393e-05
2019-01-05,0.0
2019-01-06,2.8234212589406393e-05
2019-01-07,2.8234212589406393e-05
2019-01-08,4.705702098234399e-06
2019-01-09,0.0003137134732160776
2019-01-10,0.0
2019-01-11,2.195994312509386e-05
2019-01-12,0.0
2019-01-13,1.8822808392937596e-05
2019-01-14,2.3528510491171994e-05
2019-01-15,0.0
2019-01-16,1.097997156254693e-05
2019-01-17,0.0
2019-01-18,3.607704941979706e-05
2019-01-19,5.4899857812734654e-05
2019-01-20,1.7254241026859463e-05
2019-01-21,9.411404196468798e-06
2019-01-22,0.0
2019-01-23,2.5097077857250127e-05
2019-01-24,7.52912335718059e-05
2019-01-25,2.8234212589406393e-05
2019-01-26,2.666564522332826e-05
2019-01-27,6.274269464312532e-06
2019-01-28,0.0
2019-01-29,2.5097077857250127e-05
2019-01-30,0.00484530459382277
2019-01-31,0.0016156243870629264
2019-02-01,2.5097077857250127e-05
2019-02-02,0.0
2019-02-03,0.0
2019-02-04,1.4117106294703197e-05
2019-02-05,4.705702098234399e-06
2019-02-06,7.529123357184059e-05
2019-02-07,0.00013646536084899186
2019-02-08,4.078275151803146e-05
2019-02-09,0.0004062589478148401
2019-02-10,0.011243490880065252
2019-02-11,6.274269464312532e-06
2019-02-12,0.0005537042802264136
2019-02-13,0.015891155985761962
2019-02-14,0.023914378063263964
2019-02-15,3.764561678587519e-05
2019-02-16,0.0
2019-02-17,0.0
2019-02-18,0.005850756275480401
2019-02-19,1.4117106294703197e-05
2019-02-20,2.039137575901573e-05
2019-02-21,1.4117106294703197e-05
2019-02-22,2.666564522332826e-05
2019-02-23,4.078275151803146e-05
2019-02-24,2.666564522332826e-05
2019-02-25,2.195994312509386e-05
2019-02-26,8.940833986655072e-05
2019-02-27,2.8234212589406393e-05
2019-02-28,0.0
2019-03-01,0.0
2019-03-02,0.0
2019-03-03,0.0
2019-03-04,1.4117106294703197e-05
2019-03-05,0.002324616836531297
2019-03-06,0.0
2019-03-07,0.0
2019-03-08,3.137134732156266e-06
2019-03-09,2.3528510491171994e-05
2019-03-10,0.0022791283829149897
2019-03-11,1.8822808392937596e-05
2019-03-12,0.0
2019-03-13,0.0
2019-03-14,2.8234212589406393e-05
2019-03-15,4.078275151803146e-05
2019-03-16,1.4117106294703197e-05
2019-03-17,0.0
2019-03-18,6.901696410752112e-05
2019-03-19,0.018135775886623254
2019-03-20,0.0009834917385324674
2019-03-21,0.0
2019-03-22,2.195994312509386e-05
2019-03-23,3.9214184151953324e-05
2019-03-24,0.0
2019-03-25,0.0
2019-03-26,0.0
2019-03-27,0.00012077968718816195
2019-03-28,0.0018038524709925868
2019-03-29,4.078275151803146e-05
2019-03-30,2.5097077857250127e-05
2019-03-31,0.0
2019-04-01,2.039137575901573e-05
2019-04-02,2.8234212589406393e-05
2019-04-03,4.705702098234399e-06
2019-04-04,2.5097077857250127e-05
2019-04-05,2.666564522332826e-05
2019-04-06,0.00010509401352735981
2019-04-07,0.0
2019-04-08,0.11471246861620242
2019-04-09,0.09737979922101236
2019-04-10,0.0012187768434445481
2019-04-11,0.004939418635787604
2019-04-12,2.666564522332826e-05
2019-04-13,0.03392654356095612
2019-04-14,6.274269464312532e-06
2019-04-15,4.705702098234399e-06
2019-04-16,0.0001145054177238286
2019-04-17,2.5097077857250127e-05
2019-04-18,1.7254241026859463e-05
2019-04-19,3.607704941979706e-05
2019-04-20,0.0014744533241156932
2019-04-21,1.4117106294703197e-05
2019-04-22,0.007714214306384103
2019-04-23,0.003024197881803241
2019-04-24,0.1208032156986932
2019-04-25,0.015163340727900605
2019-04-26,0.0
2019-04-27,0.05258935808258246
2019-04-28,3.9214184151953324e-05
2019-04-29,4.5488453616265856e-05
2019-04-30,2.666564522332826e-05
2019-05-01,2.039137575901573e-05
2019-05-02,2.8234212589406393e-05
2019-05-03,1.097997156254693e-05
2019-05-04,0.0004846873161188925
2019-05-05,0.004078275151809425
2019-05-06,1.568567366078133e-05
2019-05-07,0.0
2019-05-08,2.8234212589406393e-05
2019-05-09,3.764561678588907e-05
2019-05-10,0.03530688284310697
2019-05-11,6.587982937537873e-05
2019-05-12,0.01801029049733676
2019-05-13,2.666564522332826e-05
2019-05-14,2.5097077857250127e-05
2019-05-15,6.744839674135972e-05
2019-05-16,1.4117106294703197e-05
2019-05-17,0.0095306153163053
2019-05-18,2.195994312509386e-05
2019-05-19,1.7254241026859463e-05
2019-05-20,1.8822808392937596e-05
2019-05-21,2.039137575901573e-05
2019-05-22,2.3528510491171994e-05
2019-05-23,2.039137575901573e-05
2019-05-24,0.0
2019-05-25,0.00017567954500097294
2019-05-26,0.017375020714074194
2019-05-27,0.0
2019-05-28,7.842836830390665e-06
2019-05-29,2.195994312509386e-05
2019-05-30,0.00029175353009094906
2019-05-31,1.4117106294703197e-05
2019-06-01,0.003079097739616045
2019-06-02,0.013546147773471517
2019-06-03,0.00041253321727918735
2019-06-04,0.021713678048652957
2019-06-05,0.11117221207095865
2019-06-06,0.001303479481212906
2019-06-07,0.018807122719305715
2019-06-08,0.0006180155422357211
2019-06-09,1.568567366078133e-05
2019-06-10,9.411404196468798e-06
2019-06-11,1.7254241026859463e-05
2019-06-12,9.411404196468798e-06
2019-06-13,0.0004846873161188925
2019-06-14,0.00040469038044874117
2019-06-15,0.0
2019-06-16,2.039137575901573e-05
2019-06-17,2.666564522332826e-05
2019-06-18,2.039137575901573e-05
2019-06-19,0.016592305598399984
2019-06-20,0.03285834918465522
2019-06-21,0.009361210040768661
2019-06-22,0.0
2019-06-23,2.3528510491171994e-05
2019-06-24,2.666564522332826e-05
2019-06-25,1.568567366078133e-05
2019-06-26,4.705702098234399e-06
2019-06-27,0.009452186948001352
2019-06-28,0.24386673697190858
2019-06-29,2.3528510491171994e-05
2019-06-30,0.0
2019-07-01,2.195994312509386e-05
2019-07-02,0.0008705548881746267
2019-07-03,0.0
2019-07-04,0.0
2019-07-05,0.05830364899721385
2019-07-06,0.15306394071687174
2019-07-07,0.009838054520057149
2019-07-08,0.0066052371785651695
2019-07-09,0.04353245011083333
2019-07-10,0.03337597641546181
2019-07-11,0.016906019071616048
2019-07-12,0.0076263745338835814
2019-07-13,0.00016469957343844682
2019-07-14,0.10839271069826391
2019-07-15,0.00015685673660802146
2019-07-16,0.040282378528314455
2019-07-17,0.01870830297524262
2019-07-18,3.137134732156266e-05
2019-07-19,2.3528510491171994e-05
2019-07-20,0.002404613772201393
2019-07-21,2.039137575901573e-05
2019-07-22,0.026800542016852176
2019-07-23,0.036263708936416145
2019-07-24,0.0012595595949626767
2019-07-25,0.03012904196767508
2019-07-26,1.568567366078133e-06
2019-07-27,0.024428868159338382
2019-07-28,0.032361113329607685
2019-07-29,0.19695716132190372
2019-07-30,0.008013810673305505
2019-07-31,2.352851049119281e-05
2019-08-01,0.20105896498420434
2019-08-02,0.4469083711068388
2019-08-03,0.014584539369816858
2019-08-04,0.010181570773228746
2019-08-05,0.11210550965377657
2019-08-06,0.06078512257035326
2019-08-07,0.4906117950605748
2019-08-08,0.008431049592682906
2019-08-09,0.08625708802813527
2019-08-10,0.35491346365358073
2019-08-11,1.4565230305540466
2019-08-12,0.06144862656620534
2019-08-13,0.0014352391399636288
2019-08-14,0.003207720263634646
2019-08-15,0.00033410484897514886
2019-08-16,0.0016030758481342111
2019-08-17,0.0
2019-08-18,0.0
2019-08-19,0.0
2019-08-20,0.002454807927916011
2019-08-21,2.3528510491171994e-05
2019-08-22,0.0
2019-08-23,6.274269464312532e-06
2019-08-24,0.014030835089590438
2019-08-25,0.029805917090262514
2019-08-26,0.0015450388555893063
2019-08-27,0.0004329245930382239
2019-08-28,9.411404196468798e-06
2019-08-29,0.0
2019-08-30,2.5097077857250127e-05
2019-08-31,0.0
2019-09-01,0.0002039137575904279
2019-09-02,5.803699254489092e-05
2019-09-03,7.999693567010274e-05
2019-09-04,2.8234212589406393e-05
2019-09-05,7.842836830390665e-06
2019-09-06,0.0
2019-09-07,0.0
2019-09-08,3.137134732156266e-06
2019-09-09,0.00022744226808166929
2019-09-10,0.011618378480558585
2019-09-11,0.18157422116275176
2019-09-12,0.006147215507669591
2019-09-13,0.035724121762484365
2019-09-14,0.00036861333102891636
2019-09-15,0.0
2019-09-16,0.0
2019-09-17,7.842836830390665e-06
2019-09-18,6.274269464312532e-06
2019-09-19,0.0
2019-09-20,0.00011293685035779211
2019-09-21,0.0
2019-09-22,0.0
2019-09-23,2.9802779955484526e-05
2019-09-24,0.0
2019-09-25,2.8234212589406393e-05
2019-09-26,0.0
2019-09-27,3.137134732156266e-06
2019-09-28,0.00042665032357384197
2019-09-29,0.0
2019-09-30,0.0
2019-10-01,6.274269464312532e-06
2019-10-02,2.666564522332826e-05
2019-10-03,2.195994312509386e-05
2019-10-04,0.06659980179641384
2019-10-05,1.8822808392937596e-05
2019-10-06,0.1391178082650496
2019-10-07,0.0
2019-10-08,7.842836830390665e-06
2019-10-09,0.07491164026927469
2019-10-10,0.004882950210608722
2019-10-11,0.005196663683824827
2019-10-12,2.666564522332826e-05
2019-10-13,0.0
2019-10-14,0.0
2019-10-15,2.9802779955484526e-05
2019-10-16,0.006933067758075971
2019-10-17,2.039137575901573e-05
2019-10-18,9.568260933089795e-05
2019-10-19,2.5097077857250127e-05
2019-10-20,1.097997156254693e-05
2019-10-21,0.0
2019-10-22,0.0003293991468769075
2019-10-23,0.00010195687879521742
2019-10-24,0.011326624950467601
2019-10-25,1.097997156254693e-05
2019-10-26,0.0
2019-10-27,0.0
2019-10-28,4.705702098234399e-06
2019-10-29,2.5097077857250127e-05
2019-10-30,9.411404196468798e-06
2019-10-31,0.0
2019-11-01,2.8234212589406393e-05
2019-11-02,0.06841306567160296
2019-11-03,0.003344185624483624
2019-11-04,0.0
2019-11-05,2.3528510491171994e-05
2019-11-06,0.0
2019-11-07,0.0
2019-11-08,1.097997156254693e-05
2019-11-09,0.02558960801023797
2019-11-10,3.137134732156266e-06
2019-11-11,1.097997156254693e-05
2019-11-12,0.012924995096503675
2019-11-13,0.0
2019-11-14,2.039137575901573e-05
2019-11-15,0.0
2019-11-16,0.05625823715184483
2019-11-17,0.0016705242448757512
2019-11-18,0.0
2019-11-19,0.0
2019-11-20,0.00013646536084897798
2019-11-21,1.8822808392937596e-05
2019-11-22,3.607704941983869e-05
2019-11-23,0.009100827857999289
2019-11-24,0.006749545376244587
2019-11-25,2.666564522332826e-05
2019-11-26,1.568567366078133e-06
2019-11-27,3.6077049419810936e-05
2019-11-28,0.0
2019-11-29,0.00010823114825950914
2019-11-30,0.006440537605126667
2019-12-01,2.195994312509386e-05
2019-12-02,2.195994312509386e-05
2019-12-03,2.039137575901573e-05
2019-12-04,0.0
2019-12-05,0.0
2019-12-06,0.0
2019-12-07,0.0
2019-12-08,0.0
2019-12-09,1.7254241026859463e-05
2019-12-10,0.0
2019-12-11,2.8234212589406393e-05
2019-12-12,0.006809150936155625
2019-12-13,2.039137575901573e-05
2019-12-14,4.705702098234399e-06
2019-12-15,0.08206117032386981
2019-12-16,0.01635702049348789
2019-12-17,2.3528510491171994e-05
2019-12-18,2.3528510491171994e-05
2019-12-19,0.0
2019-12-20,0.0
2019-12-21,0.0
2019-12-22,2.8234212589406393e-05
2019-12-23,0.0
2019-12-24,0.0005740956559854571
2019-12-25,0.06805856944686878
2019-12-26,3.764561678587519e-05
2019-12-27,0.0
2019-12-28,2.195994312509386e-05
2019-12-29,7.37226662057347e-05
2019-12-30,2.666564522332826e-05
2019-12-31,1.5378141644865895e-05
2020-01-01,8.827247451125009e-06
2020-01-02,2.2698636302928565e-05
2020-01-03,2.2698636302928565e-05
2020-01-04,5.044141400633445e-05
2020-01-05,0.12212749055665797
2020-01-06,0.0266255003832156
2020-01-07,0.12106443775647568
2020-01-08,0.0
2020-01-09,0.0
2020-01-10,0.0
2020-01-11,6.683487355838014e-05
2020-01-12,0.00010592696941321561
2020-01-13,0.0026380859525285474
2020-01-14,0.0
2020-01-15,2.9003813053700422e-05
2020-01-16,0.0013266091883652534
2020-01-17,0.00013493078246682583
2020-01-18,1.5132424201952377e-05
2020-01-19,1.7654494902277773e-05
2020-01-20,0.0
2020-01-21,7.5662121009761885e-06
2020-01-22,1.0088282801287707e-05
2020-01-23,6.30517675081349e-06
2020-01-24,0.0
2020-01-25,0.0
2020-01-26,0.001464062041532363
2020-01-27,6.3051767508065515e-06
2020-01-28,0.0010390931285294489
2020-01-29,0.00032408608499044644
2020-01-30,8.827247451138887e-06
2020-01-31,0.0
2020-02-01,0.0002585122467822637
2020-02-02,0.0026153873162257646
2020-02-03,3.026484840385618e-05
2020-02-04,0.0
2020-02-05,0.0021916794385729854
2020-02-06,0.004933170289814347
2020-02-07,7.944522705992385e-05
2020-02-08,2.1437600952765867e-05
2020-02-09,0.0
2020-02-10,0.0
2020-02-11,2.017656560260317e-05
2020-02-12,2.017656560260317e-05
2020-02-13,0.007074408314380984
2020-02-14,0.12117288679658912
2020-02-15,6.30517675081349e-06
2020-02-16,6.30517675081349e-06
2020-02-17,1.261035350162698e-05
2020-02-18,0.0
2020-02-19,1.5132424201952377e-05
2020-02-20,0.006224470488375121
2020-02-21,0.00030264848403771527
2020-02-22,2.1437600952765867e-05
2020-02-23,2.017656560260317e-05
2020-02-24,0.22966228004129874
2020-02-25,0.0002131149741766286
2020-02-26,1.891553025244047e-05
2020-02-27,0.0440908399828905
2020-02-28,1.5132424201910744e-05
2020-02-29,0.0004615389381575144
2020-03-01,0.0073909281872704125
2020-03-02,1.6393459552115075e-05
2020-03-03,2.2698636302928565e-05
2020-03-04,0.0
2020-03-05,0.0
2020-03-06,0.008395973361345538
2020-03-07,1.6393459552108136e-05
2020-03-08,0.0014930658545859662
2020-03-09,0.033377083647956295
2020-03-10,0.00032408608499046726
2020-03-11,2.1437600952765867e-05
2020-03-12,0.0234022940282142
2020-03-13,0.0
2020-03-14,1.6393459552115075e-05
2020-03-15,0.0
2020-03-16,0.0
2020-03-17,8.827247451138887e-06
2020-03-18,1.5132424201952377e-05
2020-03-19,1.1349318151464283e-05
2020-03-20,2.017656560260317e-05
2020-03-21,2.2698636302928565e-05
2020-03-22,0.0
2020-03-23,0.00028751605983581147
2020-03-24,0.0010592696941320034
2020-03-25,0.0006090800741259395
2020-03-26,0.015600268316792683
2020-03-27,0.0
2020-03-28,2.1437600952765867e-05
2020-03-29,8.827247451138887e-06
2020-03-30,0.0
2020-03-31,1.8915530252412716e-05
2020-04-01,0.004428756149751516
2020-04-02,0.0024035333773993403
2020-04-03,8.827247451138887e-06
2020-04-04,1.7654494902277773e-05
2020-04-05,1.891553025244047e-05
2020-04-06,0.0
2020-04-07,0.00025599017608189667
2020-04-08,0.05656121856059335
2020-04-09,0.246159144492053
2020-04-10,0.05068227175816127
2020-04-11,0.0014237089103273162
2020-04-12,2.395967165304269e-05
2020-04-13,1.6393459552115075e-05
2020-04-14,0.0
2020-04-15,0.07134811907653466
2020-04-16,0.0014501906526806913
2020-04-17,1.891553025244047e-05
2020-04-18,0.016413636117643966
2020-04-19,0.021080727948575163
2020-04-20,2.017656560260317e-05
2020-04-21,2.522070700325396e-06
2020-04-22,0.0
2020-04-23,0.0
2020-04-24,6.30517675081349e-06
2020-04-25,1.5132424201952377e-05
2020-04-26,0.0025081993114623377
2020-04-27,0.0
2020-04-28,0.0
2020-04-29,7.5662121009761885e-06
2020-04-30,2.522070700325396e-06
2020-05-01,2.017656560260317e-05
2020-05-02,1.6393459552115075e-05
2020-05-03,0.023635585567993285
2020-05-04,0.02032788984453139
2020-05-05,0.0
2020-05-06,0.0
2020-05-07,0.2472600283527401
2020-05-08,0.026161439374357852
2020-05-09,0.008493073083307635
2020-05-10,0.00742749821242495
2020-05-11,0.0048209381436503385
2020-05-12,2.2698636302928565e-05
2020-05-13,0.0011778070170466726
2020-05-14,0.00032913022639109724
2020-05-15,1.6393459552115075e-05
2020-05-16,0.08995721773880194
2020-05-17,0.12404804739494708
2020-05-18,5.0441414006369145e-05
2020-05-19,0.0
2020-05-20,1.891553025244047e-05
2020-05-21,0.0033896630212221224
2020-05-22,0.0
2020-05-23,0.0
2020-05-24,8.827247451138887e-06
2020-05-25,0.00029508227193680153
2020-05-26,4.539727260574611e-05
2020-05-27,1.5132424201952377e-05
2020-05-28,6.30517675081349e-06
2020-05-29,0.0
2020-05-30,0.00033417436779169946
2020-05-31,2.648174235341666e-05
2020-06-01,0.019233311160595075
2020-06-02,1.6393459552115075e-05
2020-06-03,5.044141400650792e-06
2020-06-04,1.891553025244047e-05
2020-06-05,0.0
2020-06-06,3.657002515462804e-05
2020-06-07,0.0
2020-06-08,0.00011853732291476626
2020-06-09,2.9003813053693484e-05
2020-06-10,2.9003813053742056e-05
2020-06-11,0.004800761578047839
2020-06-12,1.7654494902277773e-05
2020-06-13,9.836075731227412e-05
2020-06-14,3.7831060504880942e-06
2020-06-15,2.017656560260317e-05
2020-06-16,0.016432551647896282
2020-06-17,0.051571301680021976
2020-06-18,0.00011853732291480096
2020-06-19,2.1437600952765867e-05
2020-06-20,0.0
2020-06-21,0.0
2020-06-22,0.007308960889510177
2020-06-23,0.007554862782790821
2020-06-24,0.02189787885547685
2020-06-25,0.1946206297311352
2020-06-26,0.008495595154007968
2020-06-27,0.00105296451738119
2020-06-28,0.08313501649445243
2020-06-29,0.1797126698215788
2020-06-30,4.9180378656213386e-05
2020-07-01,1.0088282801301585e-05
2020-07-02,0.2635803478544724
2020-07-03,0.01916647628703675
2020-07-04,0.0612901011236822
2020-07-05,0.010650704567426346
2020-07-06,0.00229760640798618
2020-07-07,0.0
2020-07-08,0.003297607440660745
2020-07-09,0.23570137833320073
2020-07-10,0.0005132413875139422
2020-07-11,0.014186647689266633
2020-07-12,0.0021185393882638265
2020-07-13,0.0056897914999085725
2020-07-14,0.0018663323182324387
2020-07-15,0.0001677177015709727
2020-07-16,0.0002496849993311179
2020-07-17,0.00012484249966554506
2020-07-18,0.0016960925459613072
2020-07-19,0.0008537209320563996
2020-07-20,3.4047954454295704e-05
2020-07-21,0.00014249699456780202
2020-07-22,0.427479634385082
2020-07-23,0.0
2020-07-24,0.0
2020-07-25,0.008080714523806286
2020-07-26,0.030389690903434338
2020-07-27,0.011494337216681368
2020-07-28,0.0009798244670720865
2020-07-29,0.001177807017046728
2020-07-30,4.665830795583248e-05
2020-07-31,0.020884006433950608
2020-08-01,0.07114383134980926
2020-08-02,0.00875032429473964
2020-08-03,0.1842397867286425
2020-08-04,0.03603912927213785
2020-08-05,0.06647547848352793
2020-08-06,1.2291223285506065
2020-08-07,0.013393456454017898
2020-08-08,0.00448171963445812
2020-08-09,0.0004401013372048179
2020-08-10,0.00838336300784396
2020-08-11,0.005249690162703803
2020-08-12,0.4094543950899373
2020-08-13,0.32854888909456265
2020-08-14,0.11730907448370793
2020-08-15,0.05770245555248546
2020-08-16,0.0005485503773183381
2020-08-17,0.0018095857274754018
2020-08-18,0.006725101522387492
2020-08-19,0.10165584268220873
2020-08-20,0.1414579014392151
2020-08-21,1.5132424201952377e-05
2020-08-22,5.044141400650792e-06
2020-08-23,0.011042886561325162
2020-08-24,0.24610618100734646
2020-08-25,0.0
2020-08-26,0.0015510734806931728
2020-08-27,0.0005825983317725436
2020-08-28,0.00020554876207567324
2020-08-29,0.0
2020-08-30,0.0
2020-08-31,0.005293826399959269
2020-09-01,0.0
2020-09-02,0.0005510724480186774
2020-09-03,0.0
2020-09-04,2.1437600952765867e-05
2020-09-05,2.1437600952765867e-05
2020-09-06,5.044141400650792e-06
2020-09-07,0.033039126174114274
2020-09-08,7.314005030917281e-05
2020-09-09,0.0027414908512414446
2020-09-10,1.891553025244047e-05
2020-09-11,0.0005498114126685008
2020-09-12,0.021225747013843152
2020-09-13,0.0019470385806424906
2020-09-14,0.035760440459753136
2020-09-15,0.04334935119699813
2020-09-16,0.0
2020-09-17,1.261035350162698e-06
2020-09-18,2.6481742353395843e-05
2020-09-19,0.0
2020-09-20,1.261035350162698e-05
2020-09-21,0.0
2020-09-22,0.0007112239374886253
2020-09-23,0.0258676181377712
2020-09-24,0.012013883780946102
2020-09-25,0.0056582656161546785
2020-09-26,0.0
2020-09-27,0.0
2020-09-28,0.0035321600157898966
2020-09-29,0.002686005295834508
2020-09-30,2.6481742353395843e-05
2020-10-01,0.015651970766149097
2020-10-02,0.0
2020-10-03,4.539727260574611e-05
2020-10-04,0.0
2020-10-05,0.0
2020-10-06,2.017656560260317e-05
2020-10-07,0.0
2020-10-08,1.7654494902256956e-05
2020-10-09,1.261035350162698e-06
2020-10-10,0.007041621395276948
2020-10-11,0.0003303912617411836
2020-10-12,2.6481742353368087e-05
2020-10-13,0.040093357922892654
2020-10-14,0.031461570951067795
2020-10-15,2.5220707003184573e-06
2020-10-16,0.0016872652985101128
2020-10-17,2.522070700325396e-06
2020-10-18,0.0
2020-10-19,7.5662121009761885e-06
2020-10-20,0.0
2020-10-21,0.0
2020-10-22,0.0
2020-10-23,3.7831060504880942e-06
2020-10-24,0.0003177809082395844
2020-10-25,3.7831060504880942e-06
2020-10-26,0.0
2020-10-27,0.0
2020-10-28,0.0013820947437721137
2020-10-29,0.00248171756910906
2020-10-30,5.800762610728982e-05
2020-10-31,9.962179266243681e-05
2020-11-01,0.0
2020-11-02,0.0
2020-11-03,0.0
2020-11-04,2.1437600952765867e-05
2020-11-05,0.0
2020-11-06,4.0353131205109194e-05
2020-11-07,2.1437600952765867e-05
2020-11-08,0.0
2020-11-09,2.1437600952717295e-05
2020-11-10,1.0088282801301585e-05
2020-11-11,0.0
2020-11-12,7.5662121009761885e-06
2020-11-13,2.017656560260317e-05
2020-11-14,0.0
2020-11-15,6.30517675081349e-06
2020-11-16,6.305176750791286e-05
2020-11-17,0.30681242276390586
2020-11-18,0.03021692906046284
2020-11-19,0.0027856270884968823
2020-11-20,0.0030643159008815965
2020-11-21,0.0189130081816552
2020-11-22,6.0529696807642974e-05
2020-11-23,1.261035350162698e-05
2020-11-24,1.7654494902277773e-05
2020-11-25,4.665830795588105e-05
2020-11-26,0.0002395967165298718
2020-11-27,0.0008486767906557419
2020-11-28,0.0
2020-11-29,0.0
2020-11-30,0.0
2020-12-01,0.03702399788061046
2020-12-02,0.003349309890017124
2020-12-03,0.0
2020-12-04,1.6393459552115075e-05
2020-12-05,0.0
2020-12-06,1.7654494902277773e-05
2020-12-07,0.0
2020-12-08,0.0
2020-12-09,0.0001752839136718934
2020-12-10,0.0
2020-12-11,0.0
2020-12-12,0.0
2020-12-13,1.7654494902277773e-05
2020-12-14,1.7654494902277773e-05
2020-12-15,0.0
2020-12-16,1.639345955208038e-05
2020-12-17,2.522070700325396e-06
2020-12-18,7.5662121009761885e-06
2020-12-19,0.0
2020-12-20,2.2698636302928565e-05
2020-12-21,2.9003813053693484e-05
2020-12-22,0.0
2020-12-23,7.5662121009761885e-06
2020-12-24,0.0
2020-12-25,1.3871388851789679e-05
2020-12-26,1.3871388851754984e-05
2020-12-27,1.891553025244047e-05
2020-12-28,0.02488905470604935
2020-12-29,4.791934330608538e-05
2020-12-30,1.6393459552115075e-05
2020-12-31,2.0340927327840153e-05
2021-01-01,0.0
2021-01-02,0.0
2021-01-03,1.4253970753996814e-05
2021-01-04,1.5679367829396496e-05
2021-01-05,1.853016198019586e-05
2021-01-06,1.4253970753996814e-05
2021-01-07,0.0
2021-01-08,1.2828573678597133e-05
2021-01-09,1.853016198019586e-05
2021-01-10,1.853016198019586e-05
2021-01-11,1.7104764904796177e-05
2021-01-12,1.7104764904796177e-05
2021-01-13,8.552382452398088e-06
2021-01-14,2.5657147357194265e-05
2021-01-15,0.0
2021-01-16,0.0
2021-01-17,0.0
2021-01-18,0.0
2021-01-19,0.0
2021-01-20,1.1403176603197451e-05
2021-01-21,2.850794150799363e-06
2021-01-22,3.4209529809592354e-05
2021-01-23,0.0
2021-01-24,3.706032396038478e-05
2021-01-25,0.010232925604291884
2021-01-26,0.0
2021-01-27,0.0
2021-01-28,1.4253970753996814e-05
2021-01-29,1.1403176603197451e-05
2021-01-30,1.7104764904796177e-05
2021-01-31,0.0
2021-02-01,1.7104764904796177e-05
2021-02-02,5.701588301598726e-06
2021-02-03,1.995555905559554e-05
2021-02-04,2.138095613099522e-05
2021-02-05,1.995555905559554e-05
2021-02-06,2.138095613099522e-05
2021-02-07,4.276191226199044e-06
2021-02-08,0.0
2021-02-09,1.995555905559554e-05
2021-02-10,0.0
2021-02-11,0.0
2021-02-12,2.4231750281794584e-05
2021-02-13,0.032809789881542144
2021-02-14,0.015052193116217069
2021-02-15,7.126985376998407e-06
2021-02-16,2.5657147357194265e-05
2021-02-17,1.995555905559554e-05
2021-02-18,0.0
2021-02-19,0.0
2021-02-20,0.0
2021-02-21,0.0
2021-02-22,2.993333858339331e-05
2021-02-23,0.002263530555734153
2021-02-24,0.14067101197408602
2021-02-25,0.0006471302722312888
2021-02-26,9.97777952779777e-06
2021-02-27,0.00047893341733418193
2021-02-28,0.2523779553760573
2021-03-01,0.005626042256601238
2021-03-02,0.0
2021-03-03,0.0
2021-03-04,0.0
2021-03-05,0.0005388000945009616
2021-03-06,0.0009265080990096264
2021-03-07,1.853016198019586e-05
2021-03-08,0.0
2021-03-09,0.0
2021-03-10,0.0016591621957648406
2021-03-11,0.029378859121055874
2021-03-12,0.0
2021-03-13,3.84857210357914e-05
2021-03-14,0.009312119093583919
2021-03-15,0.006743553563714304
2021-03-16,0.0
2021-03-17,0.0013968891338913547
2021-03-18,0.016986456947534007
2021-03-19,0.02972950680160414
2021-03-20,7.126985376998407e-06
2021-03-21,1.5679367829396496e-05
2021-03-22,0.0
2021-03-23,0.0
2021-03-24,1.995555905559554e-05
2021-03-25,0.0001268603397105439
2021-03-26,0.11127789888227613
2021-03-27,0.01162553854695704
2021-03-28,8.552382452398088e-06
2021-03-29,0.020046784468416436
2021-03-30,1.4253970753996814e-05
2021-03-31,2.2806353206394903e-05
2021-04-01,2.2806353206394903e-05
2021-04-02,0.08503918951832495
2021-04-03,0.004591203979861215
2021-04-04,2.850794150799363e-06
2021-04-05,7.126985376998407e-06
2021-04-06,0.0
2021-04-07,0.0
2021-04-08,0.0
2021-04-09,0.0
2021-04-10,0.0
2021-04-11,0.00035207307762362416
2021-04-12,0.002172305142908601
2021-04-13,0.0
2021-04-14,0.0
2021-04-15,0.010083258911374932
2021-04-16,5.844128009138694e-05
2021-04-17,0.0
2021-04-18,0.0
2021-04-19,0.0
2021-04-20,0.0011688256018274612
2021-04-21,0.026707665001757537
2021-04-22,0.021316813262597212
2021-04-23,4.276191226199044e-05
2021-04-24,0.0004361715050721776
2021-04-25,0.003671822866228719
2021-04-26,0.059310772307366796
2021-04-27,7.126985376998407e-06
2021-04-28,0.0
2021-04-29,0.0019157336693367347
2021-04-30,0.0030204164027712657
2021-05-01,0.0
2021-05-02,0.003338279950585256
2021-05-03,0.04685850345667811
2021-05-04,4.276191226199044e-06
2021-05-05,1.7104764904796177e-05
2021-05-06,0.0005416508886517679
2021-05-07,0.0
2021-05-08,0.0032071434196485407
2021-05-09,0.07018512659558837
2021-05-10,1.1403176603197451e-05
2021-05-11,3.5634926884992035e-05
2021-05-12,1.853016198019586e-05
2021-05-13,1.853016198019586e-05
2021-05-14,0.009226595269059987
2021-05-15,0.055609016102554656
2021-05-16,0.0030489243442792524
2021-05-17,1.853016198019586e-05
2021-05-18,2.5657147357194265e-05
2021-05-19,2.2806353206394903e-05
2021-05-20,0.0009236573048587368
2021-05-21,0.0002152349583853519
2021-05-22,0.001178803381355259
2021-05-23,0.0
2021-05-24,2.4231750281794584e-05
2021-05-25,0.0
2021-05-26,0.019587806610137787
2021-05-27,1.853016198019586e-05
2021-05-28,0.0
2021-05-29,0.0
2021-05-30,0.00018815241395275795
2021-05-31,0.050272329452259505
2021-06-01,0.013068040387261143
2021-06-02,0.04273340432047238
2021-06-03,7.126985376998407e-06
2021-06-04,0.001473860575962882
2021-06-05,0.0
2021-06-06,1.5679367829396496e-05
2021-06-07,6.271747131758598e-05
2021-06-08,0.0
2021-06-09,0.004524210317317513
2021-06-10,0.005539093035001823
2021-06-11,0.0
2021-06-12,0.0014852637525660378
2021-06-13,0.04436833476595543
2021-06-14,0.13704622721134546
2021-06-15,0.0008424096715610521
2021-06-16,0.06626528463824016
2021-06-17,0.010928519377086728
2021-06-18,0.0
2021-06-19,1.4253970753996814e-05
2021-06-20,2.2806353206394903e-05
2021-06-21,0.0004988889763897636
2021-06-22,0.0
2021-06-23,0.007162620303881748
2021-06-24,3.4209529809585415e-05
2021-06-25,0.00010833017773037579
2021-06-26,0.00020525717885750555
2021-06-27,0.016973628373855396
2021-06-28,0.0005445016828025048
2021-06-29,0.06815678655729515
2021-06-30,0.03694201600312483
2021-07-01,0.0290609955732418
2021-07-02,0.015575313842888641
2021-07-03,0.004421581727888799
2021-07-04,2.5657147357194265e-05
2021-07-05,0.019431012931843877
2021-07-06,3.135873565879299e-05
2021-07-07,0.02830553512328017
2021-07-08,0.010351233561550016
2021-07-09,0.008220264933827971
2021-07-10,0.000555904859405737
2021-07-11,0.42960327534875953
2021-07-12,0.23725734320022104
2021-07-13,0.0023134194533731
2021-07-14,0.24353479192027983
2021-07-15,0.12233612939322419
2021-07-16,0.35371798584864916
2021-07-17,0.09774945523966089
2021-07-18,0.008677817395031193
2021-07-19,0.0
2021-07-20,0.006566804326364771
2021-07-21,0.012532091086911015
2021-07-22,0.0022378734083769794
2021-07-23,0.0003435206951711983
2021-07-24,0.007037185361246548
2021-07-25,0.00043332071092135743
2021-07-26,0.003557791100196772
2021-07-27,0.2676867199658462
2021-07-28,0.4205377499492198
2021-07-29,0.324031240959307
2021-07-30,0.0006628096400606853
2021-07-31,0.04366276321363275
2021-08-01,0.057148444943985965
2021-08-02,0.010039071602037618
2021-08-03,4.5612706412789805e-05
2021-08-04,0.0006870413903424868
2021-08-05,0.03749507006837976
2021-08-06,0.002378987718841548
2021-08-07,0.02270657541111154
2021-08-08,0.004646794465801865
2021-08-09,0.013120780079051014
2021-08-10,0.006501236060896413
2021-08-11,0.003177210081065099
2021-08-12,0.0013256192801213429
2021-08-13,0.007447699718961566
2021-08-14,5.986667716678662e-05
2021-08-15,0.0019984066997099023
2021-08-16,0.0021024606862140235
2021-08-17,0.005560473991132797
2021-08-18,0.000803923950525233
2021-08-19,0.29268105768297376
2021-08-20,0.005807067685176907
2021-08-21,0.022435749966785684
2021-08-22,0.003985410222816586
2021-08-23,0.005070137397195487
2021-08-24,0.00044900007875077474
2021-08-25,3.278413273419267e-05
2021-08-26,2.4231750281794584e-05
2021-08-27,2.2806353206394903e-05
2021-08-28,0.04222311216747941
2021-08-29,0.19611468201589433
2021-08-30,0.4063407950782423
2021-08-31,0.05711281001710098
2021-09-01,0.0002166603554607377
2021-09-02,2.993333858339331e-05
2021-09-03,0.020702467123100088
2021-09-04,0.13718734152181
2021-09-05,0.027065439667682746
2021-09-06,0.006030855026014657
2021-09-07,3.4209529809592354e-05
2021-09-08,0.0
2021-09-09,4.276191226199044e-06
2021-09-10,0.00039768578403639315
2021-09-11,0.0
2021-09-12,0.00010975557480577547
2021-09-13,6.556826546838534e-05
2021-09-14,0.0046154357301430166
2021-09-15,2.4231750281794584e-05
2021-09-16,0.002646962369016563
2021-09-17,0.004182115019221638
2021-09-18,0.15692624022194016
2021-09-19,1.2752243665206477
2021-09-20,0.03016567830667631
2021-09-21,7.126985376998407e-06
2021-09-22,4.4187309337383185e-05
2021-09-23,0.12349355181844847
2021-09-24,0.12457257740452578
2021-09-25,0.2429404013398382
2021-09-26,0.2635231351086048
2021-09-27,0.002350479777333485
2021-09-28,0.021037435435818957
2021-09-29,5.701588301598726e-06
2021-09-30,0.0
2021-10-01,0.0014624573993597054
2021-10-02,0.0008623652306166199
2021-10-03,0.7389671804022073
2021-10-04,0.20825478890707055
2021-10-05,0.06938262804213854
2021-10-06,0.12849669555310017
2021-10-07,0.00019527939932971472
2021-10-08,0.00945180800697306
2021-10-09,0.03974862284458613
2021-10-10,0.0
2021-10-11,1.995555905559554e-05
2021-10-12,5.701588301598726e-06
2021-10-13,0.0
2021-10-14,0.08864401872200989
2021-10-15,9.97777952779777e-05
2021-10-16,0.0
2021-10-17,1.995555905559554e-05
2021-10-18,7.126985376998407e-06
2021-10-19,2.4231750281794584e-05
2021-10-20,0.005350940621049134
2021-10-21,0.0018473146097175777
2021-10-22,7.126985376998407e-06
2021-10-23,4.276191226199044e-06
2021-10-24,0.0
2021-10-25,5.131429471438853e-05
2021-10-26,2.4231750281794584e-05
2021-10-27,2.138095613099522e-05
2021-10-28,0.0
2021-10-29,0.012312579937299499
2021-10-30,0.00061434613949711
2021-10-31,0.0002565714735718663
2021-11-01,0.0004718064319571835
2021-11-02,0.018574349289528815
2021-11-03,2.5657147357194265e-05
2021-11-04,2.5657147357194265e-05
2021-11-05,0.036584241337199584
2021-11-06,0.07325543189599854
2021-11-07,0.421581140608412
2021-11-08,1.853016198019586e-05
2021-11-09,1.5679367829396496e-05
2021-11-10,1.4253970753996814e-05
2021-11-11,2.4231750281794584e-05
2021-11-12,1.1403176603197451e-05
2021-11-13,2.5657147357194265e-05
2021-11-14,7.126985376998407e-06
2021-11-15,2.993333858339331e-05
2021-11-16,2.2806353206394903e-05
2021-11-17,2.138095613099522e-05
2021-11-18,1.995555905559554e-05
2021-11-19,0.00018672701687730275
2021-11-20,0.031146351494551083
2021-11-21,9.97777952779777e-05
2021-11-22,4.276191226199044e-05
2021-11-23,8.552382452398088e-06
2021-11-24,2.4231750281794584e-05
2021-11-25,0.0
2021-11-26,0.0
2021-11-27,1.4253970753996814e-05
2021-11-28,0.0
2021-11-29,0.06347863335583444
2021-11-30,7.126985376998407e-06
2021-12-01,4.276191226199044e-06
2021-12-02,4.276191226199044e-06
2021-12-03,2.5657147357194265e-05
2021-12-04,3.135873565879299e-05
2021-12-05,0.0
2021-12-06,2.4231750281794584e-05
2021-12-07,2.4231750281794584e-05
2021-12-08,9.97777952779777e-06
2021-12-09,1.4253970753996814e-05
2021-12-10,0.00953448103734622
2021-12-11,0.0002879302092306524
2021-12-12,0.0
2021-12-13,8.552382452398088e-06
2021-12-14,2.7082544432593947e-05
2021-12-15,2.5657147357194265e-05
2021-12-16,0.0
2021-12-17,0.0
2021-12-18,0.0
2021-12-19,0.0
2021-12-20,1.5679367829396496e-05
2021-12-21,2.4231750281794584e-05
2021-12-22,0.0
2021-12-23,0.012851380031800481
2021-12-24,0.0016662891811417627
2021-12-25,0.0
2021-12-26,9.97777952779777e-06
2021-12-27,0.0
2021-12-28,1.4253970753996814e-06
2021-12-29,4.846350056358917e-05
2021-12-30,1.5679367829396496e-05
2021-12-31,1.988785947523719e-05
2022-01-01,1.0861579960219636e-05
2022-01-02,-1.6653345369377348e-16
2022-01-03,1.9007764930509263e-05
2022-01-04,0.00032041660883138506
2022-01-05,0.0031132003561470667
2022-01-06,4.07309248497828e-06
2022-01-07,-1.6653345369377348e-16
2022-01-08,-1.6653345369377348e-16
2022-01-09,0.003390170645137046
2022-01-10,0.03966105922536961
2022-01-11,1.493467244536445e-05
2022-01-12,0.003551736647047929
2022-01-13,2.1723159920605806e-05
2022-01-14,6.7884874750748225e-06
2022-01-15,-1.6653345369377348e-16
2022-01-16,-1.6653345369377348e-16
2022-01-17,3.665783236613679e-05
2022-01-18,2.1723159920605806e-05
2022-01-19,0.00014934672445525432
2022-01-20,0.00019007764930672327
2022-01-21,0.0081285349028579
2022-01-22,0.04089520624836908
2022-01-23,0.000981615288920247
2022-01-24,4.07309248512816e-05
2022-01-25,2.3080857415654077e-05
2022-01-26,8.146184970123094e-06
2022-01-27,2.1723159920605806e-05
2022-01-28,2.0365462425557534e-05
2022-01-29,1.0861579960219636e-05
2022-01-30,2.0365462425557534e-05
2022-01-31,1.629236994041272e-05
2022-02-01,2.0365462425557534e-05
2022-02-02,-1.6653345369377348e-16
2022-02-03,8.417724469287485e-05
2022-02-04,0.00015477751443550292
2022-02-05,2.3080857415654077e-05
2022-02-06,2.851164739584716e-05
2022-02-07,8.146184970123094e-06
2022-02-08,-1.6653345369377348e-16
2022-02-09,3.665783236613679e-05
2022-02-10,-1.6653345369377348e-16
2022-02-11,-1.6653345369377348e-16
2022-02-12,0.0001289812620295025
2022-02-13,0.0061367926776210655
2022-02-14,7.060026974239214e-05
2022-02-15,3.1227042385943704e-05
2022-02-16,-1.6653345369377348e-16
2022-02-17,-1.6653345369377348e-16
2022-02-18,0.001467670992147771
2022-02-19,6.7884874750748225e-06
2022-02-20,-1.6653345369377348e-16
2022-02-21,-1.6653345369377348e-16
2022-02-22,1.2219277455267907e-05
2022-02-23,2.3080857415654077e-05
2022-02-24,-1.6653345369377348e-16
2022-02-25,1.2219277455267907e-05
2022-02-26,-1.6653345369377348e-16
2022-02-27,1.629236994041272e-05
2022-02-28,6.7884874750748225e-06
2022-03-01,-1.6653345369377348e-16
2022-03-02,9.503882465171365e-06
2022-03-03,2.0365462425557534e-05
2022-03-04,5.430789980026551e-06
2022-03-05,2.1723159920605806e-05
2022-03-06,7.738875721761268e-05
2022-03-07,2.851164739584716e-05
2022-03-08,-1.6653345369377348e-16
2022-03-09,1.9007764930509263e-05
2022-03-10,1.7650067435460992e-05
2022-03-11,0.0007793183621579297
2022-03-12,0.34554080097743106
2022-03-13,0.0005933138053362264
2022-03-14,9.503882465171365e-06
2022-03-15,-1.6653345369377348e-16
2022-03-16,0.02009256522922917
2022-03-17,0.0002457432466037024
2022-03-18,0.006416478361601183
2022-03-19,9.775421964340614e-05
2022-03-20,3.665783236613679e-05
2022-03-21,1.9007764930509263e-05
2022-03-22,-1.6653345369377348e-16
2022-03-23,2.4438554910702348e-05
2022-03-24,0.026006695517662354
2022-03-25,0.09997677044291892
2022-03-26,-1.6653345369377348e-16
2022-03-27,6.7884874750748225e-06
2022-03-28,-1.6653345369377348e-16
2022-03-29,0.028325642839205974
2022-03-30,-1.6653345369377348e-16
2022-03-31,-1.6653345369377348e-16
2022-04-01,0.0079180917911253
2022-04-02,0.001168977543236971
2022-04-03,2.3080857415654077e-05
2022-04-04,2.3080857415654077e-05
2022-04-05,2.1723159920605806e-05
2022-04-06,0.007812191386511437
2022-04-07,-1.6653345369377348e-16
2022-04-08,-1.6653345369377348e-16
2022-04-09,-1.6653345369377348e-16
2022-04-10,-1.6653345369377348e-16
2022-04-11,0.05385171344362115
2022-04-12,0.01724818897710166
2022-04-13,-1.6653345369377348e-16
2022-04-14,1.3576974948817377e-06
2022-04-15,2.4438554910702348e-05
2022-04-16,1.629236994041272e-05
2022-04-17,2.0365462425557534e-05
2022-04-18,0.00471256800531477
2022-04-19,-1.6653345369377348e-16
2022-04-20,1.0861579960219636e-05
2022-04-21,1.7650067435460992e-05
2022-04-22,5.430789980026551e-06
2022-04-23,2.0365462425557534e-05
2022-04-24,-1.6653345369377348e-16
2022-04-25,0.0006136792677619365
2022-04-26,0.008413651376818189
2022-04-27,9.503882465171365e-06
2022-04-28,0.0412943693119135
2022-04-29,4.208862234635763e-05
2022-04-30,4.07309248497828e-06
2022-05-01,-1.6653345369377348e-16
2022-05-02,-1.6653345369377348e-16
2022-05-03,-1.6653345369377348e-16
2022-05-04,1.9007764930509263e-05
2022-05-05,4.07309248497828e-06
2022-05-06,4.07309248497828e-06
2022-05-07,-1.6653345369377348e-16
2022-05-08,0.0006693448650589504
2022-05-09,0.22957442713532072
2022-05-10,-1.6653345369377348e-16
2022-05-11,0.0004100246435046473
2022-05-12,0.042762040304061374
2022-05-13,0.0005580136704649505
2022-05-14,8.146184970123094e-06
2022-05-15,1.3576974948817377e-06
2022-05-16,-1.6653345369377348e-16
2022-05-17,-1.6653345369377348e-16
2022-05-18,1.493467244536445e-05
2022-05-19,-1.6653345369377348e-16
2022-05-20,-1.6653345369377348e-16
2022-05-21,1.0861579960219636e-05
2022-05-22,2.0365462425557534e-05
2022-05-23,2.1723159920605806e-05
2022-05-24,0.0017622913485733568
2022-05-25,1.493467244536445e-05
2022-05-26,-1.6653345369377348e-16
2022-05-27,-1.6653345369377348e-16
2022-05-28,-1.6653345369377348e-16
2022-05-29,0.008789733582946734
2022-05-30,2.715394989930009e-06
2022-05-31,-1.6653345369377348e-16
2022-06-01,-1.6653345369377348e-16
2022-06-02,-1.6653345369377348e-16
2022-06-03,1.3576974950316179e-05
2022-06-04,0.012060426848519622
2022-06-05,0.0005281443255739302
2022-06-06,-1.6653345369377348e-16
2022-06-07,-1.6653345369377348e-16
2022-06-08,0.00012898126202948168
2022-06-09,0.0025619751731572396
2022-06-10,0.020603059487367563
2022-06-11,2.9869344890895433e-05
2022-06-12,2.851164739584716e-05
2022-06-13,0.11132847919902308
2022-06-14,0.006013242205571673
2022-06-15,0.0007250104623560197
2022-06-16,0.07434344173639482
2022-06-17,9.503882465171365e-06
2022-06-18,1.493467244536445e-05
2022-06-19,9.503882465171365e-06
2022-06-20,0.0006992142099500817
2022-06-21,-1.6653345369377348e-16
2022-06-22,0.22070866249265117
2022-06-23,0.0016984795663060534
2022-06-24,2.0365462425557534e-05
2022-06-25,1.3576974950316179e-05
2022-06-26,0.611428205315331
2022-06-27,0.029787883041373718
2022-06-28,0.1013466872154233
2022-06-29,0.03804404150876629
2022-06-30,0.13095535418745063
2022-07-01,0.0035340865796122944
2022-07-02,0.025507062839484368
2022-07-03,0.013294573871519139
2022-07-04,0.0910553402029522
2022-07-05,0.20016262630007545
2022-07-06,0.9644865773228486
2022-07-07,-1.6653345369377348e-16
2022-07-08,9.503882465171365e-06
2022-07-09,0.03525940394642094
2022-07-10,0.12250640267576107
2022-07-11,0.1535352212276096
2022-07-12,0.047397219552158476
2022-07-13,0.006830576097591065
2022-07-14,0.0010780118110687228
2022-07-15,-1.6653345369377348e-16
2022-07-16,0.3322150000635258
2022-07-17,2.0365462425557534e-05
2022-07-18,0.00022130469169281963
2022-07-19,0.007685925519471906
2022-07-20,0.03360165530496615
2022-07-21,1.2219277455267907e-05
2022-07-22,0.5401260059678457
2022-07-23,0.004665048592988087
2022-07-24,1.493467244536445e-05
2022-07-25,0.0008254800769895848
2022-07-26,0.21870877408244405
2022-07-27,0.012352331809955104
2022-07-28,0.10458615343861005
2022-07-29,0.016849025913557254
2022-07-30,0.025637401799009092
2022-07-31,0.0033209280728895424
2022-08-01,0.0020134653851574813
2022-08-02,0.007846133823887755
2022-08-03,0.005618152234512397
2022-08-04,0.0018315339208208603
2022-08-05,0.00023488166664331622
2022-08-06,0.0026475101153452807
2022-08-07,0.007087180924155327
2022-08-08,0.26547737969439494
2022-08-09,0.05863759711366867
2022-08-10,0.05963278937753958
2022-08-11,0.01756045940096293
2022-08-12,0.012551913341727346
2022-08-13,0.18775462889282316
2022-08-14,0.002597275308028467
2022-08-15,-1.6653345369377348e-16
2022-08-16,0.0022334123793553567
2022-08-17,8.281954719781964e-05
2022-08-18,0.006136792677621038
2022-08-19,0.261895773702456
2022-08-20,2.3080857415654077e-05
2022-08-21,0.01030899707990647
2022-08-22,0.2833949135365558
2022-08-23,1.3576974950316179e-05
2022-08-24,0.012110661655836415
2022-08-25,0.0030656809438203217
2022-08-26,0.00014255823698000603
2022-08-27,0.01231431628009376
2022-08-28,0.11878766923682199
2022-08-29,0.007964253505956961
2022-08-30,0.0011716929382271299
2022-08-31,0.0004616171483164955
2022-09-01,1.9007764930509263e-05
2022-09-02,1.3576974950316179e-05
2022-09-03,-1.6653345369377348e-16
2022-09-04,6.7884874750748225e-06
2022-09-05,0.000488771098217454
2022-09-06,1.3576974950316179e-05
2022-09-07,-1.6653345369377348e-16
2022-09-08,1.7650067435460992e-05
2022-09-09,4.616171483147469e-05
2022-09-10,3.3942437376047185e-05
2022-09-11,0.003695652581523101
2022-09-12,-1.6653345369377348e-16
2022-09-13,4.7519412326536836e-05
2022-09-14,0.0348032175880845
2022-09-15,0.010363304979708415
2022-09-16,2.0365462425557534e-05
2022-09-17,1.629236994041272e-05
2022-09-18,1.3576974950316179e-05
2022-09-19,3.1227042385943704e-05
2022-09-20,-1.6653345369377348e-16
2022-09-21,-1.6653345369377348e-16
2022-09-22,1.2219277455267907e-05
2022-09-23,9.503882465171365e-06
2022-09-24,2.1723159920605806e-05
2022-09-25,-1.6653345369377348e-16
2022-09-26,4.07309248497828e-06
2022-09-27,1.3576974948817377e-06
2022-09-28,-1.6653345369377348e-16
2022-09-29,-1.6653345369377348e-16
2022-09-30,0.009677667744708712
2022-10-01,0.9800824484484756
2022-10-02,0.03914784957224113
2022-10-03,0.22421152202987737
2022-10-04,2.3080857415654077e-05
2022-10-05,8.146184970123094e-06
2022-10-06,8.146184970123094e-06
2022-10-07,-1.6653345369377348e-16
2022-10-08,0.005443009257651066
2022-10-09,1.0861579960219636e-05
2022-10-10,1.2219277455267907e-05
2022-10-11,-1.6653345369377348e-16
2022-10-12,5.430789980026551e-06
2022-10-13,2.4438554910702348e-05
2022-10-14,1.3576974948817377e-06
2022-10-15,-1.6653345369377348e-16
2022-10-16,9.503882465326102e-05
2022-10-17,2.3080857415654077e-05
2022-10-18,1.0861579960219636e-05
2022-10-19,2.0365462425557534e-05
2022-10-20,1.7650067435460992e-05
2022-10-21,-1.6653345369377348e-16
2022-10-22,-1.6653345369377348e-16
2022-10-23,-1.6653345369377348e-16
2022-10-24,-1.6653345369377348e-16
2022-10-25,0.002661087090295805
2022-10-26,-1.6653345369377348e-16
2022-10-27,0.0002145162042176199
2022-10-28,1.493467244536445e-05
2022-10-29,0.0009612498264944883
2022-10-30,0.03674744040099458
2022-10-31,0.0003910168785739923
2022-11-01,1.0861579960219636e-05
2022-11-02,0.0006449063101480884
2022-11-03,0.0015002557320289989
2022-11-04,2.0365462425557534e-05
2022-11-05,1.9007764930509263e-05
2022-11-06,0.0008349839594549227
2022-11-07,-1.6653345369377348e-16
2022-11-08,0.0008173338920193229
2022-11-09,0.01609414610631004
2022-11-10,0.004404370673938673
2022-11-11,0.015579578755686461
2022-11-12,0.006762691222838679
2022-11-13,-1.6653345369377348e-16
2022-11-14,9.503882465171365e-06
2022-11-15,-1.6653345369377348e-16
2022-11-16,2.851164739584716e-05
2022-11-17,-1.6653345369377348e-16
2022-11-18,0.009818868284193802
2022-11-19,2.579625240575062e-05
2022-11-20,0.0017147719362466673
2022-11-21,0.017367666356665958
2022-11-22,0.010902310885242877
2022-11-23,2.1723159920605806e-05
2022-11-24,-1.6653345369377348e-16
2022-11-25,2.4438554910702348e-05
2022-11-26,0.005967080490739955
2022-11-27,0.03154881669245216
2022-11-28,0.006242693082234921
2022-11-29,0.0006028176878015504
2022-11-30,-1.6653345369377348e-16
2022-12-01,1.7650067435460992e-05
2022-12-02,1.3576974950316179e-05
2022-12-03,-1.6653345369377348e-16
2022-12-04,-1.6653345369377348e-16
2022-12-05,1.7650067435460992e-05
2022-12-06,1.0861579960219636e-05
2022-12-07,-1.6653345369377348e-16
2022-12-08,1.9007764930509263e-05
2022-12-09,5.430789980026551e-06
2022-12-10,2.4438554910702348e-05
2022-12-11,2.4438554910702348e-05
2022-12-12,2.0365462425557534e-05
2022-12-13,-1.6653345369377348e-16
2022-12-14,1.493467244536445e-05
2022-12-15,2.4438554910730104e-05
2022-12-16,3.530013487108852e-05
2022-12-17,1.0861579960219636e-05
2022-12-18,3.1227042385943704e-05
2022-12-19,-1.6653345369377348e-16
2022-12-20,1.629236994041272e-05
2022-12-21,0.0007901799421183575
2022-12-22,1.3576974950316179e-05
2022-12-23,6.7884874750748225e-06
2022-12-24,2.3080857415654077e-05
2022-12-25,3.1227042385943704e-05
2022-12-26,1.493467244536445e-05
2022-12-27,5.430789980026551e-06
2022-12-28,-1.6653345369377348e-16
2022-12-29,-1.6653345369377348e-16
2022-12-30,-1.6653345369377348e-16
2022-12-31,9.996999375195409e-06
2023-01-01,3.7016288101376915e-06
2023-01-02,4.935505080183589e-06
2023-01-03,1.6657329645588387e-05
2023-01-04,2.2826710995807464e-05
2023-01-05,1.357263897049793e-05
2023-01-06,1.0487948295390126e-05
2023-01-07,2.3443649130830413e-05
2023-01-08,0.0
2023-01-09,1.4189577105493123e-05
2023-01-10,8.020195755298332e-06
2023-01-11,3.7016288101376915e-06
2023-01-12,0.016741850170102383
2023-01-13,0.01092227274243623
2023-01-14,0.006589516220174049
2023-01-15,1.8508144050646824e-05
2023-01-16,2.2209772860787985e-05
2023-01-17,7.403257620275383e-06
2023-01-18,4.935505080183589e-06
2023-01-19,2.406058726585683e-05
2023-01-20,1.5423453375559837e-05
2023-01-21,7.403257620275383e-06
2023-01-22,6.7863194852454956e-06
2023-01-23,0.003395627495163176
2023-01-24,6.169381350229486e-06
2023-01-25,4.31856694516064e-06
2023-01-26,4.935505080183589e-06
2023-01-27,3.7016288101376915e-06
2023-01-28,2.035895845570526e-05
2023-01-29,9.254072025344229e-06
2023-01-30,1.2338762700452033e-05
2023-01-31,2.406058726586377e-05
2023-02-01,1.9742020320685782e-05
2023-02-02,2.5911401670918738e-05
2023-02-03,0.0
2023-02-04,0.0
2023-02-05,1.604039151056197e-05
2023-02-06,5.552443215206537e-06
2023-02-07,2.7145277940964635e-05
2023-02-08,0.0002837915421102892
2023-02-09,0.012509654563848824
2023-02-10,5.922606096214755e-05
2023-02-11,0.004730064681216603
2023-02-12,0.0747001032647801
2023-02-13,0.0
2023-02-14,4.31856694516064e-06
2023-02-15,2.4677525400890188e-05
2023-02-16,0.0
2023-02-17,0.00017644430661637248
2023-02-18,0.0007773420501281797
2023-02-19,1.480651524052995e-05
2023-02-20,6.169381350229486e-07
2023-02-21,1.9125082185676712e-05
2023-02-22,1.7891205915634284e-05
2023-02-23,1.3572638970484052e-05
2023-02-24,5.552443215199945e-05
2023-02-25,2.5911401670918738e-05
2023-02-26,1.1104886430413075e-05
2023-02-27,8.63713389032128e-06
2023-02-28,3.0846906751105796e-05
2023-03-01,8.63713389032128e-06
2023-03-02,0.0
2023-03-03,6.169381350229486e-06
2023-03-04,4.31856694516064e-06
2023-03-05,8.020195755298332e-06
2023-03-06,2.7145277940975043e-05
2023-03-07,4.935505080183589e-06
2023-03-08,2.2209772860791455e-05
2023-03-09,0.0
2023-03-10,5.984299909716356e-05
2023-03-11,0.01260096140783213
2023-03-12,8.020195755298332e-06
2023-03-13,1.0487948295390126e-05
2023-03-14,9.254072025344229e-06
2023-03-15,1.3572638970473644e-05
2023-03-16,0.015937362842033197
2023-03-17,2.0975896590759435e-05
2023-03-18,0.0
2023-03-19,1.418957710551047e-05
2023-03-20,2.5911401670922207e-05
2023-03-21,2.4677525400917943e-06
2023-03-22,5.860912282710032e-05
2023-03-23,4.935505080183589e-06
2023-03-24,1.6040391510568908e-05
2023-03-25,1.1104886430413075e-05
2023-03-26,9.254072025344229e-06
2023-03-27,0.0
2023-03-28,0.0
2023-03-29,8.020195755298332e-06
2023-03-30,0.0
2023-03-31,0.0
2023-04-01,3.084690675114743e-06
2023-04-02,2.2209772860798394e-05
2023-04-03,0.12284657226006189
2023-04-04,0.1163057941525546
2023-04-05,0.0013048241555723358
2023-04-06,0.040957905846000967
2023-04-07,1.0487948295390126e-05
2023-04-08,1.4806515240536888e-05
2023-04-09,1.1721824565411737e-05
2023-04-10,6.7863194852524344e-06
2023-04-11,0.0009093668110229727
2023-04-12,0.003010041160774187
2023-04-13,8.020195755298332e-06
2023-04-14,4.31856694516064e-06
2023-04-15,0.02904544739685376
2023-04-16,4.935505080183589e-06
2023-04-17,1.4189577105517409e-05
2023-04-18,2.7762216075984114e-05
2023-04-19,3.5782411831285915e-05
2023-04-20,0.02805032618506266
2023-04-21,0.02508100294119993
2023-04-22,0.10421442364425092
2023-04-23,0.13685291873947505
2023-04-24,0.004052049670826972
2023-04-25,0.0002788560370300848
2023-04-26,0.0
2023-04-27,8.328664822801826e-05
2023-04-28,0.009244201015175358
2023-04-29,3.1463844886121806e-05
2023-04-30,1.3572638970487522e-05
2023-05-01,3.825016437139506e-05
2023-05-02,1.0487948295390126e-05
2023-05-03,0.025999006886113236
2023-05-04,0.07753431705707295
2023-05-05,0.002092037215860862
2023-05-06,3.7016288101376915e-06
2023-05-07,1.8508144050688458e-06
2023-05-08,4.31856694516064e-06
2023-05-09,7.403257620275383e-06
2023-05-10,2.4677525400917943e-06
2023-05-11,1.1104886430413075e-05
2023-05-12,0.00027577134635499434
2023-05-13,1.912508218569753e-05
2023-05-14,0.0
2023-05-15,1.3572638970487522e-05
2023-05-16,9.25407202533382e-06
2023-05-17,0.01749513163296471
2023-05-18,0.00042321956062535415
2023-05-19,0.00019618632693711377
2023-05-20,0.0321616019168518
2023-05-21,0.007396471300783303
2023-05-22,1.2338762700458972e-06
2023-05-23,7.403257620275383e-06
2023-05-24,0.0001702749252661638
2023-05-25,6.169381350229486e-07
2023-05-26,0.012523227202819322
2023-05-27,0.10156714210686986
2023-05-28,0.019641459404707573
2023-05-29,0.022886553994925306
2023-05-30,6.231075163723454e-05
2023-05-31,0.0006422325985582927
2023-06-01,1.1104886430413075e-05
2023-06-02,1.97420203207066e-05
2023-06-03,3.084690675114743e-06
2023-06-04,1.4806515240533419e-05
2023-06-05,2.4677525400917943e-06
2023-06-06,1.8508144050688458e-06
2023-06-07,0.005812791108180868
2023-06-08,9.871010160367177e-06
2023-06-09,0.0028033668855417006
2023-06-10,2.961303048104602e-05
2023-06-11,0.03161437779108696
2023-06-12,0.003964444455653814
2023-06-13,0.0006150873206172726
2023-06-14,2.2209772860794924e-05
2023-06-15,1.2338762700438155e-05
2023-06-16,0.0007033094739254883
2023-06-17,0.0011141902718503974
2023-06-18,0.009787723512130073
2023-06-19,0.014426481349363387
2023-06-20,1.4189577105507e-05
2023-06-21,7.403257620275383e-06
2023-06-22,2.529446353589579e-05
2023-06-23,4.4419545721600256e-05
2023-06-24,2.961303048104602e-05
2023-06-25,0.03857467383040949
2023-06-26,0.024074776842978436
2023-06-27,0.0007378580094867318
2023-06-28,0.3757689978463781
2023-06-29,1.3572638970473644e-05
2023-06-30,2.3443649130833882e-05
2023-07-01,1.048794829536931e-05
2023-07-02,0.00022148079047300262
2023-07-03,0.07602960494575338
2023-07-04,0.009481105259023938
2023-07-05,9.871010160367177e-06
2023-07-06,8.63713389032128e-06
2023-07-07,0.0018588346008224267
2023-07-08,4.071791691147991e-05
2023-07-09,0.0010494117676730329
2023-07-10,0.03143546573193047
2023-07-11,0.06436700644129023
2023-07-12,0.6332703382708302
2023-07-13,0.010941397824621925
2023-07-14,6.7863194852524344e-06
2023-07-15,0.0
2023-07-16,0.0
2023-07-17,6.7863194852524344e-06
2023-07-18,2.159283472574422e-05
2023-07-19,0.00013696026597494193
2023-07-20,0.005672129213395754
2023-07-21,0.06015208510281732
2023-07-22,0.014676958232182465
2023-07-23,0.002485026807870133
2023-07-24,3.3314659291173304e-05
2023-07-25,0.009712457059657318
2023-07-26,0.04360457044524697
2023-07-27,0.00017397655407627027
2023-07-28,0.17974615951504125
2023-07-29,0.2535072829383173
2023-07-30,0.46516888605433654
2023-07-31,0.07218361261202381
2023-08-01,0.006509314262621118
2023-08-02,0.008741396435132134
2023-08-03,6.72462567174216e-05
2023-08-04,0.0006033654960518574
2023-08-05,0.1512232587185514
2023-08-06,0.0007835114314784092
2023-08-07,4.935505080183589e-06
2023-08-08,8.63713389032128e-06
2023-08-09,1.8508144050646824e-05
2023-08-10,0.0
2023-08-11,0.005030513552972505
2023-08-12,0.1069758387366111
2023-08-13,0.0003979250970893959
2023-08-14,0.0
2023-08-15,0.0
2023-08-16,0.0
2023-08-17,0.0028490203075333606
2023-08-18,0.008036236146801521
2023-08-19,0.04151808567260126
2023-08-20,0.24291075353117286
2023-08-21,0.04080182049784026
2023-08-22,0.0005509257545749623
2023-08-23,1.7274267780614805e-05
2023-08-24,0.016786269715823993
2023-08-25,0.00042938894197556976
2023-08-26,0.24217351245982113
2023-08-27,0.25296931288457775
2023-08-28,0.011848296883104858
2023-08-29,3.2080783021137815e-05
2023-08-30,1.1104886430413075e-05
2023-08-31,0.0021413922666626735
2023-09-01,0.004931186513233883
2023-09-02,0.0016540111399949604
2023-09-03,0.00017212573967121877
2023-09-04,0.00045159871483634387
2023-09-05,1.3572638970504869e-05
2023-09-06,3.639934996628458e-05
2023-09-07,4.380260758655649e-05
2023-09-08,0.000710095793410765
2023-09-09,0.026281564551953483
2023-09-10,0.0036664633364379903
2023-09-11,0.017306348563647853
2023-09-12,0.02367068236453876
2023-09-13,4.31856694516064e-06
2023-09-14,1.912508218568018e-05
2023-09-15,9.871010160367177e-06
2023-09-16,0.0
2023-09-17,9.871010160367177e-06
2023-09-18,0.09982552575170167
2023-09-19,0.452753623025146
2023-09-20,0.0
2023-09-21,4.935505080183589e-06
2023-09-22,3.7016288101324873e-05
2023-09-23,0.011583013485045236
2023-09-24,0.046043943831125436
2023-09-25,0.042018422500104416
2023-09-26,0.0019871577329070474
2023-09-27,0.010623057746950375
2023-09-28,3.2080783021144754e-05
2023-09-29,0.0003886710250641037
2023-09-30,8.637133890314341e-06
2023-10-01,4.31856694516064e-06
2023-10-02,7.403257620275383e-06
2023-10-03,2.5911401670922207e-05
2023-10-04,0.0
2023-10-05,9.25407202533382e-06
2023-10-06,3.2697721156153825e-05
2023-10-07,1.295570083548192e-05
2023-10-08,0.0007717896069129766
2023-10-09,6.169381350229486e-06
2023-10-10,1.7274267780621744e-05
2023-10-11,0.0
2023-10-12,1.2955700835464573e-05
2023-10-13,0.0008118905856894475
2023-10-14,1.2955700835474981e-05
2023-10-15,1.9125082185659364e-05
2023-10-16,5.552443215206537e-06
2023-10-17,0.0008452052449806555
2023-10-18,0.0007212006798411261
2023-10-19,8.637133890307402e-06
2023-10-20,2.406058726585336e-05
2023-10-21,1.2338762700434686e-05
2023-10-22,0.0
2023-10-23,1.5423453375563306e-05
2023-10-24,2.4677525400917943e-06
2023-10-25,3.084690675114743e-06
2023-10-26,1.2955700835457634e-05
2023-10-27,8.637133890307402e-06
2023-10-28,0.0
2023-10-29,1.480651524052648e-05
2023-10-30,1.912508218568018e-05
2023-10-31,1.2955700835464573e-05
2023-11-01,9.254072025344229e-06
2023-11-02,1.7891205915644692e-05
2023-11-03,0.0
2023-11-04,0.07683656002636265
2023-11-05,0.4021591435100956
2023-11-06,4.31856694516064e-06
2023-11-07,0.006010828249523068
2023-11-08,3.269772115617464e-05
2023-11-09,5.552443215206537e-06
2023-11-10,0.011793389389087854
2023-11-11,4.256873131653141e-05
2023-11-12,0.0
2023-11-13,1.6040391510582785e-05
2023-11-14,0.0
2023-11-15,0.0001918677599919566
2023-11-16,1.6040391510572377e-05
2023-11-17,2.6528339805941686e-05
2023-11-18,8.63713389032128e-06
2023-11-19,2.0975896590755966e-05
2023-11-20,2.4677525400917943e-06
2023-11-21,2.6528339805965973e-05
2023-11-22,1.480651524052995e-05
2023-11-23,4.935505080183589e-06
2023-11-24,1.0487948295390126e-05
2023-11-25,0.006197143566299825
2023-11-26,7.403257620268444e-06
2023-11-27,4.441954572158985e-05
2023-11-28,1.1104886430413075e-05
2023-11-29,4.935505080183589e-06
2023-11-30,6.169381350229486e-07
2023-12-01,5.552443215206537e-06
2023-12-02,0.0
2023-12-03,0.0
2023-12-04,0.0
2023-12-05,6.169381350229486e-06
2023-12-06,0.0
2023-12-07,0.0
2023-12-08,2.5911401670929146e-05
2023-12-09,0.0
2023-12-10,0.016310610413721734
2023-12-11,0.017073762886744424
2023-12-12,0.0012449811564751445
2023-12-13,0.0609343626580257
2023-12-14,0.17719943889366885
2023-12-15,0.006880711019904621
2023-12-16,7.403257620275383e-06
2023-12-17,2.2209772860787985e-05
2023-12-18,9.254072025330351e-06
2023-12-19,0.0
2023-12-20,1.0487948295390126e-05
2023-12-21,0.0
2023-12-22,1.1104886430413075e-05
2023-12-23,2.3443649130830413e-05
2023-12-24,1.8508144050646824e-05
2023-12-25,3.7016288101376915e-06
2023-12-26,3.51654736962595e-05
2023-12-27,3.7016288101376915e-06
2023-12-28,0.0
2023-12-29,0.0002745374700849554
2023-12-30,1.4806515240550766e-05
2023-12-31,8.020195755298332e-06
