time_val,wind_speed,wind_direction
2019-01-01,22.92407329870881,182.09854795852385
2019-01-02,99.39323339704325,180.19637986694724
2019-01-03,72.10934120815627,180.151916285936
2019-01-04,141.15494040006868,177.66256227599402
2019-01-05,75.94230078182585,177.9831926880748
2019-01-06,50.38662785973179,180.61877597029556
2019-01-07,93.62112164562095,177.79337810328892
2019-01-08,142.9368788654004,177.84301199115862
2019-01-09,141.81967377386917,180.5649242800682
2019-01-10,133.98437264754276,180.50752574884584
2019-01-11,96.43538791344795,180.4427090885756
2019-01-12,117.341177553338,180.5696909075146
2019-01-13,37.945638009126476,178.76203965792706
2019-01-14,77.76257190776649,182.94957015363352
2019-01-15,92.99319339351338,177.02184539184464
2019-01-16,157.5458485259436,180.62436969756314
2019-01-17,153.13878574532663,180.30608948778902
2019-01-18,55.527244981621784,179.96422221433795
2019-01-19,128.33773718299418,177.2810689375024
2019-01-20,86.16324882815023,181.6559494711572
2019-01-21,149.52810407938242,180.85735532400474
2019-01-22,107.35249188433862,180.71724694562263
2019-01-23,44.14506674900671,179.01257579002916
2019-01-24,71.26322996412998,178.20586613365822
2019-01-25,134.06545305495038,177.41987296403173
2019-01-26,124.20083855600392,180.40998090034648
2019-01-27,59.729910244375446,180.44500081787683
2019-01-28,73.85830496285746,179.52636608736762
2019-01-29,184.98279985375953,180.25994118302896
2019-01-30,171.38125204493798,177.60880408342643
2019-01-31,97.46309457044565,181.04947400664767
2019-02-01,202.23471160595028,180.2920059255636
2019-02-02,46.29682291284912,180.7917514396968
2019-02-03,82.18842460954541,180.8328317053141
2019-02-04,241.4982717312743,180.30311818248063
2019-02-05,5.874832335200218,179.906782976659
2019-02-06,200.326349983222,177.60887336235703
2019-02-07,154.99639593209534,177.71102047903406
2019-02-08,38.571845332042805,183.1402094890091
2019-02-09,110.58905540708479,177.77526296693318
2019-02-10,128.42442120876848,180.4814130937441
2019-02-11,122.13612622254465,180.11558683203222
2019-02-12,70.77508908213498,177.75433608138187
2019-02-13,177.04249002690622,178.0926977436818
2019-02-14,52.718797046439235,180.8049061285689
2019-02-15,112.61842434643833,176.9380074334319
2019-02-16,94.10711345406915,176.95446617243311
2019-02-17,30.787242872070404,180.18828715647172
2019-02-18,60.16938553189099,180.40833208331728
2019-02-19,64.29779483031334,180.83229917604228
2019-02-20,35.53838883954223,177.85875201428212
2019-02-21,26.737332423725025,178.3666886748114
2019-02-22,37.08577050973603,177.45982626771266
2019-02-23,25.923105969862636,180.09214124816236
2019-02-24,89.51650045992757,180.47812976451718
2019-02-25,53.047760368548545,179.03237290147334
2019-02-26,100.0417715798186,180.3889491560474
2019-02-27,98.82431556946526,180.61077310706654
2019-02-28,127.59733677903878,180.4147754484936
2019-03-01,33.79930736114506,180.18514136503737
2019-03-02,101.01732137187264,180.65567566075165
2019-03-03,129.52746321527002,180.45783096018513
2019-03-04,151.23048716793195,180.19386641619545
2019-03-05,62.03085868030319,183.12217894462336
2019-03-06,147.85426410659144,177.45190651624102
2019-03-07,106.68597329067265,180.52066057855865
2019-03-08,153.13139517285788,180.15521549771216
2019-03-09,35.208003304760254,179.76763626823768
2019-03-10,65.19364345755599,181.26243755823432
2019-03-11,59.29530187696696,182.29838482821881
2019-03-12,59.232482489434744,181.38216040822306
2019-03-13,130.81952775609358,180.7959688282028
2019-03-14,53.0532308642167,181.7330176306912
2019-03-15,93.10705260166259,179.96400601353793
2019-03-16,67.35989584222956,178.3745243801511
2019-03-17,172.4104466266155,179.96382589291275
2019-03-18,191.1578721465716,180.34851112821113
2019-03-19,123.78313072751652,179.94827570997
2019-03-20,80.47757206011471,182.74830203869917
2019-03-21,81.82219298823769,177.46165202789058
2019-03-22,87.4628561879524,180.86510021588992
2019-03-23,36.51007542841338,180.45552448776488
2019-03-24,183.14290170126324,180.48692121525215
2019-03-25,120.45234096217627,180.3676618648635
2019-03-26,154.51964273577613,180.493198888149
2019-03-27,146.669720058212,178.11824224341174
2019-03-28,97.63743228475298,178.033422449474
2019-03-29,74.19390288222361,182.40217786882621
2019-03-30,86.23114252288346,182.58095565930435
2019-03-31,105.43139777247194,180.56365225592168
2019-04-01,75.87687677520853,178.92425787367895
2019-04-02,97.3243280085325,178.14220355607156
2019-04-03,168.65988174860934,180.29301557175788
2019-04-04,158.6843039997184,180.4025019744992
2019-04-05,81.86810488121772,180.08700270663408
2019-04-06,117.43167915502873,177.55883268269386
2019-04-07,43.10040113496801,178.44859614753275
2019-04-08,172.19149440132063,177.87818457671372
2019-04-09,169.7549252952764,177.234392034642
2019-04-10,36.75970186670062,180.71491951639382
2019-04-11,27.213816445883943,180.58752312884246
2019-04-12,152.45101765483395,180.33298509423264
2019-04-13,88.7695139941837,182.11120678247892
2019-04-14,87.77679680937983,180.67014495800257
2019-04-15,187.15924042869116,180.30766508412066
2019-04-16,116.2188946973787,180.1716773065652
2019-04-17,144.53625169185773,180.14765086482794
2019-04-18,212.85551119232565,178.01368282584573
2019-04-19,45.82069668658016,177.84878935200902
2019-04-20,50.24318265952123,177.81398651050716
2019-04-21,56.97381011460311,178.30251392014898
2019-04-22,82.6109221172321,180.0501843063032
2019-04-23,33.481428573779056,179.76541433045756
2019-04-24,120.87699304380833,177.76229242556758
2019-04-25,105.79647724591015,177.64658326227857
2019-04-26,62.31339774214555,178.6701836073819
2019-04-27,62.30085078608246,177.73393962947208
2019-04-28,43.13191394848324,180.04367353876046
2019-04-29,98.49957688905205,180.4483890981514
2019-04-30,81.85588682420384,182.37991315324538
2019-05-01,49.19093440258357,181.01951740685678
2019-05-02,123.32637716671815,180.49808783912448
2019-05-03,147.0933632898322,180.19308055143918
2019-05-04,115.86921698319958,180.1323040371448
2019-05-05,192.23283267270995,177.95852845844004
2019-05-06,29.318724290821233,180.98753520340347
2019-05-07,138.038665482949,180.4945451806836
2019-05-08,149.5502638059697,180.52814866097938
2019-05-09,96.3069350821025,180.43420280011702
2019-05-10,89.77841457282751,179.82849000980397
2019-05-11,56.80085731016007,180.0129346491226
2019-05-12,49.119832870412914,182.40648359302696
2019-05-13,74.00052721910858,180.20603377017198
2019-05-14,113.45170946225022,180.20849648558578
2019-05-15,111.39747599546679,180.29663783565485
2019-05-16,86.77587315789417,180.0833425639172
2019-05-17,66.26293303307584,179.36274344526345
2019-05-18,69.59200773160744,180.23819477417646
2019-05-19,147.3682059949694,182.29340501052212
2019-05-20,95.55564315778932,181.15736806975687
2019-05-21,69.04637967704168,180.67898951540002
2019-05-22,83.0370906809269,180.52737543107605
2019-05-23,114.88876630837746,180.496962471595
2019-05-24,98.35605764469072,180.04062202157849
2019-05-25,89.6507489878839,179.97933919116798
2019-05-26,36.110879555663615,176.90544662309583
2019-05-27,32.0395983547851,182.5728776521202
2019-05-28,156.45950170292636,180.71355079643027
2019-05-29,131.84141950764223,180.42934266058225
2019-05-30,65.82879606338881,180.560286955271
2019-05-31,35.55785242157538,179.98520290798706
2019-06-01,101.18507956869793,180.122536175969
2019-06-02,114.06457893881559,180.22378473014956
2019-06-03,13.153975231520485,179.47723906041972
2019-06-04,24.086938746615406,179.27945110812104
2019-06-05,114.9967082110729,177.9462076390008
2019-06-06,66.99484757457786,178.458071025407
2019-06-07,87.67319872255742,180.2576822430602
2019-06-08,55.884767884330685,180.5096449888216
2019-06-09,68.64242002658796,177.59791800458964
2019-06-10,22.753838172055094,180.28295119011523
2019-06-11,69.31236569555583,180.13375554706323
2019-06-12,96.82882771152141,180.3404032556219
2019-06-13,77.80921558357097,180.22926859644633
2019-06-14,20.58371164710203,180.37894924223693
2019-06-15,56.989213677431515,178.81270623759622
2019-06-16,44.14401083842656,177.64793128097452
2019-06-17,46.247297944246235,180.32378579041531
2019-06-18,72.42662654360599,180.49391284159037
2019-06-19,62.353453512101034,180.2251168118141
2019-06-20,53.91113633074657,180.70763857718404
2019-06-21,90.43539796174332,178.1654210082495
2019-06-22,60.593265591416234,178.33396068250423
2019-06-23,47.8372147601519,179.44678915509243
2019-06-24,104.90764510257391,180.13782831119062
2019-06-25,97.44045147987373,179.76195963240346
2019-06-26,36.14125644933556,179.9809324933818
2019-06-27,61.920762064610386,180.4777518935314
2019-06-28,46.63087769600767,180.5903116461846
2019-06-29,18.39210359255529,181.4726312829137
2019-06-30,32.22056489659153,177.31288264145604
2019-07-01,33.52005419820911,178.82866655764263
2019-07-02,45.92767267407867,180.32727726930636
2019-07-03,21.486090195245527,179.07650718169506
2019-07-04,106.9858416084298,180.30354215100385
2019-07-05,67.86875307558034,180.2080077153554
2019-07-06,32.734034221744395,176.97023800115358
2019-07-07,82.65405011439215,177.70834715106068
2019-07-08,42.573707954997055,178.26410153274327
2019-07-09,16.641383666123726,178.6850789986989
2019-07-10,20.17054242022904,178.34817908492496
2019-07-11,31.18157005950014,180.7271361605937
2019-07-12,51.93437552301765,180.3785730375602
2019-07-13,46.245239653026466,180.13372976641742
2019-07-14,41.164687179567885,179.36247417162204
2019-07-15,43.457877121547305,178.94187464816585
2019-07-16,23.652290807244754,179.72866159266547
2019-07-17,38.11353827343953,179.29074811367428
2019-07-18,45.75429754498735,178.16792040872937
2019-07-19,34.54537671291202,178.78352480029568
2019-07-20,13.970829686107297,182.10919278967376
2019-07-21,27.84623995220776,179.49255421093238
2019-07-22,67.89361116954373,179.84998544704126
2019-07-23,40.16987530751872,180.4213349059107
2019-07-24,35.403565534536874,179.7347358160987
2019-07-25,38.28848508937284,179.86505562073552
2019-07-26,48.28425869967673,179.43551079655404
2019-07-27,54.07814891337425,179.7387776418213
2019-07-28,58.3966917736835,180.0020704412434
2019-07-29,49.3458771247697,180.581784701643
2019-07-30,64.90147128893618,180.4265566147897
2019-07-31,75.7522188814522,180.13575994360826
2019-08-01,53.1351338388916,180.05890887641408
2019-08-02,29.241574231290468,178.30996224998478
2019-08-03,35.64323068034521,178.38176170858534
2019-08-04,46.04953893476415,179.45661199865236
2019-08-05,31.98577142966826,179.46098506059823
2019-08-06,19.519391399228404,179.62195793132278
2019-08-07,16.01928235023684,179.06666959437814
2019-08-08,31.159692959279823,178.65967092861578
2019-08-09,23.755990359308633,179.77529033075717
2019-08-10,67.07116089508327,177.45174908493505
2019-08-11,171.6581329849113,183.05025134017887
2019-08-12,118.31793487417713,182.59066960773697
2019-08-13,41.63876448184481,182.77814457645226
2019-08-14,14.611255382336848,177.20796939772706
2019-08-15,37.43354129620069,180.16677703523197
2019-08-16,18.955788121050375,182.37981578532055
2019-08-17,31.720963262743734,180.9450082498944
2019-08-18,50.23430672595566,179.69081293900447
2019-08-19,88.84880131384499,179.95624968182184
2019-08-20,32.45036304408683,179.67615651120917
2019-08-21,31.98669565461564,177.76643439369138
2019-08-22,25.584786594776457,182.29118151016772
2019-08-23,22.719388203555557,178.23616200998222
2019-08-24,59.0319351140753,178.18271813017137
2019-08-25,18.955219066872647,178.00309237730326
2019-08-26,13.446920920934978,178.6857142707381
2019-08-27,56.632945044199005,180.84104433185297
2019-08-28,45.81123353504918,182.3264876101357
2019-08-29,24.664270911749473,181.62654673145346
2019-08-30,24.271380206794856,178.13893850563542
2019-08-31,53.933192706589416,179.0171917904756
2019-09-01,80.4702889623056,180.00313512349607
2019-09-02,35.890780494986025,179.8006109823053
2019-09-03,48.94505457784809,179.37483374745807
2019-09-04,35.46940953062508,179.69291900386844
2019-09-05,49.52353531223475,179.9740663398986
2019-09-06,42.84384007892194,177.97791299823686
2019-09-07,33.32882024198669,180.64622516552944
2019-09-08,58.01894104466638,179.93341283196494
2019-09-09,82.74117179120043,178.40135834971082
2019-09-10,157.42267125109944,177.8194714065485
2019-09-11,118.10456588172805,177.98092228680727
2019-09-12,23.065596339260534,178.8132731032614
2019-09-13,58.13412608764286,183.0427252842528
2019-09-14,28.627356884586977,182.66161723985695
2019-09-15,113.68535148781514,180.72973705797762
2019-09-16,66.23296870006516,178.1525108627504
2019-09-17,52.123324091478814,181.12542829951724
2019-09-18,150.82836418691505,178.24645765172193
2019-09-19,75.42870404285496,180.3185828409049
2019-09-20,13.14560407726336,178.67780260438053
2019-09-21,131.73036859193402,177.77478728972142
2019-09-22,91.18358884427239,177.836332910422
2019-09-23,80.90960598024839,180.80973041311807
2019-09-24,26.311552519873022,179.22544558954294
2019-09-25,98.28999234176824,178.62081641096057
2019-09-26,62.5844368036678,179.52329350679526
2019-09-27,106.29237384573881,180.45376723921754
2019-09-28,137.88314817781526,180.32551200880778
2019-09-29,135.8142308889125,180.09111533291806
2019-09-30,122.35381520279552,179.92228783295408
2019-10-01,56.58744911478601,179.36370563329154
2019-10-02,37.305410828973045,179.3534347854676
2019-10-03,57.45878017996212,179.0641893676186
2019-10-04,224.31047979711252,177.67617377336538
2019-10-05,117.80103214801467,177.85938924850245
2019-10-06,38.95057790547643,181.39801780600155
2019-10-07,106.46039231025513,180.81562591676231
2019-10-08,69.88050115701036,178.67517047656332
2019-10-09,105.09390451921583,180.260584576031
2019-10-10,64.34034830905426,177.8027361336422
2019-10-11,128.1742370157891,177.92398051262225
2019-10-12,142.38974162636126,178.1176813611241
2019-10-13,165.15085721324175,177.712242883921
2019-10-14,149.38116835302108,177.8085029540877
2019-10-15,36.064634252496845,178.65849605796495
2019-10-16,45.50435889156012,180.53653116908663
2019-10-17,60.18169136119518,179.91759645704064
2019-10-18,73.3544812788372,180.24625078178917
2019-10-19,171.8241715635019,180.13776165995958
2019-10-20,32.36637270108798,178.0734348748664
2019-10-21,95.32241223844186,178.3606112260632
2019-10-22,109.97672780211376,180.50526661318384
2019-10-23,75.50622600518564,180.23572668766556
2019-10-24,67.84461658734402,182.99476101287345
2019-10-25,92.27439187004333,177.26501630769522
2019-10-26,162.04086903858814,180.316254839434
2019-10-27,171.39428544924064,180.3120540331169
2019-10-28,35.521059617510396,183.1214149024321
2019-10-29,157.33079816815905,180.2300762523101
2019-10-30,156.08572306884744,180.3844269053918
2019-10-31,16.918840162997764,178.27844092694392
2019-11-01,69.21918724646889,179.2559192800501
2019-11-02,42.2862886051488,178.6660245516666
2019-11-03,164.8675873100279,177.81912713958985
2019-11-04,11.265620549233937,179.7894446157399
2019-11-05,51.61238991001101,178.67870837924244
2019-11-06,26.68697186774653,179.93352583657196
2019-11-07,100.21272465465519,178.29923320496565
2019-11-08,125.44737324572979,180.39298633141956
2019-11-09,161.501539208069,180.53938980064132
2019-11-10,97.23309990790091,181.62871832999588
2019-11-11,80.34314979313382,179.23299370503344
2019-11-12,101.2287985684217,180.94116676945075
2019-11-13,24.662120889381217,181.70646440179826
2019-11-14,161.42954253263997,180.30780973988314
2019-11-15,62.28457899538669,177.98179409735948
2019-11-16,74.677045251789,177.3068335089298
2019-11-17,180.16063344409923,182.64169208747128
2019-11-18,82.22426348606947,180.74556088042024
2019-11-19,116.3031492125456,179.91983793014248
2019-11-20,202.68875968138008,180.09737306871367
2019-11-21,142.9754842117255,180.00592206815384
2019-11-22,112.9513878320403,180.00224859098375
2019-11-23,79.45861015176263,176.9187647263009
2019-11-24,264.69765194440174,177.18235969141537
2019-11-25,39.111137513311455,179.96354695266697
2019-11-26,27.695351997443368,178.2271357880552
2019-11-27,202.86921830746124,178.0270201555719
2019-11-28,77.70272383392363,178.6297100806934
2019-11-29,43.32359440095797,179.958483009331
2019-11-30,60.98796206410495,177.34472215755812
2019-12-01,77.03193841867275,182.96709613550283
2019-12-02,125.24697478574863,180.7859403135705
2019-12-03,120.2198150884527,180.8471648149732
2019-12-04,6.750211613414452,177.37874127124277
2019-12-05,153.1709939486128,178.25062902112984
2019-12-06,174.99942105793042,180.51943185890107
2019-12-07,127.42534185731846,180.31989797702943
2019-12-08,137.33916127665998,180.45226131879465
2019-12-09,71.6363085197151,180.06884938937333
2019-12-10,32.938757478851066,177.48509627808517
2019-12-11,101.36910377785526,178.02719117402262
2019-12-12,191.13821513371533,180.17966496876298
2019-12-13,107.8806870539348,177.51926685443289
2019-12-14,71.07623837842428,179.08619385363923
2019-12-15,87.48306776599063,178.13838781449556
2019-12-16,73.53588679965502,182.7329667010156
2019-12-17,192.22259154812002,177.45801177529958
2019-12-18,50.75482969126597,180.39289703619676
2019-12-19,89.14807697877708,177.97018015707602
2019-12-20,172.56999978949213,180.3445971700502
2019-12-21,98.62439749655448,180.28355960995836
2019-12-22,57.50564374228296,177.97498937105573
2019-12-23,144.88526901719544,178.41803975062615
2019-12-24,107.37518001874173,180.21052006152055
2019-12-25,127.96796864560478,177.4031594812247
2019-12-26,95.71096643173001,180.9105103498133
2019-12-27,204.02897293971728,180.19321459272658
2019-12-28,207.65062308127045,180.1450114690782
2019-12-29,60.12347448681144,177.39404060412636
2019-12-30,194.77060839298133,177.3119988854067
2019-12-31,184.0637325162072,180.35579986400964
2020-01-01,62.70093213637652,180.35390706896146
2020-01-02,12.15683027943016,177.3783094217409
2020-01-03,48.40193875421251,180.6760961862973
2020-01-04,71.58144143175642,178.55356483971107
2020-01-05,93.74010768309088,177.77368199697665
2020-01-06,153.52785410170955,177.23362455292892
2020-01-07,167.73529148949711,176.86301399900347
2020-01-08,39.64491347074717,177.3809230754012
2020-01-09,38.117575104808154,179.89680938741424
2020-01-10,56.394204969263406,177.02109021054213
2020-01-11,55.16446678444761,177.5024346853104
2020-01-12,17.42492650850178,177.5780267120054
2020-01-13,76.42047323962299,177.10211698884524
2020-01-14,22.874057828369843,177.70286188329698
2020-01-15,41.42660371437849,177.69069620435533
2020-01-16,26.270865459959186,182.20688033233495
2020-01-17,79.27105907722088,180.95610687927416
2020-01-18,107.9191243680159,180.73541369068676
2020-01-19,66.98862782288701,180.7791433805323
2020-01-20,90.4584355537915,178.84229469279225
2020-01-21,156.22482197908593,180.07297308382772
2020-01-22,55.47966583209394,180.59853187412924
2020-01-23,107.43731647429011,177.97139749270093
2020-01-24,123.90696045983024,178.2964188112498
2020-01-25,92.97844284351777,178.1110621655369
2020-01-26,142.4971330887533,177.69887330272232
2020-01-27,57.59046844507206,177.6271239839748
2020-01-28,63.37699742744859,177.55443773777475
2020-01-29,74.31482208526627,177.14535187888157
2020-01-30,46.45043454989929,180.03105124701017
2020-01-31,78.9448592264922,180.26169482650403
2020-02-01,110.89998256912705,178.52731408702255
2020-02-02,85.43407919710033,177.64100589239587
2020-02-03,180.44134834655722,180.1454243807098
2020-02-04,168.23922091482964,178.13939438885149
2020-02-05,144.16757507911746,178.4093524539939
2020-02-06,57.994579814825386,180.4256835366153
2020-02-07,109.85723606442879,180.77384212233486
2020-02-08,93.82064215424862,180.80658629717567
2020-02-09,172.1723575260926,180.50807102951984
2020-02-10,170.67357064370685,180.12306218013637
2020-02-11,145.87617263021818,180.13472089590618
2020-02-12,160.15284555021964,180.1568446984022
2020-02-13,132.50170666571665,179.9253645943763
2020-02-14,173.35103887792707,177.03478600037087
2020-02-15,169.22893537603292,182.86413895224823
2020-02-16,144.2207284058429,182.7428332353413
2020-02-17,124.13376610863175,181.21510875064635
2020-02-18,243.38036913015628,180.25727433273588
2020-02-19,165.0980400525947,180.1697400566973
2020-02-20,119.69817671957877,180.5262814198302
2020-02-21,138.85750664043033,182.3192762265095
2020-02-22,101.90546708182909,180.1904429234832
2020-02-23,232.81040987992375,180.13082087939176
2020-02-24,57.578320306008216,177.47102188266103
2020-02-25,119.58848771471101,177.71494785921809
2020-02-26,189.79471545119762,178.25707890329863
2020-02-27,36.42029168284963,178.67911035015365
2020-02-28,86.47173313003336,180.3249481617668
2020-02-29,14.910146363462614,180.1165262107083
2020-03-01,50.23288146717126,177.38046216568574
2020-03-02,210.35864120871545,180.35676044356524
2020-03-03,109.19892527064754,177.10897180537836
2020-03-04,70.65575065915812,178.3511485386681
2020-03-05,218.0380360778246,180.1090112041401
2020-03-06,128.41299576371026,180.21612876931337
2020-03-07,62.2144921526502,178.8337174472105
2020-03-08,27.01683188308922,180.29985036984692
2020-03-09,113.14025527912452,177.1814581334236
2020-03-10,56.05055474077127,180.71123870200768
2020-03-11,207.11091451198175,180.25969653443173
2020-03-12,132.0002379695201,177.9326419623101
2020-03-13,47.75730396115966,180.7340522109375
2020-03-14,121.56286538729564,181.5399005618475
2020-03-15,70.37163781138395,178.64733698904968
2020-03-16,185.01817584777316,180.39829122587253
2020-03-17,99.19198442929587,180.2608720779909
2020-03-18,45.548098128869924,181.64923986032707
2020-03-19,99.42099480977603,180.54590206028874
2020-03-20,133.8279640808283,180.2890625001371
2020-03-21,95.02806222564543,177.63110229902685
2020-03-22,68.14102685388586,180.43136687348564
2020-03-23,141.2292844399443,180.17665674335677
2020-03-24,145.1761437879242,180.00555619630524
2020-03-25,76.07774984669403,180.0444432604001
2020-03-26,241.57101914452804,177.2267501790743
2020-03-27,115.57118930085613,177.19310696477882
2020-03-28,58.02849471997232,178.89968331726683
2020-03-29,132.15955533981736,180.5704186822943
2020-03-30,143.63385329514776,180.4421317497022
2020-03-31,52.79257729506769,179.8476079680643
2020-04-01,91.00168417088675,177.9495457059997
2020-04-02,87.45863501722536,180.77366466678419
2020-04-03,119.29228052996238,180.88202067495203
2020-04-04,170.33002858447043,178.39233340183318
2020-04-05,180.18277858156094,180.28997669975064
2020-04-06,180.17991194688324,180.4019177120175
2020-04-07,83.67946734697745,178.37060302400877
2020-04-08,96.05560970238574,177.83492686351448
2020-04-09,150.80697870209556,177.94425547296274
2020-04-10,59.836104334031916,182.74870973261665
2020-04-11,118.65504807350086,181.84077652402397
2020-04-12,38.88307189166264,178.09878377616786
2020-04-13,134.30889687442544,180.31830024643202
2020-04-14,144.68028066616264,180.08772759498243
2020-04-15,116.55782129075298,179.88412705925165
2020-04-16,65.7089075461272,182.13638526517886
2020-04-17,72.99105276029181,177.32004151005813
2020-04-18,24.896840077664507,177.43711901047502
2020-04-19,51.575858236150765,181.41657233139819
2020-04-20,104.54629160552541,177.6112872895943
2020-04-21,91.81338382415468,177.5682156886256
2020-04-22,94.47868995065242,182.53159909835327
2020-04-23,102.54467521051086,181.40149385896626
2020-04-24,163.8249134391916,180.8554770174702
2020-04-25,102.26134161863182,178.41530347966022
2020-04-26,65.39128000663185,178.9925213967132
2020-04-27,164.37169655704128,180.6588566778897
2020-04-28,219.94235918488206,180.29535485195441
2020-04-29,156.22849967099935,180.11403180507634
2020-04-30,122.26107723517224,180.16538028492485
2020-05-01,113.97829854558024,180.15591250251393
2020-05-02,48.941447056793365,179.50755881762592
2020-05-03,124.4236304147661,178.04666372319468
2020-05-04,125.51850680421171,177.79223510937632
2020-05-05,33.62109100069086,178.89331078562964
2020-05-06,66.49834514065867,179.61981409368596
2020-05-07,55.484346867704375,178.015392961843
2020-05-08,123.46849959994464,177.1427522983321
2020-05-09,56.62839261902333,181.22396996764334
2020-05-10,3.0998206212468684,177.58917882223744
2020-05-11,68.87902865245741,180.54956297292603
2020-05-12,79.36814373162255,179.71932160331372
2020-05-13,146.14901082152522,180.17602667690298
2020-05-14,55.34662254298953,179.8834120956153
2020-05-15,45.682949880565275,179.32128830905486
2020-05-16,49.254253081478645,180.42344009398943
2020-05-17,45.62203177654582,177.5485730563197
2020-05-18,70.8125857384779,182.15852751590515
2020-05-19,41.42922714560327,179.4024376739968
2020-05-20,129.02282615267995,180.1279022628674
2020-05-21,80.04948057222583,180.10719477843847
2020-05-22,40.70237747197876,179.79407027269718
2020-05-23,31.526605726507036,183.10202078434352
2020-05-24,29.277285794431403,181.01286346840658
2020-05-25,7.659332328126848,177.7322023984531
2020-05-26,23.404351685246098,180.37151023375904
2020-05-27,25.255085103744534,180.72125252741674
2020-05-28,118.8716991216039,180.09587699556445
2020-05-29,132.60611199119407,180.16719253029552
2020-05-30,129.80520226709803,179.82441896221277
2020-05-31,15.3600916569044,180.51819044894464
2020-06-01,95.77420621789567,180.07807049328454
2020-06-02,63.56215599141443,180.58033494429802
2020-06-03,85.27244749749715,180.44052411104224
2020-06-04,42.14221420543089,177.85769590076333
2020-06-05,42.544541679606006,177.46151968053724
2020-06-06,42.30987624935216,180.47201011845078
2020-06-07,112.08047006377818,180.30514596400516
2020-06-08,112.39709192006876,179.87864833062372
2020-06-09,44.02367607550115,179.92539475209048
2020-06-10,19.492621133911516,178.17961131291017
2020-06-11,56.23958514604083,179.71635153623004
2020-06-12,37.40834105630234,180.51623996668383
2020-06-13,36.18730306435585,180.75725382212212
2020-06-14,41.67133610861075,177.70877164735452
2020-06-15,19.198003149465418,181.3094408997247
2020-06-16,40.595005166463665,180.8808372582071
2020-06-17,29.657376301141472,177.92170046128786
2020-06-18,32.81572410611665,180.1947512184585
2020-06-19,80.20913562401306,180.24540169187367
2020-06-20,93.15812176484708,180.18364539459594
2020-06-21,76.87126029723476,179.98548329622514
2020-06-22,49.218767548189504,180.01543064018153
2020-06-23,67.72816515298449,177.92156002962
2020-06-24,51.96658805719317,177.91725810908764
2020-06-25,51.69809432392661,179.55285841797428
2020-06-26,28.203302089332308,180.0612948598653
2020-06-27,36.075828094367026,178.34039381321563
2020-06-28,16.581844692316345,177.55126637362682
2020-06-29,32.395100214143305,177.0409390123706
2020-06-30,6.612564795519054,178.23080381458362
2020-07-01,62.263731628025916,180.26209771368983
2020-07-02,59.959495921999114,178.99924327015623
2020-07-03,43.28335639487325,179.84432345685758
2020-07-04,81.10803517093515,180.29773752237298
2020-07-05,59.457836235670165,180.32811586950194
2020-07-06,27.28794908000666,178.04561415104195
2020-07-07,65.19106266787317,178.15984246169808
2020-07-08,30.391541352723554,178.55297267656803
2020-07-09,27.772594343430473,179.4715697590407
2020-07-10,3.402105656702285,178.82018056281362
2020-07-11,46.33531904599693,177.99062606882015
2020-07-12,88.63673993264237,177.495161664174
2020-07-13,32.06777820805644,177.99840568456457
2020-07-14,53.87030637494841,180.58848423178407
2020-07-15,55.078384229614116,180.4724476151834
2020-07-16,70.91559120176082,180.2406466880978
2020-07-17,52.679845124732175,180.19777534622563
2020-07-18,59.20785460106099,177.56877878306216
2020-07-19,23.716199765277633,182.7125063045237
2020-07-20,95.1218296529144,180.21886738537663
2020-07-21,84.61134534164177,179.98826912864348
2020-07-22,62.57692094463588,177.89959669011154
2020-07-23,66.47513127104344,177.5756349332518
2020-07-24,55.89781663375149,181.1766931322355
2020-07-25,40.87244290322722,181.17577642804218
2020-07-26,41.453588684819,178.79019466182012
2020-07-27,21.514985941221255,179.9924618389198
2020-07-28,66.05805066047351,180.30066694581512
2020-07-29,76.49247152213376,180.3406292430432
2020-07-30,90.35712206734392,180.05026288691553
2020-07-31,91.28675114168398,180.06042013657282
2020-08-01,70.32310828035777,180.33729290500392
2020-08-02,79.21423880299814,180.3503097314971
2020-08-03,67.857268998795,180.36058299654619
2020-08-04,26.917530616431645,180.315778502853
2020-08-05,44.87195809182693,177.2592724045916
2020-08-06,22.98957435412899,178.35304214983213
2020-08-07,67.02301613114739,177.83901196908596
2020-08-08,31.060605662463626,178.0784346184829
2020-08-09,19.945097516389698,179.0039328531317
2020-08-10,36.894333620183346,180.0228679386923
2020-08-11,45.82375130511849,179.63591303238644
2020-08-12,62.77512950367035,179.75894810374237
2020-08-13,65.89801969485823,180.43482869097286
2020-08-14,71.22198801904808,180.1768144031632
2020-08-15,37.861040408204026,181.34243404847524
2020-08-16,36.24799707518515,177.07198129206958
2020-08-17,73.41537977527369,180.09229031211046
2020-08-18,57.60567133986968,180.55009387210183
2020-08-19,117.23767477206248,176.99713958933435
2020-08-20,139.30218225302795,177.64390165424535
2020-08-21,102.68317855467119,178.05138664034325
2020-08-22,26.731690880571854,179.35133120174646
2020-08-23,85.5716783693688,180.15094905649065
2020-08-24,11.896122094277805,181.867708728446
2020-08-25,41.11554302367399,178.06894970108837
2020-08-26,39.838875583157474,177.65214538655118
2020-08-27,20.781096129407786,179.75092198890064
2020-08-28,37.64052395689753,180.37138804966824
2020-08-29,46.358556262064425,178.47728341037256
2020-08-30,51.6901082336899,178.04709879217341
2020-08-31,65.68224286236813,182.81997286502423
2020-09-01,30.681974454960237,182.66124359233984
2020-09-02,76.99508917034221,182.82383560108588
2020-09-03,62.837722514353175,181.52733214349857
2020-09-04,77.98123642564738,180.110431121157
2020-09-05,96.76765616519522,180.46973867071466
2020-09-06,32.92125419544417,180.6345451145024
2020-09-07,32.08946029665209,182.80294302374864
2020-09-08,36.34307757405497,182.16183730511452
2020-09-09,31.764113465372954,181.21490375075055
2020-09-10,85.60621140825924,177.16764666491898
2020-09-11,95.18897486050314,177.1616630999163
2020-09-12,104.83024688951316,177.49685352675337
2020-09-13,60.096970147803496,178.65956855212676
2020-09-14,65.44400326728194,179.9389386384035
2020-09-15,83.26340024985832,180.32135896840282
2020-09-16,54.699680638359325,182.48721153877287
2020-09-17,71.73679282314559,181.51058018230233
2020-09-18,49.96068132868192,179.73538652708072
2020-09-19,130.0038170436817,180.59932153030894
2020-09-20,39.85247514456887,180.09722211836575
2020-09-21,19.678511465980897,180.61396587102507
2020-09-22,39.82066169643113,179.74068693206158
2020-09-23,19.322193658514113,181.9517811571355
2020-09-24,34.623257407708195,177.13958664589535
2020-09-25,84.37230376500705,177.90843421832093
2020-09-26,81.07374233184915,178.79765932140617
2020-09-27,63.48844971780793,180.1385559537665
2020-09-28,64.08924767359417,180.5584998532961
2020-09-29,98.93845410764555,177.63265320108135
2020-09-30,46.71633942353149,179.16393898092082
2020-10-01,49.18233095294178,180.92215780035343
2020-10-02,51.68867941669807,177.6268977666301
2020-10-03,34.45573116075884,180.78353676161723
2020-10-04,149.44343981940804,183.0398844881462
2020-10-05,64.6266282002909,181.1527892963855
2020-10-06,112.4958203236683,180.43545431730072
2020-10-07,79.69805314842912,180.0834940736955
2020-10-08,18.760402436167105,179.47808214247456
2020-10-09,50.782925972154835,180.44102540678827
2020-10-10,67.97197316836413,180.11399869514983
2020-10-11,73.43170200101551,177.15373137912178
2020-10-12,18.73055896575618,179.4490803609566
2020-10-13,88.22963039862425,180.8659020623758
2020-10-14,48.12638591009971,179.64714913861837
2020-10-15,138.5961842627302,180.48247558967097
2020-10-16,49.19562549272071,182.36952358555845
2020-10-17,168.82647413516415,180.5225877390874
2020-10-18,139.264025901083,180.37446098402066
2020-10-19,142.735955584467,180.31140022139516
2020-10-20,207.93802774890497,180.36623538944679
2020-10-21,48.35555677411889,177.20464877061985
2020-10-22,77.32145919746863,176.98819039893675
2020-10-23,28.29187458126145,183.08170188258754
2020-10-24,146.21974326135103,180.2249210202872
2020-10-25,142.55294237407864,180.19787182715217
2020-10-26,8.183523689855983,180.79363816471852
2020-10-27,148.02055439179995,177.57931217324142
2020-10-28,52.7345490050477,178.34731024296605
2020-10-29,39.551469396330724,178.4097797402345
2020-10-30,112.20752547952456,180.0996156212463
2020-10-31,90.42688319988,180.6664184964956
2020-11-01,9.516026432706758,180.7902312009883
2020-11-02,84.56222932909199,177.25103198824397
2020-11-03,97.55420843349756,180.26242952569586
2020-11-04,234.0639987727885,180.25290695412397
2020-11-05,176.81136638398263,180.19122326819814
2020-11-06,106.82211740363718,181.30056824345232
2020-11-07,91.08235274511115,176.99397992309716
2020-11-08,9.363425600618164,177.0190390551757
2020-11-09,64.80187280217233,180.27583931767774
2020-11-10,157.7173355852596,180.0652187295948
2020-11-11,251.2380103676702,180.13996553473098
2020-11-12,25.274648570921727,178.99255989288315
2020-11-13,115.12747582790257,178.61140002055052
2020-11-14,142.3526233223244,180.08658045528
2020-11-15,57.343828424929846,179.71071942665955
2020-11-16,84.21675842987806,179.44050793069025
2020-11-17,86.15466705828376,178.0462886517144
2020-11-18,47.00765599363053,182.08366785968838
2020-11-19,96.1469486831563,177.7457250624272
2020-11-20,104.151630757246,178.06430493655097
2020-11-21,128.24667789524335,177.05642131309742
2020-11-22,104.44322629749665,177.22936692631532
2020-11-23,60.25007246888115,180.9706546929552
2020-11-24,96.2050379125849,180.65409346294982
2020-11-25,84.46619656087444,177.761771977197
2020-11-26,80.00786041334052,178.05530613860304
2020-11-27,136.54791618218556,177.26880758415697
2020-11-28,34.30513819110478,179.06284209676645
2020-11-29,19.883502566219608,177.04932814415199
2020-11-30,89.6298594616144,178.37480572649923
2020-12-01,22.571502148355435,180.37575881183557
2020-12-02,101.0155992317728,176.93039931579395
2020-12-03,70.76623560346499,182.65487826166054
2020-12-04,67.98558084991683,181.10025717634232
2020-12-05,166.5159914137646,180.35999781286415
2020-12-06,56.04591561997906,177.29997348251487
2020-12-07,85.65916402952192,177.59331012034227
2020-12-08,123.48386674841964,180.1372566544179
2020-12-09,148.09892705482702,180.437867806284
2020-12-10,70.54359301801583,180.72867683785137
2020-12-11,101.81267167785428,180.69038897902988
2020-12-12,66.97419918710055,181.798806345955
2020-12-13,169.0897844099426,177.08470454640704
2020-12-14,74.60937162191527,180.8085479509205
2020-12-15,22.507436401689418,181.62404188007196
2020-12-16,57.29960443698311,180.81402768656068
2020-12-17,81.3137511478252,181.033589891777
2020-12-18,114.52750113981479,177.54398391158145
2020-12-19,107.37365682221305,180.6602240785101
2020-12-20,55.11010551752859,181.20524304706592
2020-12-21,171.99974290076838,180.40695062751
2020-12-22,198.03841176727192,180.3082433994238
2020-12-23,25.344907561739102,182.28716914538236
2020-12-24,41.97285721093095,180.3234039694778
2020-12-25,149.41773169557862,180.21018568947258
2020-12-26,103.60692287447611,180.36704843150886
2020-12-27,36.97776092149327,178.66247838294476
2020-12-28,212.67751896102467,177.4468295193943
2020-12-29,197.63568261844094,176.97614554188053
2020-12-30,161.36588048943182,182.073775610116
2020-12-31,168.00593566195784,180.6986686113667
2021-01-01,91.79933574782626,180.31428007117105
2021-01-02,83.43292912546036,178.34551898238732
2021-01-03,44.32177920499429,178.83672257798878
2021-01-04,162.68031165075504,177.7091054540243
2021-01-05,23.04604085350638,179.8608740956665
2021-01-06,215.51105797274468,176.88259217264044
2021-01-07,161.55674586344827,181.5338502243048
2021-01-08,116.97068503002926,181.75882409119134
2021-01-09,91.02461159590231,181.6108942097521
2021-01-10,14.012012937147395,181.98868650724495
2021-01-11,133.83658353853937,181.08616521737017
2021-01-12,141.07593060176498,180.50241550455405
2021-01-13,75.65624776861712,178.96399442003909
2021-01-14,18.112701947709994,182.05421665622654
2021-01-15,140.3226565719731,177.9401904112662
2021-01-16,55.938442710524285,181.945274926515
2021-01-17,174.15698309092556,180.8740689514543
2021-01-18,118.12524405087957,178.86562884529963
2021-01-19,53.19370761026467,179.85319675975362
2021-01-20,25.449958455121074,178.85587097263056
2021-01-21,53.31802830787365,177.41458028192443
2021-01-22,148.63012006407638,178.01733185661516
2021-01-23,58.85107850041912,178.4293054439658
2021-01-24,48.795939073290455,177.81497079277446
2021-01-25,62.39067295161735,177.09383380705853
2021-01-26,59.140800583195876,180.19605775791095
2021-01-27,116.13567745457246,180.717371952269
2021-01-28,39.41041825030886,180.66579444681153
2021-01-29,150.45170883738615,180.56266665517984
2021-01-30,98.25507647478987,180.28274368067065
2021-01-31,121.0776732013987,180.77249744360068
2021-02-01,172.00534832595739,177.91875232528616
2021-02-02,116.23166607788266,180.16719406724485
2021-02-03,28.646112005009794,178.690601558669
2021-02-04,249.24713574105598,180.41718258921986
2021-02-05,156.70850859101162,180.65015814981987
2021-02-06,53.197930532836615,178.02258600222126
2021-02-07,166.17284235880348,177.99090162857453
2021-02-08,155.82609334959304,180.28463539737015
2021-02-09,192.85031742745235,180.29045491392432
2021-02-10,109.03470965146208,180.27483516889814
2021-02-11,213.60890658463742,180.18321410184603
2021-02-12,176.89160517342665,180.2239769449474
2021-02-13,116.24177267859041,180.12437396269695
2021-02-14,99.12848144235492,177.27339572588983
2021-02-15,79.66977823427513,180.62489473050798
2021-02-16,163.76606733812199,177.72984239696524
2021-02-17,34.33593916224923,177.66629563914302
2021-02-18,213.29914137495427,180.37049524942898
2021-02-19,142.5144540961148,180.80051328721683
2021-02-20,131.60765862305487,180.46558607207106
2021-02-21,32.127950320164715,178.2062780914088
2021-02-22,178.6130148689068,178.2633979586708
2021-02-23,109.89187267043462,178.57042183033195
2021-02-24,55.77568731481728,177.96921696117724
2021-02-25,142.13872243501817,177.96583338254715
2021-02-26,77.05880101709423,178.35132015855726
2021-02-27,106.67851886046374,179.88891294115874
2021-02-28,167.15488539513385,177.67723026489162
2021-03-01,82.57290011908347,177.53941426931507
2021-03-02,211.03658327537946,180.2694561531219
2021-03-03,226.9715285747395,180.15905020916694
2021-03-04,174.9916574782349,180.1572141740911
2021-03-05,172.41771830737912,177.97312466223798
2021-03-06,146.9961926129457,177.7524055623225
2021-03-07,35.8873615232794,180.26907467930576
2021-03-08,123.27347359140359,180.35100048405988
2021-03-09,146.20679059104424,180.50903449307987
2021-03-10,121.42480685606225,180.19081335609283
2021-03-11,75.18171868896306,180.0721985978561
2021-03-12,100.57417868916923,180.47095916207311
2021-03-13,95.58144965702303,180.47376058367115
2021-03-14,135.27149487219933,180.10596907138827
2021-03-15,137.16551075194917,177.31994164407746
2021-03-16,54.029360292501764,178.67038140846554
2021-03-17,55.460474556788526,178.411391331017
2021-03-18,128.01793005314687,177.84254231495328
2021-03-19,59.372915457494535,176.9440134917997
2021-03-20,139.00772353797905,182.72362587623465
2021-03-21,144.85545836647074,181.7600372365395
2021-03-22,187.4206179715285,180.65474273864234
2021-03-23,183.55860415507556,180.303707797785
2021-03-24,61.799106668733415,178.50334896872138
2021-03-25,137.14324135999294,180.14174636487044
2021-03-26,32.07519771446806,179.75937339594313
2021-03-27,58.22730382632182,180.4614871323085
2021-03-28,55.48788947535907,177.8019456128199
2021-03-29,46.90284243295771,178.2761690876592
2021-03-30,50.4916603833368,179.82739895539038
2021-03-31,46.251707868206665,178.53968564816475
2021-04-01,81.02633658476243,178.32851129774596
2021-04-02,153.3718023076049,177.26812621279177
2021-04-03,128.88923027540105,177.4687233691982
2021-04-04,26.088620945321015,181.0124115109447
2021-04-05,127.02618248363049,180.50298608853004
2021-04-06,25.446984310144337,181.2712931002224
2021-04-07,129.57511174830006,178.31091085280067
2021-04-08,96.03988750835116,180.42465559888475
2021-04-09,154.57088665225714,180.39518694392441
2021-04-10,168.70738907363707,179.96279024244075
2021-04-11,102.17584681212173,180.02606990661016
2021-04-12,103.36657097469921,177.16952148687412
2021-04-13,25.32913402915741,181.98587978511517
2021-04-14,158.91741008908883,180.4248896592495
2021-04-15,81.98756191284743,180.83439532052788
2021-04-16,38.15053710580692,182.04388625156582
2021-04-17,89.24632801097499,181.0041330675504
2021-04-18,187.81553874817862,180.42688608163758
2021-04-19,143.5349760946286,180.2769745989084
2021-04-20,64.13670043692986,179.34068308153437
2021-04-21,54.68233395905047,178.68601992154728
2021-04-22,81.34420739176873,177.03723314551047
2021-04-23,164.13098054806545,177.23117655534998
2021-04-24,219.57877877919452,177.7490511934101
2021-04-25,99.51399299022064,177.83444899946917
2021-04-26,70.14553877673357,180.30983995840288
2021-04-27,17.502221909381525,182.4327550441479
2021-04-28,88.30330018058747,180.78217062217686
2021-04-29,26.45112189586661,182.839054898062
2021-04-30,19.936224767447744,177.66186225232093
2021-05-01,61.07561016865228,177.66519739942873
2021-05-02,83.39792069022484,179.97054209527965
2021-05-03,23.000531833722928,179.801602220231
2021-05-04,36.01255152042786,182.47341233867954
2021-05-05,174.6697386821841,180.4220622769988
2021-05-06,79.9057346146403,181.0561399011418
2021-05-07,93.6390138901293,180.93053821290292
2021-05-08,63.586476722429985,178.3050229263
2021-05-09,55.27198425590342,178.64002618435848
2021-05-10,137.79433721568148,177.83361692968856
2021-05-11,53.307048622610274,178.4015052773183
2021-05-12,36.9019435389986,179.403290349296
2021-05-13,45.68098133729385,179.79550576214254
2021-05-14,25.328719717980213,179.11181854482876
2021-05-15,153.6266340353322,177.41505106779002
2021-05-16,81.46378816584729,182.11015191485043
2021-05-17,122.26916429005112,180.71226760715484
2021-05-18,134.41111485485516,180.36586300888732
2021-05-19,97.24109086942578,180.223806590294
2021-05-20,90.61933171663505,180.17306830719718
2021-05-21,90.44008555569786,180.1084218055905
2021-05-22,73.7076687562543,180.29636387652016
2021-05-23,40.41934967131227,180.08833510158402
2021-05-24,34.35853897176283,180.97147206268087
2021-05-25,155.62636041747584,180.48507026977902
2021-05-26,82.2847733652559,180.67556781354463
2021-05-27,67.28506924426271,180.9770200390544
2021-05-28,39.32103347745772,180.83837538170002
2021-05-29,61.11718236009419,177.82647698597293
2021-05-30,51.397031718087035,177.81866506729423
2021-05-31,10.960920976255746,177.65882319370374
2021-06-01,44.51777721025645,179.16152971789512
2021-06-02,32.45491697165661,180.30796879050158
2021-06-03,33.20313203869304,181.75382521176832
2021-06-04,41.82141785498865,180.22272126363242
2021-06-05,33.62247051664083,179.08614185659894
2021-06-06,63.56758117767557,179.75196816915397
2021-06-07,16.135714811801634,182.48359439760802
2021-06-08,18.148226417211276,178.73542072573844
2021-06-09,35.65464584436506,183.04172593017165
2021-06-10,21.251832102868306,182.42273553586836
2021-06-11,62.079071644350954,179.4748833984447
2021-06-12,88.58611134049657,180.06151930052408
2021-06-13,67.12983360461652,179.97731631433427
2021-06-14,21.740464772295102,178.5982309940796
2021-06-15,75.4640283035128,177.83393372282367
2021-06-16,25.68186502167237,180.3930430036554
2021-06-17,42.11356261415788,180.97512025363608
2021-06-18,54.37910670335444,180.7942706296852
2021-06-19,73.74109751671901,180.63958585129603
2021-06-20,28.535751367392525,179.274411667307
2021-06-21,24.493709132947544,180.06412295850566
2021-06-22,96.43067600450266,178.29912425347067
2021-06-23,56.81711725320955,178.99446961228094
2021-06-24,52.30030811515275,179.9244747827775
2021-06-25,88.96956653933621,180.15705185802142
2021-06-26,74.03565713724657,180.07677952389375
2021-06-27,22.75300498620963,178.70839235734636
2021-06-28,49.49072581085073,179.542125701418
2021-06-29,62.112697145998204,179.59389203888617
2021-06-30,43.801315404591925,179.76367377093734
2021-07-01,29.822576192681783,178.8090975055563
2021-07-02,9.441915856902439,180.274824856991
2021-07-03,5.850822345131032,176.94702590075374
2021-07-04,67.57595649400055,180.32041977334342
2021-07-05,51.613339321733186,180.14219572188117
2021-07-06,46.863798147619285,180.26446340888307
2021-07-07,31.83084635868609,180.05314845722566
2021-07-08,51.27589398814686,180.19755474490935
2021-07-09,66.95135540686826,180.06696740496457
2021-07-10,75.39887428918898,180.03399908571728
2021-07-11,92.15810747634411,179.66590793768071
2021-07-12,115.71050134325337,180.0608207564179
2021-07-13,70.03327472933422,180.0584659451761
2021-07-14,41.582075594883534,179.37308703565228
2021-07-15,34.73667461177796,179.0014553753559
2021-07-16,40.088057430621824,178.42311848032654
2021-07-17,69.6931624811839,178.6957439005975
2021-07-18,46.99332379387381,178.39034198090468
2021-07-19,55.34167405037952,178.4479852347377
2021-07-20,60.49197277449021,178.48803602796283
2021-07-21,60.94997040948746,178.91548649916334
2021-07-22,49.01033365162325,177.8828020197302
2021-07-23,22.43441149650375,180.04459249357873
2021-07-24,25.123306111487302,179.7042535436396
2021-07-25,45.554736231253344,180.08933467668905
2021-07-26,36.862194954697216,178.9169197853882
2021-07-27,58.2572668542695,177.79585207216158
2021-07-28,109.57594686224421,177.6257487124143
2021-07-29,73.12520301576765,182.4901392014608
2021-07-30,50.45435226930803,181.13076547815814
2021-07-31,69.51712412335756,180.10474771748207
2021-08-01,47.38205207549484,177.31580383918705
2021-08-02,47.644406404248784,177.89310809976422
2021-08-03,31.68322587922264,178.9386675318075
2021-08-04,53.79577539224964,180.08565614961614
2021-08-05,31.553278268089382,180.09269422364065
2021-08-06,12.888099194070236,177.96322394559573
2021-08-07,11.90790088282563,179.88690872558223
2021-08-08,6.450446791042408,177.18821970258537
2021-08-09,38.84277516321923,180.50682522899697
2021-08-10,52.91763749608463,180.29272203458927
2021-08-11,24.989656836733758,178.01889909990635
2021-08-12,89.09151729570256,177.92905853013355
2021-08-13,82.55886020194946,178.1049528272219
2021-08-14,76.7386470746314,178.40887425815745
2021-08-15,30.017092267045093,178.87132030898886
2021-08-16,28.638893330765473,179.09897826307508
2021-08-17,76.94522575316927,177.86364407795304
2021-08-18,74.39256406072427,178.4505797467243
2021-08-19,58.69996471315264,179.09788169135103
2021-08-20,41.05452209258232,177.78483102021173
2021-08-21,23.571965709381477,179.91185480867915
2021-08-22,50.36344242182295,180.19677682976373
2021-08-23,8.796020926250629,178.2239155539847
2021-08-24,49.74252890060406,180.7835396691369
2021-08-25,75.85684210394695,181.0076057330689
2021-08-26,104.95217772415715,180.59669344356388
2021-08-27,123.2680885298513,180.43054563551172
2021-08-28,33.644058161813625,179.68779470378755
2021-08-29,58.50184720980014,178.11639045100182
2021-08-30,124.68421213143293,177.94010717600122
2021-08-31,151.21468574885705,177.5714238545718
2021-09-01,40.776998210474304,178.31687164266793
2021-09-02,35.77925115292641,180.3295441490314
2021-09-03,47.65069454845475,179.61039971139522
2021-09-04,102.76515557986644,178.0268902009716
2021-09-05,137.44794774557843,177.43959951523718
2021-09-06,133.21598810836235,183.1062738224547
2021-09-07,91.99124456658184,180.41991728260143
2021-09-08,140.83457933199955,180.14180811854982
2021-09-09,123.50016248053151,180.10930055802103
2021-09-10,94.91319321399465,180.08750669313372
2021-09-11,80.03482773680025,180.07076354974473
2021-09-12,42.83278970921804,179.77956422679506
2021-09-13,97.94101270858722,178.08454632382242
2021-09-14,140.76117023712453,177.9774423293875
2021-09-15,67.4690312618652,178.04702487645355
2021-09-16,92.23795575521568,177.26055793044867
2021-09-17,80.00221678524869,177.96587716168648
2021-09-18,118.02947752063427,177.99625619108622
2021-09-19,73.02739274948436,177.98409092380015
2021-09-20,60.94077238016983,180.98881954637454
2021-09-21,25.607217310166305,179.76459545608623
2021-09-22,82.22772090385104,178.5116131732024
2021-09-23,79.00832709944929,178.65872894264686
2021-09-24,126.72816353872162,178.62581163492118
2021-09-25,151.76098361201912,178.10366775454364
2021-09-26,89.71629437970594,177.76611514566952
2021-09-27,86.04103232556089,177.43214104332492
2021-09-28,46.58641704980339,180.80145363200614
2021-09-29,92.40785467552799,180.33210995249695
2021-09-30,114.50062734858423,180.36208131159262
2021-10-01,54.2159546737025,177.92267265109882
2021-10-02,106.70124053887099,180.0571986968032
2021-10-03,50.93363428335895,177.61969183794224
2021-10-04,254.65791901778476,177.55746698327997
2021-10-05,248.30307380314116,177.44074542751773
2021-10-06,186.10126735836425,177.18521117802052
2021-10-07,100.5653353736022,177.60811700580825
2021-10-08,69.64743409860613,177.97807149837368
2021-10-09,83.68484688361143,182.90499554329762
2021-10-10,206.44698841319547,177.04867104178928
2021-10-11,110.1274532921633,177.76400209792126
2021-10-12,102.93818041874816,178.0491056354021
2021-10-13,44.284208760748164,177.94550374303054
2021-10-14,81.57728196744206,176.9852616848238
2021-10-15,192.51775334069447,177.24695728393522
2021-10-16,139.51122245560734,177.38336436444368
2021-10-17,186.70681813641897,180.3482055108921
2021-10-18,47.39085711487819,180.1444627563766
2021-10-19,114.83497176711192,177.96228331541286
2021-10-20,81.96108757346053,180.6360152373754
2021-10-21,91.44532451641814,182.21908184932934
2021-10-22,65.26196326686659,178.04362047682324
2021-10-23,41.83810213318287,179.98966447621996
2021-10-24,135.35586676422156,180.38500294784964
2021-10-25,182.29276110936758,180.29012521600308
2021-10-26,19.415717693488705,177.35286478970136
2021-10-27,17.3596973776686,179.9828154961075
2021-10-28,104.34231402531702,180.0041109868214
2021-10-29,116.37722923429874,180.41707050125513
2021-10-30,50.686833483839294,180.69575282720274
2021-10-31,138.86196838005293,177.7668965999148
2021-11-01,91.36316738825671,178.84818661498005
2021-11-02,159.93649196433697,180.3598802844357
2021-11-03,156.14376986507213,180.3534318769341
2021-11-04,126.69423298480777,179.937482632449
2021-11-05,68.66595199179442,179.00116400710604
2021-11-06,71.19711724842027,176.95667354963922
2021-11-07,249.0065614005895,182.57286777429252
2021-11-08,167.18264934559357,181.73532494092012
2021-11-09,133.72881411895222,181.9357646509398
2021-11-10,113.67913306473169,182.4272856202866
2021-11-11,88.73564869592434,181.9622011853413
2021-11-12,106.51554377234126,180.6715612247636
2021-11-13,104.37329439022665,180.72677341749494
2021-11-14,70.65274375786186,180.21964904410103
2021-11-15,112.76162394230049,177.81759809685292
2021-11-16,33.583308799507165,179.52199909754003
2021-11-17,176.82799923870147,180.39945074639652
2021-11-18,135.7189971059237,180.1744021992586
2021-11-19,96.36312994635084,177.92253242032294
2021-11-20,94.16830243347304,176.86018995172856
2021-11-21,220.0160042197342,182.40889950062643
2021-11-22,81.99105478819193,181.9833285994549
2021-11-23,173.67551094670182,180.45378469250215
2021-11-24,83.31323996803197,180.66751264635636
2021-11-25,34.93737104346063,181.14641600732534
2021-11-26,66.33354820866337,178.57865023794278
2021-11-27,163.5177561220032,179.99491144273478
2021-11-28,109.02289426610155,179.99704965003158
2021-11-29,117.60893923886191,182.57309683285834
2021-11-30,166.47803976906437,182.62571284019924
2021-12-01,138.2407559760327,180.75424475475936
2021-12-02,86.816371772941,181.36972961186532
2021-12-03,120.76867659791333,180.7375704905044
2021-12-04,182.09193591520153,180.2685424956951
2021-12-05,201.43589696264868,180.30241808703016
2021-12-06,172.79056579315375,177.58780374046896
2021-12-07,61.665018392950344,178.89705897131137
2021-12-08,113.57909886134068,180.17238296996092
2021-12-09,62.77810261865286,180.98732385561078
2021-12-10,36.09185705212981,178.07443406188472
2021-12-11,92.72222231089255,177.21584089631162
2021-12-12,66.2631070485758,177.375232218375
2021-12-13,207.53717713800626,180.30823934749353
2021-12-14,104.13956833369416,180.46889545778293
2021-12-15,51.84093781611015,181.06102484034506
2021-12-16,176.07789826376697,177.33163979247996
2021-12-17,68.435286181913,180.70890254417031
2021-12-18,155.66238357494552,180.8841281321706
2021-12-19,177.3193754291627,180.50993293723423
2021-12-20,103.44628586380287,180.4907450882538
2021-12-21,47.64922240512411,179.78537113059704
2021-12-22,100.72582787297256,177.7741752085037
2021-12-23,194.04697684438952,177.70355476385635
2021-12-24,203.37031821855643,177.59932675528742
2021-12-25,137.99165639537907,182.98840130238054
2021-12-26,157.98058705265527,181.29703001658083
2021-12-27,222.69733090416113,180.49699332611488
2021-12-28,137.40471652985835,180.76682553973598
2021-12-29,54.29644937052809,181.69069523909067
2021-12-30,45.521676258182424,181.15426258078682
2021-12-31,217.52411674567847,180.24725903898027
2022-01-01,50.45033672746802,177.66535087487247
2022-01-02,103.59367694695757,179.81361053918536
2022-01-03,80.15947517283755,178.15561938759976
2022-01-04,72.4356077493579,178.84609817219248
2022-01-05,44.09718959251018,182.07845205590183
2022-01-06,26.593692373871946,177.55937505872416
2022-01-07,156.60965652555888,180.66986024280473
2022-01-08,36.23679676548514,180.7254425810619
2022-01-09,32.52739460167847,180.4089653934182
2022-01-10,105.51836848302574,177.60310956362352
2022-01-11,113.21018171846833,180.10190301352088
2022-01-12,92.5418325772693,183.0807279646795
2022-01-13,125.34943637935967,180.28539328939453
2022-01-14,218.6038589414331,180.2620994691349
2022-01-15,119.09262758759255,177.6337567787323
2022-01-16,52.683409285586954,178.2444946981351
2022-01-17,63.56038705828473,179.44132778305442
2022-01-18,88.48214501533842,180.14702026829644
2022-01-19,198.03633279099293,178.04448507374698
2022-01-20,100.92524260619837,178.38669614143515
2022-01-21,63.26661679331715,177.91339505183475
2022-01-22,129.3258458286582,177.5783012655925
2022-01-23,160.17971214788898,177.7022489572416
2022-01-24,39.33398062926775,177.967936657629
2022-01-25,48.564782005161184,177.7043370280812
2022-01-26,135.56698764056475,177.8522822701324
2022-01-27,110.12806634930028,177.88126705445768
2022-01-28,37.54339843737917,177.6175958509848
2022-01-29,14.936493976665204,178.64683940100812
2022-01-30,127.49838894895039,180.74906313573518
2022-01-31,119.65603712170898,182.77448089220556
2022-02-01,48.83429944674521,177.9822656982417
2022-02-02,33.19772923620934,180.20489772459112
2022-02-03,74.2116103568582,178.1803943152177
2022-02-04,88.40017475666941,177.41963815692404
2022-02-05,57.31753035722,181.84684690204216
2022-02-06,16.197351171888602,181.1659499982344
2022-02-07,31.115278486003106,181.6210337116826
2022-02-08,134.61357720048008,180.57003534191094
2022-02-09,164.2662175536642,180.3587332465727
2022-02-10,139.890523309404,180.475243522934
2022-02-11,48.059767443866605,178.91871879702128
2022-02-12,61.80145254863325,178.05022433272146
2022-02-13,63.10557947968547,182.9627317272261
2022-02-14,126.02773216470489,177.66464158060268
2022-02-15,123.30750161905138,178.07552095904154
2022-02-16,160.11294642469937,178.01008494923678
2022-02-17,78.58544801721308,179.4838358913276
2022-02-18,66.93324451931085,176.933767954122
2022-02-19,86.87861422687071,182.47642416624524
2022-02-20,84.84584325387227,181.0479816725345
2022-02-21,115.58353106020701,177.886562800031
2022-02-22,83.08963732585863,177.93096494201438
2022-02-23,111.23075059702205,180.34073676066026
2022-02-24,222.0066826992027,180.37034944287234
2022-02-25,208.17916506155208,180.43373111422417
2022-02-26,26.377437091371288,180.44431295534744
2022-02-27,203.23519868325644,180.15856587892947
2022-02-28,59.74887866144232,182.51763126608657
2022-03-01,68.24495669190343,180.87422327166095
2022-03-02,103.59966826304206,180.47723363089784
2022-03-03,134.72382323021208,180.5901635037513
2022-03-04,63.70546814864267,177.31498899453817
2022-03-05,84.58978138511083,178.6486846541783
2022-03-06,196.56423911304535,180.30597945782628
2022-03-07,56.555833900608306,180.0521512261599
2022-03-08,124.65616910657171,180.10679911979088
2022-03-09,127.46110089865257,180.12635868295982
2022-03-10,108.72256703999061,180.02957675385832
2022-03-11,80.72412096961841,178.32445703673443
2022-03-12,1.8812012795641517,180.99529744094707
2022-03-13,34.95987917152606,177.32612833226366
2022-03-14,78.53949134689996,180.07351563856534
2022-03-15,104.0704664241457,180.19949051430288
2022-03-16,263.1436879359176,177.85577617472495
2022-03-17,168.8714985614538,177.6934270075169
2022-03-18,63.54228656222791,177.27162077491454
2022-03-19,74.93485730942369,177.9958854152326
2022-03-20,84.54145529124155,180.18904529835248
2022-03-21,88.04061431673978,177.90903879647294
2022-03-22,102.69329015010283,180.56682933540122
2022-03-23,182.81421171246296,180.3545993038993
2022-03-24,82.71190301349623,179.91743602850158
2022-03-25,105.84947294961931,183.13481857942568
2022-03-26,55.74324050240591,181.70632371640207
2022-03-27,46.00510682172773,178.99644224004354
2022-03-28,233.04345778581597,180.02154620048412
2022-03-29,41.29511446915559,179.95679081890376
2022-03-30,163.20934942467505,177.8163004351068
2022-03-31,105.43631994898097,177.80198541889246
2022-04-01,152.15705796253863,180.1903044417134
2022-04-02,44.67487601609565,180.37664384488284
2022-04-03,200.5160010912264,180.17731901316247
2022-04-04,262.74981900085334,180.1951138680191
2022-04-05,100.21209661729668,178.26073283387674
2022-04-06,123.29479646421115,177.6156293080163
2022-04-07,118.58000035228415,180.27564004147004
2022-04-08,163.2316215047677,180.18476778673448
2022-04-09,129.9487724647523,180.1827597964192
2022-04-10,130.80583362763272,180.1398718535123
2022-04-11,41.18063943017713,177.49872819806754
2022-04-12,157.3753410408759,177.85139183320706
2022-04-13,126.02326273355195,178.13431154699606
2022-04-14,149.07073524630786,177.4513807956546
2022-04-15,52.92829338076299,177.24616434253625
2022-04-16,118.61703371262952,180.77638625259226
2022-04-17,140.48780336207295,180.11661967239726
2022-04-18,10.2308217553345,180.0731436687293
2022-04-19,155.3132278901616,180.3541674695385
2022-04-20,160.81374429646422,180.26286127904044
2022-04-21,68.49678517862607,180.35731750604302
2022-04-22,39.6825165206724,178.6740301839527
2022-04-23,153.06657393760187,180.32407066652186
2022-04-24,90.84223239045821,180.25028412718208
2022-04-25,41.45449814279262,179.87956748082507
2022-04-26,139.22404486903642,177.81600130961132
2022-04-27,165.87196329796143,178.05424056273375
2022-04-28,88.89609074344607,177.77602893487125
2022-04-29,39.96536663287834,181.25888851338058
2022-04-30,45.35287409707643,181.1848656794498
2022-05-01,110.16161948670101,180.88967874937515
2022-05-02,68.43467733489821,179.93732671050554
2022-05-03,199.6333290973529,180.32151961193597
2022-05-04,199.29119056136196,180.29805364226385
2022-05-05,186.29594976972166,180.1380351399964
2022-05-06,170.465849996141,177.66691390470393
2022-05-07,170.1514270517156,178.00915966370098
2022-05-08,130.47331797131767,177.81181394540604
2022-05-09,7.85392265526871,178.8671487891264
2022-05-10,52.333587901766776,180.10323248614225
2022-05-11,82.91105593652848,178.07984938811634
2022-05-12,98.61281965381137,177.51296359520157
2022-05-13,63.821062062021625,181.46422359393404
2022-05-14,42.41519030771982,181.09715904207
2022-05-15,125.36072063215497,180.66826228208967
2022-05-16,83.97949197487888,180.45718418799362
2022-05-17,153.4546807128693,180.49934056730467
2022-05-18,55.418805029701616,180.12035562357192
2022-05-19,114.41968455718201,180.70259118161917
2022-05-20,101.11912721400225,180.59602210893826
2022-05-21,121.41646040294843,180.4457692055125
2022-05-22,111.00557716953057,180.28185454078795
2022-05-23,84.8847460255532,180.02377342799355
2022-05-24,100.44001810046936,180.31087373397477
2022-05-25,50.70599344318118,177.88659104677566
2022-05-26,106.48083939578038,180.84051616815702
2022-05-27,93.64853213908481,180.58865366215997
2022-05-28,133.3233350454996,180.29181927254788
2022-05-29,26.103753088256738,178.01790377150277
2022-05-30,88.64424847462207,180.50742210167854
2022-05-31,89.22544642497216,180.2955245118
2022-06-01,52.10644784341735,177.93545601640892
2022-06-02,26.637724203575548,179.55692484515842
2022-06-03,88.00357968407775,180.05447484885465
2022-06-04,25.18181056602561,180.39943747632046
2022-06-05,32.83911414609114,182.66864993481994
2022-06-06,83.53576507311548,177.69909384931313
2022-06-07,79.83871186747955,178.74941971263175
2022-06-08,22.007491796950305,177.8196149508773
2022-06-09,31.432155675841848,180.74335413058256
2022-06-10,88.92806914904436,179.18113423511465
2022-06-11,107.04380747115175,179.987018167367
2022-06-12,112.25582882043444,180.18887765368336
2022-06-13,61.91451070742655,180.31312834534785
2022-06-14,22.214467552737002,177.09602612378382
2022-06-15,54.92622175256439,178.57418597558606
2022-06-16,59.238154808929984,179.39149267575294
2022-06-17,36.70018780847138,180.19074926734106
2022-06-18,63.795518265119334,180.22042942043507
2022-06-19,32.38879134257891,180.10036229717218
2022-06-20,60.687105399120384,180.2169043019336
2022-06-21,86.41835718422259,180.01091149907955
2022-06-22,59.969758907242245,180.51707613884955
2022-06-23,24.978959397514682,182.14209918929038
2022-06-24,33.240829720612965,179.5432422907003
2022-06-25,115.88668980722393,180.229713836313
2022-06-26,48.54275778449501,179.5680417775655
2022-06-27,44.946137721744954,180.75959658647417
2022-06-28,29.906720576077,177.21258572280752
2022-06-29,47.250126708508375,177.67450331816121
2022-06-30,27.97139711042409,177.64410342788372
2022-07-01,23.906518234123368,179.57891057608245
2022-07-02,50.09886492719802,179.46714806548093
2022-07-03,46.27873681451954,179.59512642430767
2022-07-04,56.406926869467995,179.8670317947142
2022-07-05,22.60429979107258,178.0345586262557
2022-07-06,64.82004748370287,183.00825702867004
2022-07-07,55.70798450268507,180.29967717013162
2022-07-08,78.63672251481988,180.21653480011284
2022-07-09,20.39517730243256,179.4897672683833
2022-07-10,47.60361902126784,177.0289168276241
2022-07-11,37.876925773920846,178.27282352835914
2022-07-12,55.96145456932224,181.40441080270622
2022-07-13,22.054000224657717,181.09311224482715
2022-07-14,20.79011230272192,177.35921313101795
2022-07-15,15.385288267190615,178.96916148192386
2022-07-16,9.459835089167894,178.0102512690513
2022-07-17,3.511467182974534,176.9617190224525
2022-07-18,16.44463236715402,180.46586933614344
2022-07-19,16.392759705688363,180.90017222177514
2022-07-20,11.757145740588092,179.74841497375695
2022-07-21,37.96057102073545,180.05493545412264
2022-07-22,60.5236692830756,177.9103982765788
2022-07-23,27.63428423006206,181.62704578299778
2022-07-24,90.33287529717639,180.18030461405024
2022-07-25,72.36131329171137,179.80536889737965
2022-07-26,23.864894497103762,178.81998027310266
2022-07-27,33.465126842205294,178.1482467299625
2022-07-28,10.14733179405163,180.91179082070292
2022-07-29,50.913542419804344,178.44886167269095
2022-07-30,29.21328262840388,178.27054140273523
2022-07-31,33.76738413426201,177.74288668836377
2022-08-01,34.22276071864029,178.7343592108242
2022-08-02,63.61435353101378,180.12372981635934
2022-08-03,73.72218912974886,180.0618097253824
2022-08-04,83.91003213717195,180.2570093406143
2022-08-05,81.80262018793252,180.31789165797196
2022-08-06,88.1285924332681,180.20431671158622
2022-08-07,60.601509356845554,180.2585792016282
2022-08-08,80.20515212410379,177.76136423409838
2022-08-09,114.90612011469787,177.5745537164177
2022-08-10,11.808618031267361,177.23804838337898
2022-08-11,18.77478156342052,179.88526991323823
2022-08-12,33.47466533530337,179.74957342598412
2022-08-13,28.675807405093042,178.21082354987934
2022-08-14,93.25127546214468,180.53743568525374
2022-08-15,36.54444223920399,177.33567785451515
2022-08-16,55.098414863774444,178.0004739562887
2022-08-17,50.09017224255867,179.43160950883814
2022-08-18,117.96814508617945,180.14385887543875
2022-08-19,50.50211918105179,177.54108838277503
2022-08-20,56.50856065889665,178.56991076692697
2022-08-21,98.03305157286222,179.97324193951408
2022-08-22,76.27964591727434,177.56604420407967
2022-08-23,96.06112103549486,178.18071852406138
2022-08-24,24.942921989526962,178.93654976478308
2022-08-25,83.9697030607169,180.4930867476545
2022-08-26,35.71893831180788,177.55832880759814
2022-08-27,61.72613976518434,178.5027506339802
2022-08-28,36.31899608495298,178.50119247203108
2022-08-29,24.02994216329192,177.73743636029565
2022-08-30,57.275878116791105,180.81102019313573
2022-08-31,38.576101810935405,181.60820546564594
2022-09-01,99.82733028821019,178.02425637323233
2022-09-02,91.48625196389057,178.06661066434756
2022-09-03,48.56182877472837,177.69117643751832
2022-09-04,41.74898064072657,180.21909507749504
2022-09-05,50.13762207713497,177.88711309095635
2022-09-06,35.855525837897105,181.91018191280784
2022-09-07,45.915137159990024,180.62581259865414
2022-09-08,91.7403596471482,180.36365116947198
2022-09-09,48.5351198217029,180.1233821321622
2022-09-10,20.405293650293892,177.37770680297638
2022-09-11,3.4156975168012917,179.55095225411534
2022-09-12,34.89885175721325,178.27606527204193
2022-09-13,124.32838797123985,177.78480839125007
2022-09-14,118.6983688405731,177.48638177506888
2022-09-15,126.33409055782897,177.22268552221092
2022-09-16,19.2063852951695,180.08215902154987
2022-09-17,46.688758446632164,180.16017703016058
2022-09-18,123.72082894050814,177.81718832722197
2022-09-19,123.29615123406796,177.81664236993325
2022-09-20,43.27588709226327,181.04264239444606
2022-09-21,152.12757434090963,180.26254932696773
2022-09-22,87.17595661256168,182.33788716259062
2022-09-23,42.32466104793177,181.61910474368605
2022-09-24,136.96543525786907,180.2396997287956
2022-09-25,139.3255593135234,180.21360018527437
2022-09-26,91.31146671236887,180.24926089794977
2022-09-27,85.06348958859284,180.36833884220988
2022-09-28,115.79702613673396,180.14708715240107
2022-09-29,142.72198171089337,180.13111408055875
2022-09-30,129.1906936412366,180.05697220213568
2022-10-01,49.34264667177624,178.11960799777998
2022-10-02,42.0647115292025,176.92611210734123
2022-10-03,232.31094105768682,177.29952950875335
2022-10-04,137.1456100329492,177.56378665350164
2022-10-05,63.62488111861555,177.42180602665485
2022-10-06,79.25632550156242,180.6966428699599
2022-10-07,193.66334539867205,180.2916800293773
2022-10-08,160.6888388424995,180.79896734567154
2022-10-09,232.43565177918765,182.43587326728942
2022-10-10,71.87361987207589,181.9458864245045
2022-10-11,108.56522014184226,180.2408569273064
2022-10-12,149.8767295619618,180.19720503498323
2022-10-13,84.2353096234594,180.43303168413553
2022-10-14,70.41417666016785,180.4216104313943
2022-10-15,55.20963189046177,180.47208466179265
2022-10-16,178.4723991901339,177.61728183792908
2022-10-17,75.97431904408901,182.96870252365926
2022-10-18,157.9209773732971,180.43545784222192
2022-10-19,219.89654511198532,180.1275142576424
2022-10-20,183.52271661266926,180.08405219559907
2022-10-21,120.6616793328377,180.5074746909714
2022-10-22,91.98646262540916,177.9055968218897
2022-10-23,35.182516167688405,179.22029058272875
2022-10-24,174.42582866579966,180.21074156073962
2022-10-25,211.9690904635863,180.13740768501182
2022-10-26,47.781544926946374,179.03015826986714
2022-10-27,180.8154721392096,178.10663413942308
2022-10-28,120.44551526265518,178.39708308138702
2022-10-29,48.362010982711695,178.7228396275716
2022-10-30,65.38046485601458,180.47916804676453
2022-10-31,82.89792009155153,178.15370905110342
2022-11-01,122.50888995999152,179.67576205532902
2022-11-02,83.1551345937339,179.9964094353598
2022-11-03,137.8322274751759,177.77372205224313
2022-11-04,47.05623155849445,181.3558597556185
2022-11-05,182.1837928484086,180.21485256042266
2022-11-06,140.66415601515604,180.12062938306872
2022-11-07,93.44699044618481,177.66519872315297
2022-11-08,100.74779741375977,179.96778922579327
2022-11-09,94.28338102610766,180.10146277410468
2022-11-10,26.995191052855223,178.34912134221432
2022-11-11,77.5852401342537,180.28235756516597
2022-11-12,182.9711555010192,177.21701663083348
2022-11-13,15.563705777371181,181.81135214853546
2022-11-14,174.0903776848788,180.49593722971915
2022-11-15,98.7046391819025,180.5029313667739
2022-11-16,178.42802977054234,180.2075467911482
2022-11-17,92.66763330797068,180.0760560915347
2022-11-18,9.724217503639808,182.308471778969
2022-11-19,53.13293728805932,180.8423607200877
2022-11-20,37.66155547768995,180.21986287643276
2022-11-21,176.47838037537835,177.85769946375024
2022-11-22,17.814649452973427,178.92771597875154
2022-11-23,176.93075987955535,180.3438064376429
2022-11-24,227.87923292373387,180.33137594760822
2022-11-25,88.37160376021814,177.6020532999283
2022-11-26,93.3957396692501,178.28302918690895
2022-11-27,74.00903527162149,177.01040677404575
2022-11-28,189.08326015867343,177.10404599277237
2022-11-29,229.52426999644302,177.30350927485813
2022-11-30,52.05192538194642,181.74249036416626
2022-12-01,75.91226103948067,180.74031889374874
2022-12-02,189.15310829226596,180.31425585064494
2022-12-03,183.05645635454792,177.90853101829236
2022-12-04,36.35031023368292,179.07648905876928
2022-12-05,106.10378488749295,180.52949506658348
2022-12-06,122.49701737649904,180.64039151939818
2022-12-07,130.84303714394017,180.3817475434877
2022-12-08,7.886050626450298,177.15110838234116
2022-12-09,33.69353959088541,181.54233817577293
2022-12-10,179.40382247457404,177.00918956741774
2022-12-11,88.4372768070559,180.80863554627774
2022-12-12,127.785840851539,181.69276703907326
2022-12-13,91.57669921038448,182.7374499003912
2022-12-14,184.82382120862894,180.28588418354528
2022-12-15,202.83492325679322,177.62500046706364
2022-12-16,105.00367241721115,182.59424737272886
2022-12-17,168.69473462423446,181.61772356932255
2022-12-18,122.28309622089833,180.47767765561187
2022-12-19,58.42268341289317,179.0680659097033
2022-12-20,67.00721753256326,181.48277676615407
2022-12-21,79.90978664209464,177.06501464513912
2022-12-22,91.79186590112243,177.06773244054105
2022-12-23,106.93157224402486,177.17333184055246
2022-12-24,77.43572675063261,177.00326634657569
2022-12-25,6.03790844914309,177.2984739205322
2022-12-26,27.75636105874856,181.0588652433316
2022-12-27,25.689494353170605,183.1301278451573
2022-12-28,122.22383573241606,180.93550685756
2022-12-29,6.582975179929536,182.8393465376388
2022-12-30,157.33452832468333,180.47186824712387
2022-12-31,17.15852806051312,179.9609018124382
2023-01-01,117.41923917718505,178.14138530552518
2023-01-02,24.90547006327833,178.6506402126111
2023-01-03,139.11095500280805,180.44108923768326
2023-01-04,27.00884931736354,178.85845064076517
2023-01-05,167.48157156313061,180.60659034716704
2023-01-06,72.691817141873,181.6587470441718
2023-01-07,124.785071854074,179.96862349494825
2023-01-08,143.41009803688152,177.85653926400667
2023-01-09,167.2736257632534,178.29117500549816
2023-01-10,120.32701801460465,180.280512975896
2023-01-11,123.95187730216435,179.96918346539323
2023-01-12,40.09051989002846,182.828385851501
2023-01-13,206.33921304683867,177.51396815820388
2023-01-14,220.53735119134822,177.19974816582157
2023-01-15,83.7182156700518,182.12787921752883
2023-01-16,168.20724095820043,180.58984234907484
2023-01-17,45.88951957249674,181.72735497565873
2023-01-18,211.48560425244628,180.55835040433095
2023-01-19,96.8784631930691,176.87468693743668
2023-01-20,110.33258990136271,179.9395420914037
2023-01-21,99.23562372181466,180.42253634358661
2023-01-22,73.38111553716834,177.804501451447
2023-01-23,182.16732915242608,177.40525142888865
2023-01-24,61.52012316536814,180.90888829490723
2023-01-25,180.2687749380866,180.31776015968993
2023-01-26,99.4233614346681,182.88926090709217
2023-01-27,106.42473013457231,181.69232133985352
2023-01-28,135.86654290221708,180.73067234597963
2023-01-29,81.81213229709633,180.25339809594746
2023-01-30,172.259208129369,180.26605237925554
2023-01-31,87.67974726689961,177.29398007712453
2023-02-01,152.7053543317223,177.6101600868381
2023-02-02,76.77405615076678,180.2812952622446
2023-02-03,89.98736908650666,180.80411354043085
2023-02-04,134.4011965428733,180.27311454499534
2023-02-05,166.84888660390646,180.13430117076646
2023-02-06,113.62255330028871,177.97686628312846
2023-02-07,88.44438705543713,177.81657679634242
2023-02-08,145.39018842403183,178.27038683993595
2023-02-09,54.21763160349776,180.946710858284
2023-02-10,90.36779003194158,180.28857626860872
2023-02-11,37.82120977875927,178.76494395394005
2023-02-12,221.57120193279607,177.56723070071519
2023-02-13,129.12499109533317,177.27420821370407
2023-02-14,104.52643095518188,178.32260312102454
2023-02-15,91.39949783288336,179.94264435934386
2023-02-16,197.3069787857772,180.21311511422792
2023-02-17,82.24218193872088,179.84913805207663
2023-02-18,65.95055370793165,182.7889029721676
2023-02-19,78.93341192420328,181.29446122727904
2023-02-20,176.19631523015067,178.19458363914967
2023-02-21,125.17576782447868,180.150219937659
2023-02-22,208.96304987310037,180.3848076217943
2023-02-23,92.42743903119066,180.6906410559815
2023-02-24,162.06323577780717,177.9923781350651
2023-02-25,21.451843341144063,181.53526561805842
2023-02-26,214.0705281290391,180.20292723884327
2023-02-27,247.88078385874198,180.2177625960916
2023-02-28,68.92907619382092,177.38642545117497
2023-03-01,83.85658521806289,177.8421582487057
2023-03-02,227.07366987924004,180.40953785547003
2023-03-03,130.3717385309416,180.47306474133137
2023-03-04,67.51944314172619,180.2020630862195
2023-03-05,188.75312308575155,180.17728335509247
2023-03-06,31.700281796165076,179.33381790287936
2023-03-07,113.03389873937476,180.60777690595623
2023-03-08,0.8084536113879159,180.0246678917771
2023-03-09,159.32934637944362,180.47388071505205
2023-03-10,64.4180142254672,179.8432967251761
2023-03-11,212.26883217729832,177.45623326392732
2023-03-12,101.04374375702204,180.79020642923007
2023-03-13,225.8994099319959,180.3787391726742
2023-03-14,77.2422284061104,177.38591838905492
2023-03-15,94.4782437590729,178.0739703128541
2023-03-16,42.040357861680036,180.51807875872075
2023-03-17,89.67094048855472,181.00912874855806
2023-03-18,74.9991723556263,180.7858231075094
2023-03-19,145.64197279301058,180.26587575138464
2023-03-20,109.79801502645428,180.24575833849443
2023-03-21,81.11858833832473,180.36153850338002
2023-03-22,142.6770239177683,177.5156581425895
2023-03-23,163.0529498678798,178.00838394769264
2023-03-24,74.43769273981275,178.99626964110706
2023-03-25,59.087507852065194,177.65924337676657
2023-03-26,93.53511306661532,180.40899991074224
2023-03-27,63.98055143733086,179.61085286838454
2023-03-28,197.72833382927328,180.22122368338077
2023-03-29,165.6075669868298,180.2716064484526
2023-03-30,141.31027796405309,180.33225560275923
2023-03-31,131.448838747933,180.08154020061093
2023-04-01,114.3964638646976,179.8624933254598
2023-04-02,107.8543969838873,179.1947811785422
2023-04-03,167.14072849349037,178.0830082881351
2023-04-04,180.95884886462366,176.97221966057322
2023-04-05,14.536103638505615,181.27024023125466
2023-04-06,75.41088199819173,182.10570871764037
2023-04-07,108.15989064591052,182.1393581260843
2023-04-08,186.32575456430044,180.47259101313705
2023-04-09,181.87791846876314,180.3629491227192
2023-04-10,85.62119045283882,180.55825715229005
2023-04-11,16.10477151482174,178.45294935210626
2023-04-12,180.94285044239393,180.215692108045
2023-04-13,105.55965420270448,180.5808517204898
2023-04-14,32.31822322364267,177.53762433579425
2023-04-15,38.98349343769215,181.3692359456014
2023-04-16,59.743894477731075,179.68249860932167
2023-04-17,14.563747582085416,178.19571495110344
2023-04-18,90.56194353506122,178.01094523495888
2023-04-19,77.55028920766401,180.2116026621252
2023-04-20,217.19109157163322,177.72103543341566
2023-04-21,201.8719796327279,177.5052647108868
2023-04-22,120.16253644424597,177.48826495364972
2023-04-23,170.90306029074898,177.75856772772158
2023-04-24,49.493560427860494,180.6450921120422
2023-04-25,33.43398449498723,181.23175697899154
2023-04-26,169.1158695962471,180.1616458629724
2023-04-27,135.09523410086194,180.21265334714914
2023-04-28,113.03070087195694,182.17814578107604
2023-04-29,129.6679438938843,180.87645139808728
2023-04-30,71.85138531189197,180.31645768007056
2023-05-01,197.41764307720675,180.17810602670863
2023-05-02,126.30623447281754,179.87747217274702
2023-05-03,55.445375023998096,178.65254859082683
2023-05-04,72.16165640081849,177.03664011102757
2023-05-05,145.81363538472107,177.43018713631548
2023-05-06,166.40736211065934,177.30642116772708
2023-05-07,105.05165649670599,178.1089002777502
2023-05-08,64.83116163845229,180.69810401272989
2023-05-09,15.407625384911936,181.2254318204575
2023-05-10,26.985447880003512,183.12085683719047
2023-05-11,98.65366078614115,180.55934774023186
2023-05-12,118.17838278123827,180.1097854984006
2023-05-13,28.15409931910009,180.07012318401695
2023-05-14,88.94570929569296,180.41836103270805
2023-05-15,126.015669619145,180.2108043352408
2023-05-16,146.79633261718362,180.25035238064496
2023-05-17,43.42561431419087,177.5286605469001
2023-05-18,48.51172015875119,179.04069215396783
2023-05-19,140.79574959574245,180.25919423550218
2023-05-20,103.31456225004263,177.64193541826384
2023-05-21,31.318730262176004,181.51331700624235
2023-05-22,56.41521696075519,181.13195082068037
2023-05-23,102.14337947686005,180.4404225058243
2023-05-24,180.36301952894064,180.26680935133516
2023-05-25,135.21141079160384,180.09589654948516
2023-05-26,31.978809283667342,179.41355279805526
2023-05-27,103.9464864376298,177.76393804462785
2023-05-28,107.06814751013329,177.68379123656294
2023-05-29,89.85217236946613,177.74010750613763
2023-05-30,61.32428242478354,178.0728269964425
2023-05-31,31.896641635634865,181.01558192252483
2023-06-01,44.91518116482109,181.25423825612185
2023-06-02,39.33348713367274,177.71462729281828
2023-06-03,117.38625510012353,180.61231592212113
2023-06-04,115.23923278134848,180.66795743518338
2023-06-05,130.2720484492289,180.47379154090672
2023-06-06,36.37612133062213,180.3447233454487
2023-06-07,79.14435888389119,180.68214451914116
2023-06-08,27.83466555383553,180.11905079576476
2023-06-09,46.29570456178817,178.00220372632702
2023-06-10,32.4943737149011,177.90831772965853
2023-06-11,25.53824852736506,179.8310480347139
2023-06-12,3.3528150789292117,179.10530583637495
2023-06-13,24.77256946352779,178.0182809445766
2023-06-14,55.17050054173713,179.88252751618407
2023-06-15,86.59765887907032,180.15584352456622
2023-06-16,68.42645300020739,180.1475538329533
2023-06-17,81.47562073626118,180.1796936615815
2023-06-18,51.233085801708484,179.66682259962442
2023-06-19,36.412731469779445,177.77123718375023
2023-06-20,7.9132016248520305,181.7315898242191
2023-06-21,20.9153327749463,181.30847391127014
2023-06-22,74.1111404478029,180.4606378785032
2023-06-23,94.16872388221759,180.38437120792148
2023-06-24,69.09346880554935,179.452217010082
2023-06-25,54.655538281130305,178.6685837208361
2023-06-26,51.57230886834906,180.33343785142162
2023-06-27,79.55606755306111,180.18831335357646
2023-06-28,21.475074802991184,180.98431606264356
2023-06-29,11.557917437062596,178.52044240340587
2023-06-30,43.61431270095444,180.07256944529482
2023-07-01,71.70966565734454,180.01930938080386
2023-07-02,42.58339406899553,180.2545058818346
2023-07-03,41.79422741348872,180.13201179376696
2023-07-04,55.274879558631454,181.16012130276923
2023-07-05,119.82695749969623,180.4454753334001
2023-07-06,130.39118506030894,180.23321021845697
2023-07-07,66.85747508765384,180.19294495345648
2023-07-08,28.644351879257872,180.91522453032078
2023-07-09,26.043955268093267,180.26520883124692
2023-07-10,79.60159462701118,179.79911359301107
2023-07-11,46.62475860615519,179.44765189935717
2023-07-12,19.826075839725128,179.46006194343516
2023-07-13,38.91123648813864,181.76520231948092
2023-07-14,64.32008578142185,181.28138693803348
2023-07-15,55.07645473005372,182.88493587123023
2023-07-16,12.189973935550881,179.13111465720868
2023-07-17,60.57957576215958,178.78268125128864
2023-07-18,34.25142375844355,179.19516881769204
2023-07-19,69.00749127307009,180.1912836071129
2023-07-20,58.48493695101772,179.75566968958523
2023-07-21,13.653126647595082,178.47700491582737
2023-07-22,23.22780151563755,182.09557290306256
2023-07-23,33.10580866596634,180.2345027711519
2023-07-24,51.21770878583067,180.01624838730345
2023-07-25,50.502051301942615,179.97499384836385
2023-07-26,48.84815074784546,179.75214883040536
2023-07-27,52.52431822813844,179.45470135163194
2023-07-28,46.64376932492248,178.30769303648222
2023-07-29,106.4601404383884,178.36609971144054
2023-07-30,85.27148653411938,179.13997096131823
2023-07-31,89.74966552584166,179.58791146436002
2023-08-01,93.13540918260358,179.91905818710984
2023-08-02,93.8291886166679,180.23580051473877
2023-08-03,97.43249736541154,180.241515146242
2023-08-04,82.66006641684166,180.21683923732581
2023-08-05,25.89534575629625,177.2907663735312
2023-08-06,82.14501354370586,177.94046070386418
2023-08-07,56.49556985923712,178.1770243908263
2023-08-08,59.1049298638852,178.14649497071804
2023-08-09,79.91526258954003,177.79029528239298
2023-08-10,54.16682654316608,178.35758060929948
2023-08-11,57.35110318066021,180.12336155752863
2023-08-12,39.883513174521816,182.66269737972289
2023-08-13,44.7828232750625,177.88815370261548
2023-08-14,44.77846444827562,178.57446240058945
2023-08-15,45.917494890643454,179.12838223075087
2023-08-16,37.168537566315564,179.94717019928507
2023-08-17,12.068815439043195,178.88185729888957
2023-08-18,11.212001354735566,179.27290681619175
2023-08-19,34.83127449844036,179.47127594541382
2023-08-20,28.584800084282573,179.12800581634716
2023-08-21,7.570257425295876,182.62945923969488
2023-08-22,47.39693836199155,177.86893700409794
2023-08-23,51.78009237915088,177.94721691361627
2023-08-24,56.20393213968861,177.6139965200195
2023-08-25,64.6470785126087,178.22546211643157
2023-08-26,98.3906739892605,177.95426949006452
2023-08-27,119.46415120255949,177.29769228658324
2023-08-28,103.29991947305798,177.16362233795488
2023-08-29,23.35285686503036,177.4997753590938
2023-08-30,35.343125385484115,179.84217748420156
2023-08-31,97.78606533316481,180.22056151853658
2023-09-01,42.02602213365197,178.56978002763444
2023-09-02,69.18541449388903,180.29724117060363
2023-09-03,92.95757275817475,180.36431551302516
2023-09-04,31.243494512327395,179.57055110423067
2023-09-05,82.61051516811753,178.240476613447
2023-09-06,69.74491110251735,178.3636256047939
2023-09-07,37.0225778813212,180.18312516349962
2023-09-08,45.3242077047503,180.15671842098237
2023-09-09,41.83461111056155,178.02641009487468
2023-09-10,12.479365228470478,177.99628463188833
2023-09-11,16.296421276196426,177.13455326879745
2023-09-12,99.52838728800178,177.93436426413047
2023-09-13,80.79677788188559,178.23041363121703
2023-09-14,61.46141722639991,179.49277021228687
2023-09-15,71.8401479079296,180.20651112765503
2023-09-16,62.40128536545785,179.91105361827888
2023-09-17,99.25831644606237,180.1395012811337
2023-09-18,86.12732536223331,180.19645556986126
2023-09-19,136.61508323467848,177.3465520749147
2023-09-20,101.59190273928283,177.8889827766445
2023-09-21,92.06865283198522,180.52079810646742
2023-09-22,56.72826087931003,178.37948411887504
2023-09-23,114.90553347559519,178.1828369554712
2023-09-24,57.02142263278679,177.44583291634643
2023-09-25,15.896146807856546,181.84625314635602
2023-09-26,84.7431227224116,180.48485281072962
2023-09-27,60.13923112924309,180.72140994549437
2023-09-28,36.546709944584336,180.6104071383463
2023-09-29,98.70254244888322,180.63642208362336
2023-09-30,63.83103689072348,177.16811240534446
2023-10-01,73.01403817575765,180.33689159006684
2023-10-02,67.74419308853402,180.61539379016975
2023-10-03,91.45908332744995,180.52001226425648
2023-10-04,112.59291655329088,177.38145751697948
2023-10-05,69.7055466109434,177.9312522691106
2023-10-06,75.58031294655206,180.85545702587171
2023-10-07,94.131202880222,180.52988083680037
2023-10-08,65.62459469902566,181.24999922585533
2023-10-09,78.92456428144702,177.07567241212573
2023-10-10,29.383804790017496,177.58682453873084
2023-10-11,61.921705128420015,178.74850325435366
2023-10-12,97.46514796829716,180.46399396336557
2023-10-13,45.852747230453595,180.49303150894488
2023-10-14,45.44849238588478,180.74125624214773
2023-10-15,82.29057752642562,178.38544120346364
2023-10-16,82.34230191462333,179.53500539408705
2023-10-17,149.06095803439143,180.3297616324518
2023-10-18,82.29653225087196,183.0286872423754
2023-10-19,157.48701978888354,177.16257560693518
2023-10-20,64.29107344007468,181.84950418484084
2023-10-21,153.80988141186083,180.3313519770156
2023-10-22,187.03410220970844,180.23501721304717
2023-10-23,197.9224472073433,180.18596638379148
2023-10-24,138.3589981643795,180.4472560862329
2023-10-25,45.8770664942987,180.8123943565005
2023-10-26,115.91565754908913,178.29948846519014
2023-10-27,153.32062894512188,180.31705168368072
2023-10-28,152.8340336152506,180.05424826430448
2023-10-29,183.7417820052113,180.1533229092853
2023-10-30,115.84316474796087,180.3608538514809
2023-10-31,158.2638288214936,180.34869012332655
2023-11-01,149.06042495711728,180.28183174785042
2023-11-02,12.71179786269792,176.97790485023768
2023-11-03,95.636943148726,178.28225365477928
2023-11-04,69.72528067476495,178.28429216249725
2023-11-05,164.51911575064656,182.46194453878482
2023-11-06,77.91903236417329,181.6997114567393
2023-11-07,175.71731117090832,180.03231129953866
2023-11-08,16.46874828956472,181.9735332172319
2023-11-09,230.8006855885591,177.49798802916897
2023-11-10,136.1792955009989,177.42367510141935
2023-11-11,83.70950999360173,183.0863444719347
2023-11-12,105.40124032126828,177.04514976480553
2023-11-13,135.67585262386632,180.40349080867122
2023-11-14,131.9843882419866,180.53289335603577
2023-11-15,116.87544241737925,181.2777702175996
2023-11-16,125.59514796701137,181.99241603098267
2023-11-17,81.97126939811217,182.96601842720972
2023-11-18,193.3844505169632,180.4071992864287
2023-11-19,50.347205982731175,178.71849861269766
2023-11-20,209.22256750211974,180.13423972450244
2023-11-21,137.2633400314519,180.3102617594299
2023-11-22,104.82933418080981,182.13340189658282
2023-11-23,182.80341208662193,183.06551357999786
2023-11-24,103.08933619861759,178.32435259894345
2023-11-25,57.90364832930855,180.32727374017904
2023-11-26,93.74228110716835,180.52839907822843
2023-11-27,68.22045741208343,177.32054648164242
2023-11-28,98.41669009884691,177.98135795566654
2023-11-29,119.77343572625745,177.19655126177688
2023-11-30,84.01805755603557,181.59966625231723
2023-12-01,130.4953086999646,180.6217788425623
2023-12-02,25.503458259697386,178.47799782297952
2023-12-03,208.45406360807027,180.26451443655648
2023-12-04,63.222747828098726,180.20062196216205
2023-12-05,68.9511064379508,181.12377405732613
2023-12-06,114.97906928218164,180.554674880372
2023-12-07,131.16010048718073,180.26658212901276
2023-12-08,67.76427067881174,179.96931709529733
2023-12-09,265.9835796023901,177.905676011029
2023-12-10,264.076808919861,177.63018969133742
2023-12-11,150.76021214927587,177.3677355705285
2023-12-12,62.57719807534775,178.62312225563937
2023-12-13,138.4673599505584,177.77279659403231
2023-12-14,248.806165478451,177.30389535782365
2023-12-15,167.83385619146884,182.79766481999482
2023-12-16,107.81103395954733,182.4360857682433
2023-12-17,74.85623505661887,180.05998726145256
2023-12-18,145.63048655215383,180.48150453377167
2023-12-19,165.20689640160444,177.20935933308144
2023-12-20,113.29989164384875,182.8348491308777
2023-12-21,117.554747299829,182.06772144826957
2023-12-22,133.21615506146887,180.59666607577898
2023-12-23,76.29774404780808,181.98767039476482
2023-12-24,122.98830260007963,181.0739266942143
2023-12-25,210.60873510275493,180.2682039738509
2023-12-26,170.9690360684705,177.8880358382988
2023-12-27,45.23561410940731,177.32345147847477
2023-12-28,14.51012038445591,179.55046048614432
2023-12-29,140.3091491449567,180.22588236721367
2023-12-30,73.36604481776467,182.5285949640234
2023-12-31,95.9393444501153,178.00074893136156
